INSERT INTO address (id,city,country,line1,line2,postal_code,province) VALUES
(1,'Arrecife','España','calle Galicia, 13','puerta 2','35500','Las Palmas'),
(2,'Las Palmas de Gran Canaria','España','calle Magdalena, 14',null,'35018','Las Palmas'),
(3,'LOllería','España','avenida Diputación, 35','piso 3, puerta 8','46850','Valencia'),
(4,'Wrocław','Poland','Pawła Włodkowica 11',null,'50-072',null),
(5,'Beşiktaş/İstanbul','Turkey','Kalıpçı Sokağı No:36',null,'34357','Muradiye'),
(6,'Porto','Portugal','Travessa da Regeneração, 206',null,'4000-410',null);

INSERT INTO shipping_info (id,carrier,name,phone,tracking_number,address_id) VALUES (1,'carrier','name','phone','tracking_number',3),(2,'carrier','name','phone','tracking_number',6),(3,'carrier','name','phone','tracking_number',4),(4,'carrier','name','phone','tracking_number',4),(5,'carrier','name','phone','tracking_number',4),(6,'carrier','name','phone','tracking_number',6),(7,'carrier','name','phone','tracking_number',4),(8,'carrier','name','phone','tracking_number',5),(9,'carrier','name','phone','tracking_number',6),(10,'carrier','name','phone','tracking_number',4),(11,'carrier','name','phone','tracking_number',4),(12,'carrier','name','phone','tracking_number',5),(13,'carrier','name','phone','tracking_number',6),(14,'carrier','name','phone','tracking_number',5),(15,'carrier','name','phone','tracking_number',4),(16,'carrier','name','phone','tracking_number',1),(17,'carrier','name','phone','tracking_number',6),(18,'carrier','name','phone','tracking_number',1),(19,'carrier','name','phone','tracking_number',2),(20,'carrier','name','phone','tracking_number',5),(21,'carrier','name','phone','tracking_number',5),(22,'carrier','name','phone','tracking_number',4),(23,'carrier','name','phone','tracking_number',2),(24,'carrier','name','phone','tracking_number',3),(25,'carrier','name','phone','tracking_number',4),(26,'carrier','name','phone','tracking_number',6),(27,'carrier','name','phone','tracking_number',3),(28,'carrier','name','phone','tracking_number',5),(29,'carrier','name','phone','tracking_number',3),(30,'carrier','name','phone','tracking_number',2),(31,'carrier','name','phone','tracking_number',5),(32,'carrier','name','phone','tracking_number',1),(33,'carrier','name','phone','tracking_number',4),(34,'carrier','name','phone','tracking_number',1),(35,'carrier','name','phone','tracking_number',4),(36,'carrier','name','phone','tracking_number',4),(37,'carrier','name','phone','tracking_number',5),(38,'carrier','name','phone','tracking_number',3),(39,'carrier','name','phone','tracking_number',3),(40,'carrier','name','phone','tracking_number',5),(41,'carrier','name','phone','tracking_number',5),(42,'carrier','name','phone','tracking_number',5),(43,'carrier','name','phone','tracking_number',1),(44,'carrier','name','phone','tracking_number',5),(45,'carrier','name','phone','tracking_number',2),(46,'carrier','name','phone','tracking_number',6),(47,'carrier','name','phone','tracking_number',4),(48,'carrier','name','phone','tracking_number',2),(49,'carrier','name','phone','tracking_number',2),(50,'carrier','name','phone','tracking_number',3),(51,'carrier','name','phone','tracking_number',2),(52,'carrier','name','phone','tracking_number',4),(53,'carrier','name','phone','tracking_number',4),(54,'carrier','name','phone','tracking_number',6),(55,'carrier','name','phone','tracking_number',4),(56,'carrier','name','phone','tracking_number',4),(57,'carrier','name','phone','tracking_number',4),(58,'carrier','name','phone','tracking_number',1),(59,'carrier','name','phone','tracking_number',3),(60,'carrier','name','phone','tracking_number',5),(61,'carrier','name','phone','tracking_number',5),(62,'carrier','name','phone','tracking_number',4),(63,'carrier','name','phone','tracking_number',4),(64,'carrier','name','phone','tracking_number',2),(65,'carrier','name','phone','tracking_number',1),(66,'carrier','name','phone','tracking_number',5),(67,'carrier','name','phone','tracking_number',3),(68,'carrier','name','phone','tracking_number',6),(69,'carrier','name','phone','tracking_number',3),(70,'carrier','name','phone','tracking_number',6),(71,'carrier','name','phone','tracking_number',2),(72,'carrier','name','phone','tracking_number',6),(73,'carrier','name','phone','tracking_number',3),(74,'carrier','name','phone','tracking_number',2),(75,'carrier','name','phone','tracking_number',4),(76,'carrier','name','phone','tracking_number',3),(77,'carrier','name','phone','tracking_number',5),(78,'carrier','name','phone','tracking_number',3),(79,'carrier','name','phone','tracking_number',3),(80,'carrier','name','phone','tracking_number',4),(81,'carrier','name','phone','tracking_number',5),(82,'carrier','name','phone','tracking_number',3),(83,'carrier','name','phone','tracking_number',6),(84,'carrier','name','phone','tracking_number',2),(85,'carrier','name','phone','tracking_number',1),(86,'carrier','name','phone','tracking_number',6),(87,'carrier','name','phone','tracking_number',1),(88,'carrier','name','phone','tracking_number',5),(89,'carrier','name','phone','tracking_number',3),(90,'carrier','name','phone','tracking_number',3),(91,'carrier','name','phone','tracking_number',3),(92,'carrier','name','phone','tracking_number',3),(93,'carrier','name','phone','tracking_number',4),(94,'carrier','name','phone','tracking_number',3),(95,'carrier','name','phone','tracking_number',3),(96,'carrier','name','phone','tracking_number',3),(97,'carrier','name','phone','tracking_number',4),(98,'carrier','name','phone','tracking_number',2),(99,'carrier','name','phone','tracking_number',3),(100,'carrier','name','phone','tracking_number',4),(101,'carrier','name','phone','tracking_number',4),(102,'carrier','name','phone','tracking_number',1),(103,'carrier','name','phone','tracking_number',3),(104,'carrier','name','phone','tracking_number',5),(105,'carrier','name','phone','tracking_number',3),(106,'carrier','name','phone','tracking_number',5),(107,'carrier','name','phone','tracking_number',5),(108,'carrier','name','phone','tracking_number',3),(109,'carrier','name','phone','tracking_number',3),(110,'carrier','name','phone','tracking_number',5),(111,'carrier','name','phone','tracking_number',5),(112,'carrier','name','phone','tracking_number',5),(113,'carrier','name','phone','tracking_number',5),(114,'carrier','name','phone','tracking_number',6),(115,'carrier','name','phone','tracking_number',4),(116,'carrier','name','phone','tracking_number',4),(117,'carrier','name','phone','tracking_number',4),(118,'carrier','name','phone','tracking_number',1),(119,'carrier','name','phone','tracking_number',5),(120,'carrier','name','phone','tracking_number',5),(121,'carrier','name','phone','tracking_number',3),(122,'carrier','name','phone','tracking_number',2),(123,'carrier','name','phone','tracking_number',4),(124,'carrier','name','phone','tracking_number',3),(125,'carrier','name','phone','tracking_number',4),(126,'carrier','name','phone','tracking_number',3),(127,'carrier','name','phone','tracking_number',2),(128,'carrier','name','phone','tracking_number',2),(129,'carrier','name','phone','tracking_number',3),(130,'carrier','name','phone','tracking_number',2),(131,'carrier','name','phone','tracking_number',3),(132,'carrier','name','phone','tracking_number',3),(133,'carrier','name','phone','tracking_number',2),(134,'carrier','name','phone','tracking_number',2),(135,'carrier','name','phone','tracking_number',4),(136,'carrier','name','phone','tracking_number',1),(137,'carrier','name','phone','tracking_number',5),(138,'carrier','name','phone','tracking_number',5),(139,'carrier','name','phone','tracking_number',6),(140,'carrier','name','phone','tracking_number',2),(141,'carrier','name','phone','tracking_number',3),(142,'carrier','name','phone','tracking_number',5),(143,'carrier','name','phone','tracking_number',5),(144,'carrier','name','phone','tracking_number',3),(145,'carrier','name','phone','tracking_number',6),(146,'carrier','name','phone','tracking_number',6),(147,'carrier','name','phone','tracking_number',5),(148,'carrier','name','phone','tracking_number',2),(149,'carrier','name','phone','tracking_number',2),(150,'carrier','name','phone','tracking_number',3),(151,'carrier','name','phone','tracking_number',1),(152,'carrier','name','phone','tracking_number',4),(153,'carrier','name','phone','tracking_number',2),(154,'carrier','name','phone','tracking_number',5),(155,'carrier','name','phone','tracking_number',2),(156,'carrier','name','phone','tracking_number',4),(157,'carrier','name','phone','tracking_number',2),(158,'carrier','name','phone','tracking_number',5),(159,'carrier','name','phone','tracking_number',1),(160,'carrier','name','phone','tracking_number',6),(161,'carrier','name','phone','tracking_number',3),(162,'carrier','name','phone','tracking_number',6),(163,'carrier','name','phone','tracking_number',5),(164,'carrier','name','phone','tracking_number',3),(165,'carrier','name','phone','tracking_number',6),(166,'carrier','name','phone','tracking_number',5),(167,'carrier','name','phone','tracking_number',2),(168,'carrier','name','phone','tracking_number',3),(169,'carrier','name','phone','tracking_number',3),(170,'carrier','name','phone','tracking_number',2),(171,'carrier','name','phone','tracking_number',5),(172,'carrier','name','phone','tracking_number',3),(173,'carrier','name','phone','tracking_number',4),(174,'carrier','name','phone','tracking_number',2),(175,'carrier','name','phone','tracking_number',4),(176,'carrier','name','phone','tracking_number',4),(177,'carrier','name','phone','tracking_number',5),(178,'carrier','name','phone','tracking_number',2),(179,'carrier','name','phone','tracking_number',5),(180,'carrier','name','phone','tracking_number',6),(181,'carrier','name','phone','tracking_number',1),(182,'carrier','name','phone','tracking_number',5),(183,'carrier','name','phone','tracking_number',5),(184,'carrier','name','phone','tracking_number',4),(185,'carrier','name','phone','tracking_number',2),(186,'carrier','name','phone','tracking_number',4),(187,'carrier','name','phone','tracking_number',5),(188,'carrier','name','phone','tracking_number',5),(189,'carrier','name','phone','tracking_number',3),(190,'carrier','name','phone','tracking_number',2),(191,'carrier','name','phone','tracking_number',2),(192,'carrier','name','phone','tracking_number',2),(193,'carrier','name','phone','tracking_number',4),(194,'carrier','name','phone','tracking_number',3),(195,'carrier','name','phone','tracking_number',6),(196,'carrier','name','phone','tracking_number',5),(197,'carrier','name','phone','tracking_number',3),(198,'carrier','name','phone','tracking_number',5),(199,'carrier','name','phone','tracking_number',2),(200,'carrier','name','phone','tracking_number',2),(201,'carrier','name','phone','tracking_number',5),(202,'carrier','name','phone','tracking_number',3),(203,'carrier','name','phone','tracking_number',5),(204,'carrier','name','phone','tracking_number',2),(205,'carrier','name','phone','tracking_number',4),(206,'carrier','name','phone','tracking_number',4),(207,'carrier','name','phone','tracking_number',4),(208,'carrier','name','phone','tracking_number',1),(209,'carrier','name','phone','tracking_number',6),(210,'carrier','name','phone','tracking_number',5),(211,'carrier','name','phone','tracking_number',6),(212,'carrier','name','phone','tracking_number',6),(213,'carrier','name','phone','tracking_number',1),(214,'carrier','name','phone','tracking_number',4),(215,'carrier','name','phone','tracking_number',2),(216,'carrier','name','phone','tracking_number',1),(217,'carrier','name','phone','tracking_number',5),(218,'carrier','name','phone','tracking_number',6),(219,'carrier','name','phone','tracking_number',1),(220,'carrier','name','phone','tracking_number',5),(221,'carrier','name','phone','tracking_number',3),(222,'carrier','name','phone','tracking_number',4),(223,'carrier','name','phone','tracking_number',4),(224,'carrier','name','phone','tracking_number',5),(225,'carrier','name','phone','tracking_number',6),(226,'carrier','name','phone','tracking_number',6),(227,'carrier','name','phone','tracking_number',5),(228,'carrier','name','phone','tracking_number',5),(229,'carrier','name','phone','tracking_number',4),(230,'carrier','name','phone','tracking_number',5),(231,'carrier','name','phone','tracking_number',2),(232,'carrier','name','phone','tracking_number',5),(233,'carrier','name','phone','tracking_number',5),(234,'carrier','name','phone','tracking_number',1),(235,'carrier','name','phone','tracking_number',2),(236,'carrier','name','phone','tracking_number',2),(237,'carrier','name','phone','tracking_number',3),(238,'carrier','name','phone','tracking_number',2),(239,'carrier','name','phone','tracking_number',5),(240,'carrier','name','phone','tracking_number',4),(241,'carrier','name','phone','tracking_number',4),(242,'carrier','name','phone','tracking_number',2),(243,'carrier','name','phone','tracking_number',2),(244,'carrier','name','phone','tracking_number',2),(245,'carrier','name','phone','tracking_number',3),(246,'carrier','name','phone','tracking_number',3),(247,'carrier','name','phone','tracking_number',6),(248,'carrier','name','phone','tracking_number',1),(249,'carrier','name','phone','tracking_number',2),(250,'carrier','name','phone','tracking_number',5),(251,'carrier','name','phone','tracking_number',5),(252,'carrier','name','phone','tracking_number',2),(253,'carrier','name','phone','tracking_number',3),(254,'carrier','name','phone','tracking_number',3),(255,'carrier','name','phone','tracking_number',2),(256,'carrier','name','phone','tracking_number',5),(257,'carrier','name','phone','tracking_number',1),(258,'carrier','name','phone','tracking_number',2),(259,'carrier','name','phone','tracking_number',4),(260,'carrier','name','phone','tracking_number',5),(261,'carrier','name','phone','tracking_number',6),(262,'carrier','name','phone','tracking_number',2),(263,'carrier','name','phone','tracking_number',2),(264,'carrier','name','phone','tracking_number',1),(265,'carrier','name','phone','tracking_number',4),(266,'carrier','name','phone','tracking_number',1),(267,'carrier','name','phone','tracking_number',3),(268,'carrier','name','phone','tracking_number',2),(269,'carrier','name','phone','tracking_number',4),(270,'carrier','name','phone','tracking_number',5),(271,'carrier','name','phone','tracking_number',6),(272,'carrier','name','phone','tracking_number',4),(273,'carrier','name','phone','tracking_number',1),(274,'carrier','name','phone','tracking_number',4),(275,'carrier','name','phone','tracking_number',1),(276,'carrier','name','phone','tracking_number',4),(277,'carrier','name','phone','tracking_number',5),(278,'carrier','name','phone','tracking_number',4),(279,'carrier','name','phone','tracking_number',2),(280,'carrier','name','phone','tracking_number',3),(281,'carrier','name','phone','tracking_number',2),(282,'carrier','name','phone','tracking_number',5),(283,'carrier','name','phone','tracking_number',5),(284,'carrier','name','phone','tracking_number',2),(285,'carrier','name','phone','tracking_number',2),(286,'carrier','name','phone','tracking_number',5),(287,'carrier','name','phone','tracking_number',4),(288,'carrier','name','phone','tracking_number',2),(289,'carrier','name','phone','tracking_number',3),(290,'carrier','name','phone','tracking_number',2),(291,'carrier','name','phone','tracking_number',3),(292,'carrier','name','phone','tracking_number',5),(293,'carrier','name','phone','tracking_number',5),(294,'carrier','name','phone','tracking_number',5),(295,'carrier','name','phone','tracking_number',6),(296,'carrier','name','phone','tracking_number',5),(297,'carrier','name','phone','tracking_number',6),(298,'carrier','name','phone','tracking_number',1),(299,'carrier','name','phone','tracking_number',1),(300,'carrier','name','phone','tracking_number',6),(301,'carrier','name','phone','tracking_number',2),(302,'carrier','name','phone','tracking_number',5),(303,'carrier','name','phone','tracking_number',4),(304,'carrier','name','phone','tracking_number',2),(305,'carrier','name','phone','tracking_number',3),(306,'carrier','name','phone','tracking_number',2),(307,'carrier','name','phone','tracking_number',4),(308,'carrier','name','phone','tracking_number',6),(309,'carrier','name','phone','tracking_number',4),(310,'carrier','name','phone','tracking_number',4),(311,'carrier','name','phone','tracking_number',4),(312,'carrier','name','phone','tracking_number',6),(313,'carrier','name','phone','tracking_number',6),(314,'carrier','name','phone','tracking_number',4),(315,'carrier','name','phone','tracking_number',5),(316,'carrier','name','phone','tracking_number',5),(317,'carrier','name','phone','tracking_number',5),(318,'carrier','name','phone','tracking_number',5),(319,'carrier','name','phone','tracking_number',6),(320,'carrier','name','phone','tracking_number',4),(321,'carrier','name','phone','tracking_number',3),(322,'carrier','name','phone','tracking_number',2),(323,'carrier','name','phone','tracking_number',6),(324,'carrier','name','phone','tracking_number',5),(325,'carrier','name','phone','tracking_number',3),(326,'carrier','name','phone','tracking_number',5),(327,'carrier','name','phone','tracking_number',4),(328,'carrier','name','phone','tracking_number',4),(329,'carrier','name','phone','tracking_number',4),(330,'carrier','name','phone','tracking_number',2),(331,'carrier','name','phone','tracking_number',2),(332,'carrier','name','phone','tracking_number',4),(333,'carrier','name','phone','tracking_number',3),(334,'carrier','name','phone','tracking_number',5),(335,'carrier','name','phone','tracking_number',1),(336,'carrier','name','phone','tracking_number',4),(337,'carrier','name','phone','tracking_number',5),(338,'carrier','name','phone','tracking_number',3),(339,'carrier','name','phone','tracking_number',4),(340,'carrier','name','phone','tracking_number',2),(341,'carrier','name','phone','tracking_number',1),(342,'carrier','name','phone','tracking_number',3),(343,'carrier','name','phone','tracking_number',4),(344,'carrier','name','phone','tracking_number',5),(345,'carrier','name','phone','tracking_number',3),(346,'carrier','name','phone','tracking_number',5),(347,'carrier','name','phone','tracking_number',3),(348,'carrier','name','phone','tracking_number',1),(349,'carrier','name','phone','tracking_number',4),(350,'carrier','name','phone','tracking_number',3),(351,'carrier','name','phone','tracking_number',3),(352,'carrier','name','phone','tracking_number',2),(353,'carrier','name','phone','tracking_number',3),(354,'carrier','name','phone','tracking_number',6),(355,'carrier','name','phone','tracking_number',6),(356,'carrier','name','phone','tracking_number',5),(357,'carrier','name','phone','tracking_number',3),(358,'carrier','name','phone','tracking_number',2),(359,'carrier','name','phone','tracking_number',3),(360,'carrier','name','phone','tracking_number',2),(361,'carrier','name','phone','tracking_number',1),(362,'carrier','name','phone','tracking_number',3),(363,'carrier','name','phone','tracking_number',1),(364,'carrier','name','phone','tracking_number',3),(365,'carrier','name','phone','tracking_number',3),(366,'carrier','name','phone','tracking_number',5),(367,'carrier','name','phone','tracking_number',1),(368,'carrier','name','phone','tracking_number',4),(369,'carrier','name','phone','tracking_number',6),(370,'carrier','name','phone','tracking_number',2),(371,'carrier','name','phone','tracking_number',6),(372,'carrier','name','phone','tracking_number',3),(373,'carrier','name','phone','tracking_number',3),(374,'carrier','name','phone','tracking_number',3),(375,'carrier','name','phone','tracking_number',4),(376,'carrier','name','phone','tracking_number',3),(377,'carrier','name','phone','tracking_number',2),(378,'carrier','name','phone','tracking_number',3),(379,'carrier','name','phone','tracking_number',5),(380,'carrier','name','phone','tracking_number',4),(381,'carrier','name','phone','tracking_number',3),(382,'carrier','name','phone','tracking_number',2),(383,'carrier','name','phone','tracking_number',5),(384,'carrier','name','phone','tracking_number',2),(385,'carrier','name','phone','tracking_number',5),(386,'carrier','name','phone','tracking_number',2),(387,'carrier','name','phone','tracking_number',6),(388,'carrier','name','phone','tracking_number',5),(389,'carrier','name','phone','tracking_number',3),(390,'carrier','name','phone','tracking_number',1),(391,'carrier','name','phone','tracking_number',5),(392,'carrier','name','phone','tracking_number',4),(393,'carrier','name','phone','tracking_number',3),(394,'carrier','name','phone','tracking_number',6),(395,'carrier','name','phone','tracking_number',2),(396,'carrier','name','phone','tracking_number',2),(397,'carrier','name','phone','tracking_number',2),(398,'carrier','name','phone','tracking_number',5),(399,'carrier','name','phone','tracking_number',2),(400,'carrier','name','phone','tracking_number',4),(401,'carrier','name','phone','tracking_number',1),(402,'carrier','name','phone','tracking_number',5),(403,'carrier','name','phone','tracking_number',2),(404,'carrier','name','phone','tracking_number',2),(405,'carrier','name','phone','tracking_number',1),(406,'carrier','name','phone','tracking_number',2),(407,'carrier','name','phone','tracking_number',3),(408,'carrier','name','phone','tracking_number',3),(409,'carrier','name','phone','tracking_number',4),(410,'carrier','name','phone','tracking_number',4),(411,'carrier','name','phone','tracking_number',1),(412,'carrier','name','phone','tracking_number',5),(413,'carrier','name','phone','tracking_number',4),(414,'carrier','name','phone','tracking_number',4),(415,'carrier','name','phone','tracking_number',4),(416,'carrier','name','phone','tracking_number',4),(417,'carrier','name','phone','tracking_number',3),(418,'carrier','name','phone','tracking_number',5),(419,'carrier','name','phone','tracking_number',6),(420,'carrier','name','phone','tracking_number',2),(421,'carrier','name','phone','tracking_number',4),(422,'carrier','name','phone','tracking_number',6),(423,'carrier','name','phone','tracking_number',2),(424,'carrier','name','phone','tracking_number',5),(425,'carrier','name','phone','tracking_number',3),(426,'carrier','name','phone','tracking_number',6),(427,'carrier','name','phone','tracking_number',3),(428,'carrier','name','phone','tracking_number',4),(429,'carrier','name','phone','tracking_number',4),(430,'carrier','name','phone','tracking_number',2),(431,'carrier','name','phone','tracking_number',2),(432,'carrier','name','phone','tracking_number',4),(433,'carrier','name','phone','tracking_number',1),(434,'carrier','name','phone','tracking_number',5),(435,'carrier','name','phone','tracking_number',4),(436,'carrier','name','phone','tracking_number',5),(437,'carrier','name','phone','tracking_number',2),(438,'carrier','name','phone','tracking_number',3),(439,'carrier','name','phone','tracking_number',5),(440,'carrier','name','phone','tracking_number',6),(441,'carrier','name','phone','tracking_number',6),(442,'carrier','name','phone','tracking_number',4),(443,'carrier','name','phone','tracking_number',4),(444,'carrier','name','phone','tracking_number',4),(445,'carrier','name','phone','tracking_number',5),(446,'carrier','name','phone','tracking_number',1),(447,'carrier','name','phone','tracking_number',5),(448,'carrier','name','phone','tracking_number',3),(449,'carrier','name','phone','tracking_number',6),(450,'carrier','name','phone','tracking_number',3),(451,'carrier','name','phone','tracking_number',1),(452,'carrier','name','phone','tracking_number',3),(453,'carrier','name','phone','tracking_number',2),(454,'carrier','name','phone','tracking_number',6),(455,'carrier','name','phone','tracking_number',5),(456,'carrier','name','phone','tracking_number',3),(457,'carrier','name','phone','tracking_number',5),(458,'carrier','name','phone','tracking_number',5),(459,'carrier','name','phone','tracking_number',3),(460,'carrier','name','phone','tracking_number',3),(461,'carrier','name','phone','tracking_number',2),(462,'carrier','name','phone','tracking_number',2),(463,'carrier','name','phone','tracking_number',3),(464,'carrier','name','phone','tracking_number',2),(465,'carrier','name','phone','tracking_number',3),(466,'carrier','name','phone','tracking_number',1),(467,'carrier','name','phone','tracking_number',3),(468,'carrier','name','phone','tracking_number',2),(469,'carrier','name','phone','tracking_number',6),(470,'carrier','name','phone','tracking_number',5),(471,'carrier','name','phone','tracking_number',3),(472,'carrier','name','phone','tracking_number',4),(473,'carrier','name','phone','tracking_number',3),(474,'carrier','name','phone','tracking_number',5),(475,'carrier','name','phone','tracking_number',3),(476,'carrier','name','phone','tracking_number',3),(477,'carrier','name','phone','tracking_number',3),(478,'carrier','name','phone','tracking_number',5),(479,'carrier','name','phone','tracking_number',2),(480,'carrier','name','phone','tracking_number',1),(481,'carrier','name','phone','tracking_number',3),(482,'carrier','name','phone','tracking_number',4),(483,'carrier','name','phone','tracking_number',4),(484,'carrier','name','phone','tracking_number',4),(485,'carrier','name','phone','tracking_number',5),(486,'carrier','name','phone','tracking_number',4),(487,'carrier','name','phone','tracking_number',5),(488,'carrier','name','phone','tracking_number',3),(489,'carrier','name','phone','tracking_number',5),(490,'carrier','name','phone','tracking_number',5),(491,'carrier','name','phone','tracking_number',4),(492,'carrier','name','phone','tracking_number',3),(493,'carrier','name','phone','tracking_number',6),(494,'carrier','name','phone','tracking_number',2),(495,'carrier','name','phone','tracking_number',5),(496,'carrier','name','phone','tracking_number',6),(497,'carrier','name','phone','tracking_number',3),(498,'carrier','name','phone','tracking_number',2),(499,'carrier','name','phone','tracking_number',1),(500,'carrier','name','phone','tracking_number',2);

INSERT INTO payment (id,amount,currency,description,stripe_payment_intent_id) VALUES (1,1,'eur','test payment number 1','stripe_payment_intent_id number 1'),(2,1,'eur','test payment number 2','stripe_payment_intent_id number 2'),(3,1,'eur','test payment number 3','stripe_payment_intent_id number 3'),(4,1,'eur','test payment number 4','stripe_payment_intent_id number 4'),(5,1,'eur','test payment number 5','stripe_payment_intent_id number 5'),(6,1,'eur','test payment number 6','stripe_payment_intent_id number 6'),(7,1,'eur','test payment number 7','stripe_payment_intent_id number 7'),(8,1,'eur','test payment number 8','stripe_payment_intent_id number 8'),(9,1,'eur','test payment number 9','stripe_payment_intent_id number 9'),(10,1,'eur','test payment number 10','stripe_payment_intent_id number 10'),(11,1,'eur','test payment number 11','stripe_payment_intent_id number 11'),(12,1,'eur','test payment number 12','stripe_payment_intent_id number 12'),(13,1,'eur','test payment number 13','stripe_payment_intent_id number 13'),(14,1,'eur','test payment number 14','stripe_payment_intent_id number 14'),(15,1,'eur','test payment number 15','stripe_payment_intent_id number 15'),(16,1,'eur','test payment number 16','stripe_payment_intent_id number 16'),(17,1,'eur','test payment number 17','stripe_payment_intent_id number 17'),(18,1,'eur','test payment number 18','stripe_payment_intent_id number 18'),(19,1,'eur','test payment number 19','stripe_payment_intent_id number 19'),(20,1,'eur','test payment number 20','stripe_payment_intent_id number 20'),(21,1,'eur','test payment number 21','stripe_payment_intent_id number 21'),(22,1,'eur','test payment number 22','stripe_payment_intent_id number 22'),(23,1,'eur','test payment number 23','stripe_payment_intent_id number 23'),(24,1,'eur','test payment number 24','stripe_payment_intent_id number 24'),(25,1,'eur','test payment number 25','stripe_payment_intent_id number 25'),(26,1,'eur','test payment number 26','stripe_payment_intent_id number 26'),(27,1,'eur','test payment number 27','stripe_payment_intent_id number 27'),(28,1,'eur','test payment number 28','stripe_payment_intent_id number 28'),(29,1,'eur','test payment number 29','stripe_payment_intent_id number 29'),(30,1,'eur','test payment number 30','stripe_payment_intent_id number 30'),(31,1,'eur','test payment number 31','stripe_payment_intent_id number 31'),(32,1,'eur','test payment number 32','stripe_payment_intent_id number 32'),(33,1,'eur','test payment number 33','stripe_payment_intent_id number 33'),(34,1,'eur','test payment number 34','stripe_payment_intent_id number 34'),(35,1,'eur','test payment number 35','stripe_payment_intent_id number 35'),(36,1,'eur','test payment number 36','stripe_payment_intent_id number 36'),(37,1,'eur','test payment number 37','stripe_payment_intent_id number 37'),(38,1,'eur','test payment number 38','stripe_payment_intent_id number 38'),(39,1,'eur','test payment number 39','stripe_payment_intent_id number 39'),(40,1,'eur','test payment number 40','stripe_payment_intent_id number 40'),(41,1,'eur','test payment number 41','stripe_payment_intent_id number 41'),(42,1,'eur','test payment number 42','stripe_payment_intent_id number 42'),(43,1,'eur','test payment number 43','stripe_payment_intent_id number 43'),(44,1,'eur','test payment number 44','stripe_payment_intent_id number 44'),(45,1,'eur','test payment number 45','stripe_payment_intent_id number 45'),(46,1,'eur','test payment number 46','stripe_payment_intent_id number 46'),(47,1,'eur','test payment number 47','stripe_payment_intent_id number 47'),(48,1,'eur','test payment number 48','stripe_payment_intent_id number 48'),(49,1,'eur','test payment number 49','stripe_payment_intent_id number 49'),(50,1,'eur','test payment number 50','stripe_payment_intent_id number 50'),(51,1,'eur','test payment number 51','stripe_payment_intent_id number 51'),(52,1,'eur','test payment number 52','stripe_payment_intent_id number 52'),(53,1,'eur','test payment number 53','stripe_payment_intent_id number 53'),(54,1,'eur','test payment number 54','stripe_payment_intent_id number 54'),(55,1,'eur','test payment number 55','stripe_payment_intent_id number 55'),(56,1,'eur','test payment number 56','stripe_payment_intent_id number 56'),(57,1,'eur','test payment number 57','stripe_payment_intent_id number 57'),(58,1,'eur','test payment number 58','stripe_payment_intent_id number 58'),(59,1,'eur','test payment number 59','stripe_payment_intent_id number 59'),(60,1,'eur','test payment number 60','stripe_payment_intent_id number 60'),(61,1,'eur','test payment number 61','stripe_payment_intent_id number 61'),(62,1,'eur','test payment number 62','stripe_payment_intent_id number 62'),(63,1,'eur','test payment number 63','stripe_payment_intent_id number 63'),(64,1,'eur','test payment number 64','stripe_payment_intent_id number 64'),(65,1,'eur','test payment number 65','stripe_payment_intent_id number 65'),(66,1,'eur','test payment number 66','stripe_payment_intent_id number 66'),(67,1,'eur','test payment number 67','stripe_payment_intent_id number 67'),(68,1,'eur','test payment number 68','stripe_payment_intent_id number 68'),(69,1,'eur','test payment number 69','stripe_payment_intent_id number 69'),(70,1,'eur','test payment number 70','stripe_payment_intent_id number 70'),(71,1,'eur','test payment number 71','stripe_payment_intent_id number 71'),(72,1,'eur','test payment number 72','stripe_payment_intent_id number 72'),(73,1,'eur','test payment number 73','stripe_payment_intent_id number 73'),(74,1,'eur','test payment number 74','stripe_payment_intent_id number 74'),(75,1,'eur','test payment number 75','stripe_payment_intent_id number 75'),(76,1,'eur','test payment number 76','stripe_payment_intent_id number 76'),(77,1,'eur','test payment number 77','stripe_payment_intent_id number 77'),(78,1,'eur','test payment number 78','stripe_payment_intent_id number 78'),(79,1,'eur','test payment number 79','stripe_payment_intent_id number 79'),(80,1,'eur','test payment number 80','stripe_payment_intent_id number 80'),(81,1,'eur','test payment number 81','stripe_payment_intent_id number 81'),(82,1,'eur','test payment number 82','stripe_payment_intent_id number 82'),(83,1,'eur','test payment number 83','stripe_payment_intent_id number 83'),(84,1,'eur','test payment number 84','stripe_payment_intent_id number 84'),(85,1,'eur','test payment number 85','stripe_payment_intent_id number 85'),(86,1,'eur','test payment number 86','stripe_payment_intent_id number 86'),(87,1,'eur','test payment number 87','stripe_payment_intent_id number 87'),(88,1,'eur','test payment number 88','stripe_payment_intent_id number 88'),(89,1,'eur','test payment number 89','stripe_payment_intent_id number 89'),(90,1,'eur','test payment number 90','stripe_payment_intent_id number 90'),(91,1,'eur','test payment number 91','stripe_payment_intent_id number 91'),(92,1,'eur','test payment number 92','stripe_payment_intent_id number 92'),(93,1,'eur','test payment number 93','stripe_payment_intent_id number 93'),(94,1,'eur','test payment number 94','stripe_payment_intent_id number 94'),(95,1,'eur','test payment number 95','stripe_payment_intent_id number 95'),(96,1,'eur','test payment number 96','stripe_payment_intent_id number 96'),(97,1,'eur','test payment number 97','stripe_payment_intent_id number 97'),(98,1,'eur','test payment number 98','stripe_payment_intent_id number 98'),(99,1,'eur','test payment number 99','stripe_payment_intent_id number 99'),(100,1,'eur','test payment number 100','stripe_payment_intent_id number 100'),(101,1,'eur','test payment number 101','stripe_payment_intent_id number 101'),(102,1,'eur','test payment number 102','stripe_payment_intent_id number 102'),(103,1,'eur','test payment number 103','stripe_payment_intent_id number 103'),(104,1,'eur','test payment number 104','stripe_payment_intent_id number 104'),(105,1,'eur','test payment number 105','stripe_payment_intent_id number 105'),(106,1,'eur','test payment number 106','stripe_payment_intent_id number 106'),(107,1,'eur','test payment number 107','stripe_payment_intent_id number 107'),(108,1,'eur','test payment number 108','stripe_payment_intent_id number 108'),(109,1,'eur','test payment number 109','stripe_payment_intent_id number 109'),(110,1,'eur','test payment number 110','stripe_payment_intent_id number 110'),(111,1,'eur','test payment number 111','stripe_payment_intent_id number 111'),(112,1,'eur','test payment number 112','stripe_payment_intent_id number 112'),(113,1,'eur','test payment number 113','stripe_payment_intent_id number 113'),(114,1,'eur','test payment number 114','stripe_payment_intent_id number 114'),(115,1,'eur','test payment number 115','stripe_payment_intent_id number 115'),(116,1,'eur','test payment number 116','stripe_payment_intent_id number 116'),(117,1,'eur','test payment number 117','stripe_payment_intent_id number 117'),(118,1,'eur','test payment number 118','stripe_payment_intent_id number 118'),(119,1,'eur','test payment number 119','stripe_payment_intent_id number 119'),(120,1,'eur','test payment number 120','stripe_payment_intent_id number 120'),(121,1,'eur','test payment number 121','stripe_payment_intent_id number 121'),(122,1,'eur','test payment number 122','stripe_payment_intent_id number 122'),(123,1,'eur','test payment number 123','stripe_payment_intent_id number 123'),(124,1,'eur','test payment number 124','stripe_payment_intent_id number 124'),(125,1,'eur','test payment number 125','stripe_payment_intent_id number 125'),(126,1,'eur','test payment number 126','stripe_payment_intent_id number 126'),(127,1,'eur','test payment number 127','stripe_payment_intent_id number 127'),(128,1,'eur','test payment number 128','stripe_payment_intent_id number 128'),(129,1,'eur','test payment number 129','stripe_payment_intent_id number 129'),(130,1,'eur','test payment number 130','stripe_payment_intent_id number 130'),(131,1,'eur','test payment number 131','stripe_payment_intent_id number 131'),(132,1,'eur','test payment number 132','stripe_payment_intent_id number 132'),(133,1,'eur','test payment number 133','stripe_payment_intent_id number 133'),(134,1,'eur','test payment number 134','stripe_payment_intent_id number 134'),(135,1,'eur','test payment number 135','stripe_payment_intent_id number 135'),(136,1,'eur','test payment number 136','stripe_payment_intent_id number 136'),(137,1,'eur','test payment number 137','stripe_payment_intent_id number 137'),(138,1,'eur','test payment number 138','stripe_payment_intent_id number 138'),(139,1,'eur','test payment number 139','stripe_payment_intent_id number 139'),(140,1,'eur','test payment number 140','stripe_payment_intent_id number 140'),(141,1,'eur','test payment number 141','stripe_payment_intent_id number 141'),(142,1,'eur','test payment number 142','stripe_payment_intent_id number 142'),(143,1,'eur','test payment number 143','stripe_payment_intent_id number 143'),(144,1,'eur','test payment number 144','stripe_payment_intent_id number 144'),(145,1,'eur','test payment number 145','stripe_payment_intent_id number 145'),(146,1,'eur','test payment number 146','stripe_payment_intent_id number 146'),(147,1,'eur','test payment number 147','stripe_payment_intent_id number 147'),(148,1,'eur','test payment number 148','stripe_payment_intent_id number 148'),(149,1,'eur','test payment number 149','stripe_payment_intent_id number 149'),(150,1,'eur','test payment number 150','stripe_payment_intent_id number 150'),(151,1,'eur','test payment number 151','stripe_payment_intent_id number 151'),(152,1,'eur','test payment number 152','stripe_payment_intent_id number 152'),(153,1,'eur','test payment number 153','stripe_payment_intent_id number 153'),(154,1,'eur','test payment number 154','stripe_payment_intent_id number 154'),(155,1,'eur','test payment number 155','stripe_payment_intent_id number 155'),(156,1,'eur','test payment number 156','stripe_payment_intent_id number 156'),(157,1,'eur','test payment number 157','stripe_payment_intent_id number 157'),(158,1,'eur','test payment number 158','stripe_payment_intent_id number 158'),(159,1,'eur','test payment number 159','stripe_payment_intent_id number 159'),(160,1,'eur','test payment number 160','stripe_payment_intent_id number 160'),(161,1,'eur','test payment number 161','stripe_payment_intent_id number 161'),(162,1,'eur','test payment number 162','stripe_payment_intent_id number 162'),(163,1,'eur','test payment number 163','stripe_payment_intent_id number 163'),(164,1,'eur','test payment number 164','stripe_payment_intent_id number 164'),(165,1,'eur','test payment number 165','stripe_payment_intent_id number 165'),(166,1,'eur','test payment number 166','stripe_payment_intent_id number 166'),(167,1,'eur','test payment number 167','stripe_payment_intent_id number 167'),(168,1,'eur','test payment number 168','stripe_payment_intent_id number 168'),(169,1,'eur','test payment number 169','stripe_payment_intent_id number 169'),(170,1,'eur','test payment number 170','stripe_payment_intent_id number 170'),(171,1,'eur','test payment number 171','stripe_payment_intent_id number 171'),(172,1,'eur','test payment number 172','stripe_payment_intent_id number 172'),(173,1,'eur','test payment number 173','stripe_payment_intent_id number 173'),(174,1,'eur','test payment number 174','stripe_payment_intent_id number 174'),(175,1,'eur','test payment number 175','stripe_payment_intent_id number 175'),(176,1,'eur','test payment number 176','stripe_payment_intent_id number 176'),(177,1,'eur','test payment number 177','stripe_payment_intent_id number 177'),(178,1,'eur','test payment number 178','stripe_payment_intent_id number 178'),(179,1,'eur','test payment number 179','stripe_payment_intent_id number 179'),(180,1,'eur','test payment number 180','stripe_payment_intent_id number 180'),(181,1,'eur','test payment number 181','stripe_payment_intent_id number 181'),(182,1,'eur','test payment number 182','stripe_payment_intent_id number 182'),(183,1,'eur','test payment number 183','stripe_payment_intent_id number 183'),(184,1,'eur','test payment number 184','stripe_payment_intent_id number 184'),(185,1,'eur','test payment number 185','stripe_payment_intent_id number 185'),(186,1,'eur','test payment number 186','stripe_payment_intent_id number 186'),(187,1,'eur','test payment number 187','stripe_payment_intent_id number 187'),(188,1,'eur','test payment number 188','stripe_payment_intent_id number 188'),(189,1,'eur','test payment number 189','stripe_payment_intent_id number 189'),(190,1,'eur','test payment number 190','stripe_payment_intent_id number 190'),(191,1,'eur','test payment number 191','stripe_payment_intent_id number 191'),(192,1,'eur','test payment number 192','stripe_payment_intent_id number 192'),(193,1,'eur','test payment number 193','stripe_payment_intent_id number 193'),(194,1,'eur','test payment number 194','stripe_payment_intent_id number 194'),(195,1,'eur','test payment number 195','stripe_payment_intent_id number 195'),(196,1,'eur','test payment number 196','stripe_payment_intent_id number 196'),(197,1,'eur','test payment number 197','stripe_payment_intent_id number 197'),(198,1,'eur','test payment number 198','stripe_payment_intent_id number 198'),(199,1,'eur','test payment number 199','stripe_payment_intent_id number 199'),(200,1,'eur','test payment number 200','stripe_payment_intent_id number 200'),(201,1,'eur','test payment number 201','stripe_payment_intent_id number 201'),(202,1,'eur','test payment number 202','stripe_payment_intent_id number 202'),(203,1,'eur','test payment number 203','stripe_payment_intent_id number 203'),(204,1,'eur','test payment number 204','stripe_payment_intent_id number 204'),(205,1,'eur','test payment number 205','stripe_payment_intent_id number 205'),(206,1,'eur','test payment number 206','stripe_payment_intent_id number 206'),(207,1,'eur','test payment number 207','stripe_payment_intent_id number 207'),(208,1,'eur','test payment number 208','stripe_payment_intent_id number 208'),(209,1,'eur','test payment number 209','stripe_payment_intent_id number 209'),(210,1,'eur','test payment number 210','stripe_payment_intent_id number 210'),(211,1,'eur','test payment number 211','stripe_payment_intent_id number 211'),(212,1,'eur','test payment number 212','stripe_payment_intent_id number 212'),(213,1,'eur','test payment number 213','stripe_payment_intent_id number 213'),(214,1,'eur','test payment number 214','stripe_payment_intent_id number 214'),(215,1,'eur','test payment number 215','stripe_payment_intent_id number 215'),(216,1,'eur','test payment number 216','stripe_payment_intent_id number 216'),(217,1,'eur','test payment number 217','stripe_payment_intent_id number 217'),(218,1,'eur','test payment number 218','stripe_payment_intent_id number 218'),(219,1,'eur','test payment number 219','stripe_payment_intent_id number 219'),(220,1,'eur','test payment number 220','stripe_payment_intent_id number 220'),(221,1,'eur','test payment number 221','stripe_payment_intent_id number 221'),(222,1,'eur','test payment number 222','stripe_payment_intent_id number 222'),(223,1,'eur','test payment number 223','stripe_payment_intent_id number 223'),(224,1,'eur','test payment number 224','stripe_payment_intent_id number 224'),(225,1,'eur','test payment number 225','stripe_payment_intent_id number 225'),(226,1,'eur','test payment number 226','stripe_payment_intent_id number 226'),(227,1,'eur','test payment number 227','stripe_payment_intent_id number 227'),(228,1,'eur','test payment number 228','stripe_payment_intent_id number 228'),(229,1,'eur','test payment number 229','stripe_payment_intent_id number 229'),(230,1,'eur','test payment number 230','stripe_payment_intent_id number 230'),(231,1,'eur','test payment number 231','stripe_payment_intent_id number 231'),(232,1,'eur','test payment number 232','stripe_payment_intent_id number 232'),(233,1,'eur','test payment number 233','stripe_payment_intent_id number 233'),(234,1,'eur','test payment number 234','stripe_payment_intent_id number 234'),(235,1,'eur','test payment number 235','stripe_payment_intent_id number 235'),(236,1,'eur','test payment number 236','stripe_payment_intent_id number 236'),(237,1,'eur','test payment number 237','stripe_payment_intent_id number 237'),(238,1,'eur','test payment number 238','stripe_payment_intent_id number 238'),(239,1,'eur','test payment number 239','stripe_payment_intent_id number 239'),(240,1,'eur','test payment number 240','stripe_payment_intent_id number 240'),(241,1,'eur','test payment number 241','stripe_payment_intent_id number 241'),(242,1,'eur','test payment number 242','stripe_payment_intent_id number 242'),(243,1,'eur','test payment number 243','stripe_payment_intent_id number 243'),(244,1,'eur','test payment number 244','stripe_payment_intent_id number 244'),(245,1,'eur','test payment number 245','stripe_payment_intent_id number 245'),(246,1,'eur','test payment number 246','stripe_payment_intent_id number 246'),(247,1,'eur','test payment number 247','stripe_payment_intent_id number 247'),(248,1,'eur','test payment number 248','stripe_payment_intent_id number 248'),(249,1,'eur','test payment number 249','stripe_payment_intent_id number 249'),(250,1,'eur','test payment number 250','stripe_payment_intent_id number 250'),(251,1,'eur','test payment number 251','stripe_payment_intent_id number 251'),(252,1,'eur','test payment number 252','stripe_payment_intent_id number 252'),(253,1,'eur','test payment number 253','stripe_payment_intent_id number 253'),(254,1,'eur','test payment number 254','stripe_payment_intent_id number 254'),(255,1,'eur','test payment number 255','stripe_payment_intent_id number 255'),(256,1,'eur','test payment number 256','stripe_payment_intent_id number 256'),(257,1,'eur','test payment number 257','stripe_payment_intent_id number 257'),(258,1,'eur','test payment number 258','stripe_payment_intent_id number 258'),(259,1,'eur','test payment number 259','stripe_payment_intent_id number 259'),(260,1,'eur','test payment number 260','stripe_payment_intent_id number 260'),(261,1,'eur','test payment number 261','stripe_payment_intent_id number 261'),(262,1,'eur','test payment number 262','stripe_payment_intent_id number 262'),(263,1,'eur','test payment number 263','stripe_payment_intent_id number 263'),(264,1,'eur','test payment number 264','stripe_payment_intent_id number 264'),(265,1,'eur','test payment number 265','stripe_payment_intent_id number 265'),(266,1,'eur','test payment number 266','stripe_payment_intent_id number 266'),(267,1,'eur','test payment number 267','stripe_payment_intent_id number 267'),(268,1,'eur','test payment number 268','stripe_payment_intent_id number 268'),(269,1,'eur','test payment number 269','stripe_payment_intent_id number 269'),(270,1,'eur','test payment number 270','stripe_payment_intent_id number 270'),(271,1,'eur','test payment number 271','stripe_payment_intent_id number 271'),(272,1,'eur','test payment number 272','stripe_payment_intent_id number 272'),(273,1,'eur','test payment number 273','stripe_payment_intent_id number 273'),(274,1,'eur','test payment number 274','stripe_payment_intent_id number 274'),(275,1,'eur','test payment number 275','stripe_payment_intent_id number 275'),(276,1,'eur','test payment number 276','stripe_payment_intent_id number 276'),(277,1,'eur','test payment number 277','stripe_payment_intent_id number 277'),(278,1,'eur','test payment number 278','stripe_payment_intent_id number 278'),(279,1,'eur','test payment number 279','stripe_payment_intent_id number 279'),(280,1,'eur','test payment number 280','stripe_payment_intent_id number 280'),(281,1,'eur','test payment number 281','stripe_payment_intent_id number 281'),(282,1,'eur','test payment number 282','stripe_payment_intent_id number 282'),(283,1,'eur','test payment number 283','stripe_payment_intent_id number 283'),(284,1,'eur','test payment number 284','stripe_payment_intent_id number 284'),(285,1,'eur','test payment number 285','stripe_payment_intent_id number 285'),(286,1,'eur','test payment number 286','stripe_payment_intent_id number 286'),(287,1,'eur','test payment number 287','stripe_payment_intent_id number 287'),(288,1,'eur','test payment number 288','stripe_payment_intent_id number 288'),(289,1,'eur','test payment number 289','stripe_payment_intent_id number 289'),(290,1,'eur','test payment number 290','stripe_payment_intent_id number 290'),(291,1,'eur','test payment number 291','stripe_payment_intent_id number 291'),(292,1,'eur','test payment number 292','stripe_payment_intent_id number 292'),(293,1,'eur','test payment number 293','stripe_payment_intent_id number 293'),(294,1,'eur','test payment number 294','stripe_payment_intent_id number 294'),(295,1,'eur','test payment number 295','stripe_payment_intent_id number 295'),(296,1,'eur','test payment number 296','stripe_payment_intent_id number 296'),(297,1,'eur','test payment number 297','stripe_payment_intent_id number 297'),(298,1,'eur','test payment number 298','stripe_payment_intent_id number 298'),(299,1,'eur','test payment number 299','stripe_payment_intent_id number 299'),(300,1,'eur','test payment number 300','stripe_payment_intent_id number 300'),(301,1,'eur','test payment number 301','stripe_payment_intent_id number 301'),(302,1,'eur','test payment number 302','stripe_payment_intent_id number 302'),(303,1,'eur','test payment number 303','stripe_payment_intent_id number 303'),(304,1,'eur','test payment number 304','stripe_payment_intent_id number 304'),(305,1,'eur','test payment number 305','stripe_payment_intent_id number 305'),(306,1,'eur','test payment number 306','stripe_payment_intent_id number 306'),(307,1,'eur','test payment number 307','stripe_payment_intent_id number 307'),(308,1,'eur','test payment number 308','stripe_payment_intent_id number 308'),(309,1,'eur','test payment number 309','stripe_payment_intent_id number 309'),(310,1,'eur','test payment number 310','stripe_payment_intent_id number 310'),(311,1,'eur','test payment number 311','stripe_payment_intent_id number 311'),(312,1,'eur','test payment number 312','stripe_payment_intent_id number 312'),(313,1,'eur','test payment number 313','stripe_payment_intent_id number 313'),(314,1,'eur','test payment number 314','stripe_payment_intent_id number 314'),(315,1,'eur','test payment number 315','stripe_payment_intent_id number 315'),(316,1,'eur','test payment number 316','stripe_payment_intent_id number 316'),(317,1,'eur','test payment number 317','stripe_payment_intent_id number 317'),(318,1,'eur','test payment number 318','stripe_payment_intent_id number 318'),(319,1,'eur','test payment number 319','stripe_payment_intent_id number 319'),(320,1,'eur','test payment number 320','stripe_payment_intent_id number 320'),(321,1,'eur','test payment number 321','stripe_payment_intent_id number 321'),(322,1,'eur','test payment number 322','stripe_payment_intent_id number 322'),(323,1,'eur','test payment number 323','stripe_payment_intent_id number 323'),(324,1,'eur','test payment number 324','stripe_payment_intent_id number 324'),(325,1,'eur','test payment number 325','stripe_payment_intent_id number 325'),(326,1,'eur','test payment number 326','stripe_payment_intent_id number 326'),(327,1,'eur','test payment number 327','stripe_payment_intent_id number 327'),(328,1,'eur','test payment number 328','stripe_payment_intent_id number 328'),(329,1,'eur','test payment number 329','stripe_payment_intent_id number 329'),(330,1,'eur','test payment number 330','stripe_payment_intent_id number 330'),(331,1,'eur','test payment number 331','stripe_payment_intent_id number 331'),(332,1,'eur','test payment number 332','stripe_payment_intent_id number 332'),(333,1,'eur','test payment number 333','stripe_payment_intent_id number 333'),(334,1,'eur','test payment number 334','stripe_payment_intent_id number 334'),(335,1,'eur','test payment number 335','stripe_payment_intent_id number 335'),(336,1,'eur','test payment number 336','stripe_payment_intent_id number 336'),(337,1,'eur','test payment number 337','stripe_payment_intent_id number 337'),(338,1,'eur','test payment number 338','stripe_payment_intent_id number 338'),(339,1,'eur','test payment number 339','stripe_payment_intent_id number 339'),(340,1,'eur','test payment number 340','stripe_payment_intent_id number 340'),(341,1,'eur','test payment number 341','stripe_payment_intent_id number 341'),(342,1,'eur','test payment number 342','stripe_payment_intent_id number 342'),(343,1,'eur','test payment number 343','stripe_payment_intent_id number 343'),(344,1,'eur','test payment number 344','stripe_payment_intent_id number 344'),(345,1,'eur','test payment number 345','stripe_payment_intent_id number 345'),(346,1,'eur','test payment number 346','stripe_payment_intent_id number 346'),(347,1,'eur','test payment number 347','stripe_payment_intent_id number 347'),(348,1,'eur','test payment number 348','stripe_payment_intent_id number 348'),(349,1,'eur','test payment number 349','stripe_payment_intent_id number 349'),(350,1,'eur','test payment number 350','stripe_payment_intent_id number 350'),(351,1,'eur','test payment number 351','stripe_payment_intent_id number 351'),(352,1,'eur','test payment number 352','stripe_payment_intent_id number 352'),(353,1,'eur','test payment number 353','stripe_payment_intent_id number 353'),(354,1,'eur','test payment number 354','stripe_payment_intent_id number 354'),(355,1,'eur','test payment number 355','stripe_payment_intent_id number 355'),(356,1,'eur','test payment number 356','stripe_payment_intent_id number 356'),(357,1,'eur','test payment number 357','stripe_payment_intent_id number 357'),(358,1,'eur','test payment number 358','stripe_payment_intent_id number 358'),(359,1,'eur','test payment number 359','stripe_payment_intent_id number 359'),(360,1,'eur','test payment number 360','stripe_payment_intent_id number 360'),(361,1,'eur','test payment number 361','stripe_payment_intent_id number 361'),(362,1,'eur','test payment number 362','stripe_payment_intent_id number 362'),(363,1,'eur','test payment number 363','stripe_payment_intent_id number 363'),(364,1,'eur','test payment number 364','stripe_payment_intent_id number 364'),(365,1,'eur','test payment number 365','stripe_payment_intent_id number 365'),(366,1,'eur','test payment number 366','stripe_payment_intent_id number 366'),(367,1,'eur','test payment number 367','stripe_payment_intent_id number 367'),(368,1,'eur','test payment number 368','stripe_payment_intent_id number 368'),(369,1,'eur','test payment number 369','stripe_payment_intent_id number 369'),(370,1,'eur','test payment number 370','stripe_payment_intent_id number 370'),(371,1,'eur','test payment number 371','stripe_payment_intent_id number 371'),(372,1,'eur','test payment number 372','stripe_payment_intent_id number 372'),(373,1,'eur','test payment number 373','stripe_payment_intent_id number 373'),(374,1,'eur','test payment number 374','stripe_payment_intent_id number 374'),(375,1,'eur','test payment number 375','stripe_payment_intent_id number 375'),(376,1,'eur','test payment number 376','stripe_payment_intent_id number 376'),(377,1,'eur','test payment number 377','stripe_payment_intent_id number 377'),(378,1,'eur','test payment number 378','stripe_payment_intent_id number 378'),(379,1,'eur','test payment number 379','stripe_payment_intent_id number 379'),(380,1,'eur','test payment number 380','stripe_payment_intent_id number 380'),(381,1,'eur','test payment number 381','stripe_payment_intent_id number 381'),(382,1,'eur','test payment number 382','stripe_payment_intent_id number 382'),(383,1,'eur','test payment number 383','stripe_payment_intent_id number 383'),(384,1,'eur','test payment number 384','stripe_payment_intent_id number 384'),(385,1,'eur','test payment number 385','stripe_payment_intent_id number 385'),(386,1,'eur','test payment number 386','stripe_payment_intent_id number 386'),(387,1,'eur','test payment number 387','stripe_payment_intent_id number 387'),(388,1,'eur','test payment number 388','stripe_payment_intent_id number 388'),(389,1,'eur','test payment number 389','stripe_payment_intent_id number 389'),(390,1,'eur','test payment number 390','stripe_payment_intent_id number 390'),(391,1,'eur','test payment number 391','stripe_payment_intent_id number 391'),(392,1,'eur','test payment number 392','stripe_payment_intent_id number 392'),(393,1,'eur','test payment number 393','stripe_payment_intent_id number 393'),(394,1,'eur','test payment number 394','stripe_payment_intent_id number 394'),(395,1,'eur','test payment number 395','stripe_payment_intent_id number 395'),(396,1,'eur','test payment number 396','stripe_payment_intent_id number 396'),(397,1,'eur','test payment number 397','stripe_payment_intent_id number 397'),(398,1,'eur','test payment number 398','stripe_payment_intent_id number 398'),(399,1,'eur','test payment number 399','stripe_payment_intent_id number 399'),(400,1,'eur','test payment number 400','stripe_payment_intent_id number 400'),(401,1,'eur','test payment number 401','stripe_payment_intent_id number 401'),(402,1,'eur','test payment number 402','stripe_payment_intent_id number 402'),(403,1,'eur','test payment number 403','stripe_payment_intent_id number 403'),(404,1,'eur','test payment number 404','stripe_payment_intent_id number 404'),(405,1,'eur','test payment number 405','stripe_payment_intent_id number 405'),(406,1,'eur','test payment number 406','stripe_payment_intent_id number 406'),(407,1,'eur','test payment number 407','stripe_payment_intent_id number 407'),(408,1,'eur','test payment number 408','stripe_payment_intent_id number 408'),(409,1,'eur','test payment number 409','stripe_payment_intent_id number 409'),(410,1,'eur','test payment number 410','stripe_payment_intent_id number 410'),(411,1,'eur','test payment number 411','stripe_payment_intent_id number 411'),(412,1,'eur','test payment number 412','stripe_payment_intent_id number 412'),(413,1,'eur','test payment number 413','stripe_payment_intent_id number 413'),(414,1,'eur','test payment number 414','stripe_payment_intent_id number 414'),(415,1,'eur','test payment number 415','stripe_payment_intent_id number 415'),(416,1,'eur','test payment number 416','stripe_payment_intent_id number 416'),(417,1,'eur','test payment number 417','stripe_payment_intent_id number 417'),(418,1,'eur','test payment number 418','stripe_payment_intent_id number 418'),(419,1,'eur','test payment number 419','stripe_payment_intent_id number 419'),(420,1,'eur','test payment number 420','stripe_payment_intent_id number 420'),(421,1,'eur','test payment number 421','stripe_payment_intent_id number 421'),(422,1,'eur','test payment number 422','stripe_payment_intent_id number 422'),(423,1,'eur','test payment number 423','stripe_payment_intent_id number 423'),(424,1,'eur','test payment number 424','stripe_payment_intent_id number 424'),(425,1,'eur','test payment number 425','stripe_payment_intent_id number 425'),(426,1,'eur','test payment number 426','stripe_payment_intent_id number 426'),(427,1,'eur','test payment number 427','stripe_payment_intent_id number 427'),(428,1,'eur','test payment number 428','stripe_payment_intent_id number 428'),(429,1,'eur','test payment number 429','stripe_payment_intent_id number 429'),(430,1,'eur','test payment number 430','stripe_payment_intent_id number 430'),(431,1,'eur','test payment number 431','stripe_payment_intent_id number 431'),(432,1,'eur','test payment number 432','stripe_payment_intent_id number 432'),(433,1,'eur','test payment number 433','stripe_payment_intent_id number 433'),(434,1,'eur','test payment number 434','stripe_payment_intent_id number 434'),(435,1,'eur','test payment number 435','stripe_payment_intent_id number 435'),(436,1,'eur','test payment number 436','stripe_payment_intent_id number 436'),(437,1,'eur','test payment number 437','stripe_payment_intent_id number 437'),(438,1,'eur','test payment number 438','stripe_payment_intent_id number 438'),(439,1,'eur','test payment number 439','stripe_payment_intent_id number 439'),(440,1,'eur','test payment number 440','stripe_payment_intent_id number 440'),(441,1,'eur','test payment number 441','stripe_payment_intent_id number 441'),(442,1,'eur','test payment number 442','stripe_payment_intent_id number 442'),(443,1,'eur','test payment number 443','stripe_payment_intent_id number 443'),(444,1,'eur','test payment number 444','stripe_payment_intent_id number 444'),(445,1,'eur','test payment number 445','stripe_payment_intent_id number 445'),(446,1,'eur','test payment number 446','stripe_payment_intent_id number 446'),(447,1,'eur','test payment number 447','stripe_payment_intent_id number 447'),(448,1,'eur','test payment number 448','stripe_payment_intent_id number 448'),(449,1,'eur','test payment number 449','stripe_payment_intent_id number 449'),(450,1,'eur','test payment number 450','stripe_payment_intent_id number 450'),(451,1,'eur','test payment number 451','stripe_payment_intent_id number 451'),(452,1,'eur','test payment number 452','stripe_payment_intent_id number 452'),(453,1,'eur','test payment number 453','stripe_payment_intent_id number 453'),(454,1,'eur','test payment number 454','stripe_payment_intent_id number 454'),(455,1,'eur','test payment number 455','stripe_payment_intent_id number 455'),(456,1,'eur','test payment number 456','stripe_payment_intent_id number 456'),(457,1,'eur','test payment number 457','stripe_payment_intent_id number 457'),(458,1,'eur','test payment number 458','stripe_payment_intent_id number 458'),(459,1,'eur','test payment number 459','stripe_payment_intent_id number 459'),(460,1,'eur','test payment number 460','stripe_payment_intent_id number 460'),(461,1,'eur','test payment number 461','stripe_payment_intent_id number 461'),(462,1,'eur','test payment number 462','stripe_payment_intent_id number 462'),(463,1,'eur','test payment number 463','stripe_payment_intent_id number 463'),(464,1,'eur','test payment number 464','stripe_payment_intent_id number 464'),(465,1,'eur','test payment number 465','stripe_payment_intent_id number 465'),(466,1,'eur','test payment number 466','stripe_payment_intent_id number 466'),(467,1,'eur','test payment number 467','stripe_payment_intent_id number 467'),(468,1,'eur','test payment number 468','stripe_payment_intent_id number 468'),(469,1,'eur','test payment number 469','stripe_payment_intent_id number 469'),(470,1,'eur','test payment number 470','stripe_payment_intent_id number 470'),(471,1,'eur','test payment number 471','stripe_payment_intent_id number 471'),(472,1,'eur','test payment number 472','stripe_payment_intent_id number 472'),(473,1,'eur','test payment number 473','stripe_payment_intent_id number 473'),(474,1,'eur','test payment number 474','stripe_payment_intent_id number 474'),(475,1,'eur','test payment number 475','stripe_payment_intent_id number 475'),(476,1,'eur','test payment number 476','stripe_payment_intent_id number 476'),(477,1,'eur','test payment number 477','stripe_payment_intent_id number 477'),(478,1,'eur','test payment number 478','stripe_payment_intent_id number 478'),(479,1,'eur','test payment number 479','stripe_payment_intent_id number 479'),(480,1,'eur','test payment number 480','stripe_payment_intent_id number 480'),(481,1,'eur','test payment number 481','stripe_payment_intent_id number 481'),(482,1,'eur','test payment number 482','stripe_payment_intent_id number 482'),(483,1,'eur','test payment number 483','stripe_payment_intent_id number 483'),(484,1,'eur','test payment number 484','stripe_payment_intent_id number 484'),(485,1,'eur','test payment number 485','stripe_payment_intent_id number 485'),(486,1,'eur','test payment number 486','stripe_payment_intent_id number 486'),(487,1,'eur','test payment number 487','stripe_payment_intent_id number 487'),(488,1,'eur','test payment number 488','stripe_payment_intent_id number 488'),(489,1,'eur','test payment number 489','stripe_payment_intent_id number 489'),(490,1,'eur','test payment number 490','stripe_payment_intent_id number 490'),(491,1,'eur','test payment number 491','stripe_payment_intent_id number 491'),(492,1,'eur','test payment number 492','stripe_payment_intent_id number 492'),(493,1,'eur','test payment number 493','stripe_payment_intent_id number 493'),(494,1,'eur','test payment number 494','stripe_payment_intent_id number 494'),(495,1,'eur','test payment number 495','stripe_payment_intent_id number 495'),(496,1,'eur','test payment number 496','stripe_payment_intent_id number 496'),(497,1,'eur','test payment number 497','stripe_payment_intent_id number 497'),(498,1,'eur','test payment number 498','stripe_payment_intent_id number 498'),(499,1,'eur','test payment number 499','stripe_payment_intent_id number 499'),(500,1,'eur','test payment number 500','stripe_payment_intent_id number 500');

INSERT INTO pedido (id,date,payment_id,shipping_info_id,user_id) VALUES (1,'30-07-2019',1,1,38),(2,'15-01-2020',2,2,24),(3,'21-07-2019',3,3,22),(4,'24-09-2019',4,4,9),(5,'30-12-2019',5,5,23),(6,'28-11-2019',6,6,40),(7,'09-08-2019',7,7,59),(8,'24-08-2019',8,8,16),(9,'24-05-2020',9,9,60),(10,'04-05-2020',10,10,53),(11,'07-10-2019',11,11,62),(12,'06-10-2019',12,12,6),(13,'09-08-2019',13,13,17),(14,'07-12-2019',14,14,56),(15,'06-05-2020',15,15,5),(16,'24-11-2019',16,16,64),(17,'29-03-2020',17,17,11),(18,'17-07-2019',18,18,6),(19,'26-06-2019',19,19,53),(20,'07-03-2020',20,20,3),(21,'12-11-2019',21,21,54),(22,'09-06-2019',22,22,40),(23,'28-07-2019',23,23,43),(24,'12-05-2020',24,24,14),(25,'02-11-2019',25,25,49),(26,'01-02-2020',26,26,56),(27,'10-01-2020',27,27,50),(28,'10-07-2019',28,28,56),(29,'04-05-2020',29,29,59),(30,'16-01-2020',30,30,13),(31,'28-06-2019',31,31,10),(32,'06-06-2019',32,32,15),(33,'06-10-2019',33,33,42),(34,'08-05-2020',34,34,45),(35,'06-10-2019',35,35,55),(36,'27-11-2019',36,36,55),(37,'03-08-2019',37,37,26),(38,'11-10-2019',38,38,50),(39,'08-10-2019',39,39,50),(40,'02-05-2020',40,40,54),(41,'25-06-2019',41,41,22),(42,'23-11-2019',42,42,18),(43,'18-09-2019',43,43,46),(44,'14-12-2019',44,44,39),(45,'20-03-2020',45,45,30),(46,'31-07-2019',46,46,3),(47,'26-03-2020',47,47,53),(48,'07-03-2020',48,48,48),(49,'24-09-2019',49,49,25),(50,'19-03-2020',50,50,12),(51,'13-10-2019',51,51,63),(52,'30-03-2020',52,52,17),(53,'02-05-2020',53,53,55),(54,'26-04-2020',54,54,56),(55,'22-02-2020',55,55,20),(56,'28-02-2020',56,56,22),(57,'23-11-2019',57,57,38),(58,'08-02-2020',58,58,42),(59,'21-01-2020',59,59,39),(60,'10-05-2020',60,60,41),(61,'06-07-2019',61,61,37),(62,'06-01-2020',62,62,41),(63,'19-12-2019',63,63,48),(64,'06-05-2020',64,64,33),(65,'05-02-2020',65,65,63),(66,'29-07-2019',66,66,37),(67,'20-05-2020',67,67,41),(68,'17-08-2019',68,68,56),(69,'01-03-2020',69,69,20),(70,'01-01-2020',70,70,53),(71,'27-10-2019',71,71,64),(72,'09-11-2019',72,72,39),(73,'31-03-2020',73,73,4),(74,'09-12-2019',74,74,9),(75,'14-11-2019',75,75,27),(76,'23-11-2019',76,76,33),(77,'05-07-2019',77,77,8),(78,'07-01-2020',78,78,36),(79,'09-08-2019',79,79,35),(80,'29-05-2020',80,80,47),(81,'25-04-2020',81,81,49),(82,'28-01-2020',82,82,19),(83,'03-08-2019',83,83,4),(84,'12-12-2019',84,84,14),(85,'27-01-2020',85,85,22),(86,'15-09-2019',86,86,53),(87,'18-08-2019',87,87,39),(88,'02-11-2019',88,88,19),(89,'07-07-2019',89,89,56),(90,'30-08-2019',90,90,63),(91,'29-03-2020',91,91,14),(92,'17-09-2019',92,92,24),(93,'29-03-2020',93,93,56),(94,'29-03-2020',94,94,26),(95,'05-02-2020',95,95,63),(96,'18-03-2020',96,96,51),(97,'20-01-2020',97,97,12),(98,'07-08-2019',98,98,5),(99,'24-06-2019',99,99,55),(100,'21-02-2020',100,100,13),(101,'21-09-2019',101,101,41),(102,'04-01-2020',102,102,25),(103,'23-04-2020',103,103,34),(104,'11-12-2019',104,104,44),(105,'29-11-2019',105,105,56),(106,'11-11-2019',106,106,7),(107,'10-02-2020',107,107,10),(108,'20-11-2019',108,108,30),(109,'21-04-2020',109,109,48),(110,'02-04-2020',110,110,35),(111,'07-05-2020',111,111,37),(112,'24-02-2020',112,112,28),(113,'03-02-2020',113,113,28),(114,'21-06-2019',114,114,5),(115,'29-01-2020',115,115,63),(116,'30-10-2019',116,116,19),(117,'06-02-2020',117,117,29),(118,'07-02-2020',118,118,5),(119,'02-06-2020',119,119,6),(120,'10-11-2019',120,120,24),(121,'20-05-2020',121,121,12),(122,'05-08-2019',122,122,44),(123,'07-12-2019',123,123,11),(124,'14-06-2019',124,124,39),(125,'02-01-2020',125,125,30),(126,'21-03-2020',126,126,58),(127,'16-08-2019',127,127,20),(128,'31-01-2020',128,128,5),(129,'22-06-2019',129,129,34),(130,'07-12-2019',130,130,30),(131,'26-10-2019',131,131,25),(132,'13-06-2019',132,132,50),(133,'30-05-2020',133,133,42),(134,'09-04-2020',134,134,17),(135,'20-01-2020',135,135,55),(136,'25-06-2019',136,136,23),(137,'06-06-2019',137,137,35),(138,'23-01-2020',138,138,46),(139,'27-05-2020',139,139,10),(140,'17-08-2019',140,140,5),(141,'07-04-2020',141,141,59),(142,'26-06-2019',142,142,16),(143,'29-09-2019',143,143,57),(144,'28-09-2019',144,144,59),(145,'02-03-2020',145,145,44),(146,'12-03-2020',146,146,55),(147,'13-11-2019',147,147,13),(148,'21-08-2019',148,148,9),(149,'20-08-2019',149,149,39),(150,'07-01-2020',150,150,62),(151,'14-12-2019',151,151,50),(152,'26-02-2020',152,152,55),(153,'09-08-2019',153,153,42),(154,'18-09-2019',154,154,38),(155,'10-05-2020',155,155,4),(156,'12-10-2019',156,156,43),(157,'13-06-2019',157,157,57),(158,'17-03-2020',158,158,17),(159,'20-05-2020',159,159,58),(160,'12-03-2020',160,160,38),(161,'11-01-2020',161,161,17),(162,'17-10-2019',162,162,6),(163,'01-09-2019',163,163,18),(164,'18-04-2020',164,164,50),(165,'25-12-2019',165,165,62),(166,'02-04-2020',166,166,29),(167,'02-10-2019',167,167,43),(168,'22-08-2019',168,168,4),(169,'17-11-2019',169,169,17),(170,'27-05-2020',170,170,46),(171,'18-05-2020',171,171,35),(172,'22-04-2020',172,172,18),(173,'07-07-2019',173,173,43),(174,'22-06-2019',174,174,64),(175,'10-03-2020',175,175,50),(176,'08-07-2019',176,176,62),(177,'10-10-2019',177,177,46),(178,'19-11-2019',178,178,54),(179,'29-02-2020',179,179,43),(180,'15-05-2020',180,180,43),(181,'22-09-2019',181,181,54),(182,'03-04-2020',182,182,40),(183,'05-03-2020',183,183,18),(184,'31-01-2020',184,184,41),(185,'26-01-2020',185,185,56),(186,'11-11-2019',186,186,8),(187,'28-02-2020',187,187,26),(188,'02-08-2019',188,188,9),(189,'10-02-2020',189,189,16),(190,'16-08-2019',190,190,42),(191,'08-03-2020',191,191,48),(192,'29-11-2019',192,192,37),(193,'24-08-2019',193,193,60),(194,'10-08-2019',194,194,40),(195,'28-07-2019',195,195,58),(196,'26-05-2020',196,196,5),(197,'25-09-2019',197,197,33),(198,'29-02-2020',198,198,44),(199,'03-04-2020',199,199,36),(200,'29-04-2020',200,200,3),(201,'28-05-2020',201,201,25),(202,'21-08-2019',202,202,7),(203,'19-02-2020',203,203,41),(204,'17-11-2019',204,204,37),(205,'02-07-2019',205,205,46),(206,'16-10-2019',206,206,21),(207,'30-09-2019',207,207,14),(208,'21-01-2020',208,208,7),(209,'16-03-2020',209,209,7),(210,'21-03-2020',210,210,40),(211,'14-09-2019',211,211,48),(212,'16-12-2019',212,212,15),(213,'19-02-2020',213,213,57),(214,'26-06-2019',214,214,12),(215,'04-04-2020',215,215,41),(216,'15-07-2019',216,216,56),(217,'04-05-2020',217,217,13),(218,'10-12-2019',218,218,17),(219,'31-12-2019',219,219,46),(220,'29-04-2020',220,220,38),(221,'27-08-2019',221,221,53),(222,'13-09-2019',222,222,37),(223,'11-08-2019',223,223,39),(224,'20-03-2020',224,224,7),(225,'25-05-2020',225,225,57),(226,'24-01-2020',226,226,20),(227,'23-08-2019',227,227,21),(228,'16-09-2019',228,228,59),(229,'19-11-2019',229,229,55),(230,'31-12-2019',230,230,13),(231,'27-10-2019',231,231,21),(232,'13-02-2020',232,232,3),(233,'25-08-2019',233,233,36),(234,'07-11-2019',234,234,62),(235,'17-12-2019',235,235,30),(236,'31-10-2019',236,236,21),(237,'23-01-2020',237,237,15),(238,'25-01-2020',238,238,28),(239,'09-03-2020',239,239,35),(240,'06-05-2020',240,240,15),(241,'02-06-2020',241,241,24),(242,'26-04-2020',242,242,32),(243,'27-08-2019',243,243,16),(244,'22-05-2020',244,244,41),(245,'06-05-2020',245,245,37),(246,'13-10-2019',246,246,35),(247,'20-01-2020',247,247,38),(248,'03-08-2019',248,248,51),(249,'18-02-2020',249,249,15),(250,'18-04-2020',250,250,40),(251,'28-11-2019',251,251,25),(252,'04-09-2019',252,252,6),(253,'20-02-2020',253,253,34),(254,'01-07-2019',254,254,59),(255,'15-02-2020',255,255,36),(256,'24-08-2019',256,256,61),(257,'15-06-2019',257,257,45),(258,'12-05-2020',258,258,12),(259,'14-11-2019',259,259,42),(260,'14-04-2020',260,260,59),(261,'07-08-2019',261,261,20),(262,'06-02-2020',262,262,52),(263,'13-11-2019',263,263,5),(264,'01-10-2019',264,264,11),(265,'14-01-2020',265,265,54),(266,'11-10-2019',266,266,30),(267,'07-11-2019',267,267,35),(268,'13-05-2020',268,268,42),(269,'16-05-2020',269,269,12),(270,'31-05-2020',270,270,23),(271,'06-12-2019',271,271,12),(272,'13-01-2020',272,272,49),(273,'03-04-2020',273,273,63),(274,'30-11-2019',274,274,29),(275,'26-08-2019',275,275,16),(276,'31-07-2019',276,276,5),(277,'18-06-2019',277,277,7),(278,'02-02-2020',278,278,45),(279,'20-09-2019',279,279,21),(280,'13-04-2020',280,280,15),(281,'07-09-2019',281,281,47),(282,'09-12-2019',282,282,58),(283,'07-11-2019',283,283,8),(284,'26-02-2020',284,284,50),(285,'03-07-2019',285,285,37),(286,'11-11-2019',286,286,53),(287,'09-11-2019',287,287,41),(288,'05-06-2019',288,288,14),(289,'07-09-2019',289,289,35),(290,'25-08-2019',290,290,63),(291,'22-11-2019',291,291,61),(292,'29-12-2019',292,292,61),(293,'17-10-2019',293,293,36),(294,'02-05-2020',294,294,16),(295,'18-12-2019',295,295,34),(296,'09-07-2019',296,296,42),(297,'06-04-2020',297,297,43),(298,'03-01-2020',298,298,25),(299,'17-09-2019',299,299,62),(300,'14-09-2019',300,300,16),(301,'17-04-2020',301,301,53),(302,'16-11-2019',302,302,39),(303,'16-02-2020',303,303,22),(304,'19-03-2020',304,304,46),(305,'28-11-2019',305,305,56),(306,'05-10-2019',306,306,40),(307,'24-06-2019',307,307,56),(308,'05-03-2020',308,308,45),(309,'06-08-2019',309,309,51),(310,'17-07-2019',310,310,23),(311,'07-08-2019',311,311,8),(312,'23-12-2019',312,312,33),(313,'06-08-2019',313,313,43),(314,'12-09-2019',314,314,34),(315,'23-03-2020',315,315,35),(316,'28-01-2020',316,316,11),(317,'15-10-2019',317,317,41),(318,'21-04-2020',318,318,12),(319,'21-02-2020',319,319,32),(320,'14-12-2019',320,320,40),(321,'08-02-2020',321,321,30),(322,'17-10-2019',322,322,28),(323,'04-11-2019',323,323,15),(324,'09-11-2019',324,324,53),(325,'11-09-2019',325,325,63),(326,'02-10-2019',326,326,29),(327,'24-01-2020',327,327,36),(328,'22-10-2019',328,328,40),(329,'21-05-2020',329,329,61),(330,'20-02-2020',330,330,64),(331,'20-09-2019',331,331,34),(332,'07-01-2020',332,332,52),(333,'09-01-2020',333,333,39),(334,'11-07-2019',334,334,25),(335,'23-05-2020',335,335,56),(336,'24-01-2020',336,336,4),(337,'08-06-2019',337,337,34),(338,'05-06-2019',338,338,29),(339,'21-03-2020',339,339,57),(340,'08-06-2019',340,340,57),(341,'10-05-2020',341,341,5),(342,'30-09-2019',342,342,50),(343,'10-08-2019',343,343,47),(344,'23-03-2020',344,344,52),(345,'03-09-2019',345,345,4),(346,'27-12-2019',346,346,38),(347,'16-08-2019',347,347,61),(348,'21-01-2020',348,348,20),(349,'25-01-2020',349,349,58),(350,'24-01-2020',350,350,63),(351,'08-10-2019',351,351,60),(352,'16-10-2019',352,352,45),(353,'18-01-2020',353,353,60),(354,'10-02-2020',354,354,36),(355,'01-12-2019',355,355,64),(356,'06-09-2019',356,356,56),(357,'13-08-2019',357,357,26),(358,'25-07-2019',358,358,32),(359,'23-08-2019',359,359,11),(360,'17-12-2019',360,360,48),(361,'02-02-2020',361,361,14),(362,'01-11-2019',362,362,6),(363,'24-04-2020',363,363,19),(364,'07-07-2019',364,364,9),(365,'23-08-2019',365,365,23),(366,'15-11-2019',366,366,51),(367,'01-04-2020',367,367,14),(368,'29-06-2019',368,368,25),(369,'24-09-2019',369,369,57),(370,'11-11-2019',370,370,60),(371,'11-10-2019',371,371,22),(372,'10-07-2019',372,372,48),(373,'13-01-2020',373,373,22),(374,'07-01-2020',374,374,49),(375,'24-09-2019',375,375,55),(376,'31-10-2019',376,376,10),(377,'14-05-2020',377,377,22),(378,'29-12-2019',378,378,29),(379,'22-09-2019',379,379,32),(380,'12-04-2020',380,380,13),(381,'05-03-2020',381,381,59),(382,'28-05-2020',382,382,8),(383,'02-12-2019',383,383,41),(384,'26-05-2020',384,384,42),(385,'09-01-2020',385,385,25),(386,'02-06-2020',386,386,47),(387,'23-03-2020',387,387,41),(388,'03-03-2020',388,388,7),(389,'19-10-2019',389,389,46),(390,'16-07-2019',390,390,30),(391,'14-05-2020',391,391,31),(392,'23-03-2020',392,392,30),(393,'30-11-2019',393,393,14),(394,'03-10-2019',394,394,27),(395,'23-02-2020',395,395,42),(396,'20-01-2020',396,396,27),(397,'19-01-2020',397,397,64),(398,'01-05-2020',398,398,45),(399,'01-12-2019',399,399,16),(400,'16-09-2019',400,400,41),(401,'02-01-2020',401,401,47),(402,'20-08-2019',402,402,62),(403,'29-09-2019',403,403,49),(404,'22-10-2019',404,404,39),(405,'13-01-2020',405,405,53),(406,'15-05-2020',406,406,15),(407,'20-02-2020',407,407,35),(408,'13-12-2019',408,408,48),(409,'27-06-2019',409,409,59),(410,'28-10-2019',410,410,25),(411,'17-07-2019',411,411,39),(412,'31-07-2019',412,412,7),(413,'22-06-2019',413,413,33),(414,'06-08-2019',414,414,21),(415,'14-12-2019',415,415,22),(416,'23-12-2019',416,416,45),(417,'05-05-2020',417,417,57),(418,'21-10-2019',418,418,4),(419,'28-09-2019',419,419,51),(420,'24-03-2020',420,420,42),(421,'12-10-2019',421,421,11),(422,'09-08-2019',422,422,31),(423,'26-05-2020',423,423,16),(424,'14-01-2020',424,424,33),(425,'07-06-2019',425,425,18),(426,'10-10-2019',426,426,56),(427,'25-02-2020',427,427,49),(428,'15-08-2019',428,428,24),(429,'18-05-2020',429,429,20),(430,'15-08-2019',430,430,5),(431,'08-10-2019',431,431,31),(432,'24-01-2020',432,432,31),(433,'26-01-2020',433,433,23),(434,'03-09-2019',434,434,40),(435,'27-05-2020',435,435,30),(436,'01-09-2019',436,436,61),(437,'17-10-2019',437,437,19),(438,'21-07-2019',438,438,6),(439,'18-03-2020',439,439,8),(440,'24-06-2019',440,440,57),(441,'11-04-2020',441,441,34),(442,'10-10-2019',442,442,52),(443,'19-06-2019',443,443,20),(444,'31-01-2020',444,444,6),(445,'16-11-2019',445,445,43),(446,'16-10-2019',446,446,16),(447,'21-09-2019',447,447,34),(448,'21-09-2019',448,448,51),(449,'05-01-2020',449,449,64),(450,'12-07-2019',450,450,7),(451,'08-02-2020',451,451,55),(452,'06-07-2019',452,452,24),(453,'02-09-2019',453,453,38),(454,'13-01-2020',454,454,28),(455,'11-01-2020',455,455,20),(456,'15-06-2019',456,456,14),(457,'16-10-2019',457,457,53),(458,'09-05-2020',458,458,19),(459,'24-02-2020',459,459,21),(460,'13-05-2020',460,460,41),(461,'13-03-2020',461,461,15),(462,'09-03-2020',462,462,41),(463,'18-10-2019',463,463,20),(464,'01-02-2020',464,464,15),(465,'24-08-2019',465,465,18),(466,'15-03-2020',466,466,45),(467,'05-10-2019',467,467,58),(468,'28-11-2019',468,468,49),(469,'20-08-2019',469,469,19),(470,'17-08-2019',470,470,55),(471,'07-10-2019',471,471,40),(472,'23-04-2020',472,472,51),(473,'13-03-2020',473,473,27),(474,'09-03-2020',474,474,33),(475,'19-09-2019',475,475,47),(476,'19-04-2020',476,476,11),(477,'30-03-2020',477,477,21),(478,'11-08-2019',478,478,26),(479,'03-10-2019',479,479,46),(480,'25-05-2020',480,480,36),(481,'28-03-2020',481,481,55),(482,'17-08-2019',482,482,14),(483,'27-01-2020',483,483,6),(484,'24-01-2020',484,484,30),(485,'10-02-2020',485,485,35),(486,'19-10-2019',486,486,28),(487,'25-07-2019',487,487,49),(488,'09-05-2020',488,488,57),(489,'08-01-2020',489,489,23),(490,'17-05-2020',490,490,21),(491,'07-04-2020',491,491,38),(492,'11-10-2019',492,492,61),(493,'01-11-2019',493,493,52),(494,'09-03-2020',494,494,54),(495,'16-04-2020',495,495,54),(496,'03-03-2020',496,496,23),(497,'12-07-2019',497,497,58),(498,'18-09-2019',498,498,35),(499,'24-12-2019',499,499,52),(500,'20-11-2019',500,500,62);

INSERT INTO item (id,quantity,book_id) VALUES (201,4,124),(202,1,646),(203,3,745),(204,1,606),(205,1,356),(206,2,711),(207,3,236),(208,1,967),(209,2,993),(210,3,402),(211,3,331),(212,2,46),(213,4,461),(214,2,117),(215,4,489),(216,2,558),(217,2,446),(218,2,199),(219,3,274),(220,1,188),(221,2,321),(222,1,489),(223,3,780),(224,3,397),(225,3,314),(226,3,960),(227,4,552),(228,3,619),(229,2,570),(230,4,446),(231,2,472),(232,2,943),(233,2,286),(234,1,23),(235,2,987),(236,2,504),(237,2,500),(238,1,888),(239,4,335),(240,3,5),(241,3,245),(242,3,523),(243,4,2),(244,1,291),(245,3,364),(246,3,392),(247,3,514),(248,1,368),(249,3,516),(250,3,135),(251,1,514),(252,1,504),(253,1,862),(254,4,974),(255,4,958),(256,2,705),(257,2,849),(258,3,61),(259,1,227),(260,2,895),(261,4,245),(262,3,24),(263,2,857),(264,4,186),(265,3,479),(266,2,377),(267,2,661),(268,2,247),(269,1,703),(270,4,657),(271,1,793),(272,3,393),(273,3,861),(274,2,755),(275,4,269),(276,2,346),(277,2,579),(278,3,293),(279,2,840),(280,3,922),(281,4,42),(282,4,649),(283,4,641),(284,1,309),(285,3,466),(286,2,704),(287,2,34),(288,1,255),(289,3,363),(290,3,816),(291,4,544),(292,1,715),(293,4,299),(294,3,952),(295,3,184),(296,3,653),(297,4,728),(298,3,827),(299,2,658),(300,1,89),(301,2,35),(302,2,576),(303,1,480),(304,1,329),(305,2,69),(306,1,169),(307,4,898),(308,1,716),(309,3,601),(310,1,532),(311,3,45),(312,1,241),(313,1,34),(314,2,482),(315,2,243),(316,4,646),(317,2,698),(318,3,471),(319,2,394),(320,2,420),(321,2,390),(322,2,761),(323,2,111),(324,2,331),(325,2,110),(326,2,6),(327,3,411),(328,2,890),(329,1,491),(330,2,133),(331,2,220),(332,1,387),(333,2,737),(334,4,801),(335,2,937),(336,4,122),(337,3,334),(338,2,901),(339,1,957),(340,4,391),(341,2,46),(342,2,392),(343,2,921),(344,2,961),(345,2,301),(346,3,28),(347,2,760),(348,2,333),(349,3,43),(350,3,101),(351,2,990),(352,3,191),(353,1,688),(354,2,892),(355,4,295),(356,4,935),(357,2,922),(358,4,484),(359,1,276),(360,1,539),(361,3,995),(362,1,381),(363,3,702),(364,1,718),(365,3,821),(366,2,229),(367,4,207),(368,2,56),(369,2,517),(370,2,964),(371,2,840),(372,1,991),(373,3,262),(374,3,791),(375,1,325),(376,2,123),(377,2,859),(378,2,845),(379,4,837),(380,3,7),(381,2,101),(382,3,885),(383,2,453),(384,3,706),(385,2,496),(386,2,515),(387,2,124),(388,2,731),(389,1,52),(390,1,756),(391,3,129),(392,2,388),(393,1,742),(394,2,923),(395,3,93),(396,1,307),(397,3,641),(398,4,876),(399,2,109),(400,3,92),(401,3,539),(402,3,406),(403,1,818),(404,3,348),(405,4,753),(406,2,709),(407,3,534),(408,2,465),(409,4,510),(410,2,879),(411,4,74),(412,1,228),(413,1,73),(414,4,928),(415,1,174),(416,2,256),(417,2,166),(418,3,29),(419,4,115),(420,2,458),(421,2,807),(422,2,73),(423,4,136),(424,4,143),(425,4,951),(426,3,363),(427,3,528),(428,4,364),(429,1,221),(430,3,583),(431,3,958),(432,4,107),(433,3,959),(434,4,242),(435,3,883),(436,4,437),(437,1,998),(438,1,773),(439,4,767),(440,3,808),(441,3,341),(442,3,841),(443,2,309),(444,4,611),(445,2,27),(446,2,902),(447,4,652),(448,2,516),(449,1,908),(450,2,338),(451,3,134),(452,4,565),(453,2,654),(454,2,513),(455,2,520),(456,3,930),(457,4,150),(458,1,469),(459,3,170),(460,2,481),(461,2,931),(462,3,738),(463,2,214),(464,3,234),(465,2,308),(466,2,214),(467,2,34),(468,2,506),(469,2,613),(470,2,485),(471,2,657),(472,1,514),(473,3,263),(474,3,76),(475,3,103),(476,4,420),(477,4,188),(478,4,415),(479,3,174),(480,3,916),(481,4,706),(482,2,191),(483,1,694),(484,2,699),(485,1,759),(486,4,631),(487,1,80),(488,2,354),(489,2,478),(490,1,376),(491,3,548),(492,4,64),(493,2,25),(494,4,896),(495,1,892),(496,3,358),(497,2,380),(498,2,50),(499,2,5),(500,3,140),(501,3,608),(502,3,880),(503,2,110),(504,2,135),(505,4,105),(506,2,287),(507,2,243),(508,1,181),(509,3,356),(510,3,32),(511,2,964),(512,2,188),(513,1,356),(514,4,932),(515,2,52),(516,2,972),(517,3,631),(518,4,120),(519,3,452),(520,3,348),(521,3,219),(522,3,630),(523,3,171),(524,4,280),(525,2,428),(526,1,380),(527,3,709),(528,2,555),(529,4,158),(530,3,201),(531,3,768),(532,3,782),(533,2,37),(534,4,545),(535,2,751),(536,3,778),(537,2,14),(538,2,759),(539,3,778),(540,2,962),(541,1,222),(542,2,252),(543,2,43),(544,1,208),(545,1,779),(546,2,742),(547,1,615),(548,1,1),(549,1,201),(550,2,53),(551,3,847),(552,2,139),(553,3,541),(554,1,123),(555,3,718),(556,4,819),(557,2,872),(558,2,417),(559,2,14),(560,4,446),(561,3,897),(562,3,530),(563,3,433),(564,4,692),(565,2,432),(566,2,590),(567,4,512),(568,1,507),(569,2,175),(570,3,613),(571,2,698),(572,3,656),(573,1,348),(574,2,162),(575,3,510),(576,1,170),(577,4,279),(578,2,586),(579,3,885),(580,2,95),(581,1,197),(582,2,977),(583,2,782),(584,3,671),(585,3,679),(586,2,442),(587,2,997),(588,2,705),(589,2,828),(590,4,53),(591,3,393),(592,3,56),(593,2,103),(594,2,222),(595,1,289),(596,2,677),(597,4,257),(598,1,112),(599,4,213),(600,3,366),(601,2,348),(602,1,696),(603,1,837),(604,3,818),(605,3,913),(606,3,301),(607,3,822),(608,3,903),(609,2,380),(610,3,6),(611,3,561),(612,2,66),(613,4,568),(614,3,89),(615,3,335),(616,2,619),(617,4,967),(618,4,782),(619,2,472),(620,4,294),(621,2,889),(622,3,981),(623,1,947),(624,2,778),(625,3,578),(626,4,215),(627,3,543),(628,2,178),(629,4,843),(630,2,614),(631,2,342),(632,2,123),(633,3,909),(634,2,292),(635,1,237),(636,2,942),(637,3,414),(638,2,142),(639,3,4),(640,2,241),(641,2,943),(642,1,856),(643,2,902),(644,4,978),(645,1,163),(646,4,195),(647,2,348),(648,3,155),(649,1,730),(650,1,637),(651,4,114),(652,2,178),(653,2,4),(654,2,762),(655,4,933),(656,3,39),(657,3,598),(658,4,782),(659,4,675),(660,4,251),(661,2,714),(662,1,323),(663,3,126),(664,2,374),(665,1,206),(666,1,258),(667,1,916),(668,2,903),(669,2,232),(670,2,887),(671,2,397),(672,2,584),(673,2,701),(674,1,733),(675,1,417),(676,4,812),(677,3,800),(678,3,445),(679,2,245),(680,2,649),(681,1,799),(682,4,178),(683,1,585),(684,3,75),(685,3,389),(686,2,940),(687,2,647),(688,2,459),(689,3,254),(690,2,889),(691,1,829),(692,2,726),(693,3,602),(694,4,960),(695,3,12),(696,3,988),(697,2,355),(698,3,723),(699,2,248),(700,2,329),(701,2,709),(702,2,423),(703,3,71),(704,2,262),(705,3,313),(706,4,879),(707,3,163),(708,3,370),(709,4,478),(710,3,44),(711,2,131),(712,3,584),(713,1,677),(714,4,264),(715,2,595),(716,2,840),(717,3,451),(718,4,299),(719,2,206),(720,2,297),(721,1,872),(722,2,522),(723,4,721),(724,2,725),(725,3,166),(726,4,891),(727,4,394),(728,3,560),(729,2,223),(730,4,739),(731,3,409),(732,1,131),(733,1,770),(734,1,963),(735,2,177),(736,1,792),(737,4,588),(738,3,967),(739,3,791),(740,1,302),(741,3,848),(742,2,742),(743,2,799),(744,3,395),(745,4,859),(746,3,340),(747,1,271),(748,2,545),(749,3,752),(750,2,241),(751,1,690),(752,3,621),(753,2,571),(754,3,285),(755,3,723),(756,4,50),(757,1,582),(758,2,80),(759,3,932),(760,1,844),(761,2,340),(762,3,734),(763,1,359),(764,2,301),(765,2,691),(766,2,953),(767,2,606),(768,2,567),(769,3,305),(770,4,579),(771,3,493),(772,1,942),(773,2,479),(774,3,650),(775,3,880),(776,4,13),(777,3,94),(778,3,685),(779,1,593),(780,3,404),(781,1,14),(782,3,12),(783,3,195),(784,2,549),(785,2,453),(786,2,30),(787,3,263),(788,2,110),(789,2,667),(790,3,944),(791,4,474),(792,3,309),(793,2,740),(794,1,899),(795,3,981),(796,1,382),(797,3,142),(798,2,630),(799,3,888),(800,1,954),(801,4,301),(802,2,432),(803,4,772),(804,1,160),(805,2,345),(806,3,215),(807,3,273),(808,4,656),(809,2,384),(810,1,348),(811,1,248),(812,3,677),(813,3,423),(814,2,454),(815,3,446),(816,2,863),(817,2,189),(818,3,711),(819,1,374),(820,1,446),(821,4,979),(822,3,18),(823,4,312),(824,1,19),(825,4,791),(826,2,510),(827,4,476),(828,3,141),(829,2,210),(830,3,737),(831,3,165),(832,2,616),(833,1,790),(834,2,795),(835,4,573),(836,2,570),(837,3,605),(838,4,571),(839,1,728),(840,2,203),(841,2,329),(842,1,82),(843,2,500),(844,4,543),(845,2,232),(846,4,450),(847,3,603),(848,1,397),(849,4,681),(850,2,211),(851,3,278),(852,3,483),(853,2,695),(854,3,596),(855,2,297),(856,2,678),(857,1,141),(858,4,244),(859,2,398),(860,1,236),(861,3,853),(862,4,731),(863,3,894),(864,1,487),(865,2,196),(866,2,957),(867,2,123),(868,3,931),(869,2,535),(870,3,758),(871,1,560),(872,1,850),(873,2,659),(874,4,97),(875,1,932),(876,3,830),(877,4,184),(878,3,955),(879,3,978),(880,2,462),(881,1,561),(882,2,727),(883,3,691),(884,1,114),(885,1,656),(886,3,770),(887,4,450),(888,3,485),(889,4,540),(890,1,561),(891,4,18),(892,2,101),(893,2,376),(894,3,906),(895,3,451),(896,2,428),(897,1,217),(898,3,380),(899,1,220),(900,2,394),(901,4,47),(902,2,576),(903,1,273),(904,1,993),(905,3,446),(906,3,575),(907,2,92),(908,2,978),(909,4,52),(910,3,120),(911,3,556),(912,3,200),(913,1,447),(914,4,859),(915,2,879),(916,2,869),(917,3,431),(918,4,831),(919,2,548),(920,4,245),(921,3,392),(922,3,176),(923,1,913),(924,4,878),(925,2,286),(926,2,495),(927,2,486),(928,1,660),(929,3,508),(930,3,538),(931,2,489),(932,3,550),(933,2,46),(934,3,43),(935,1,471),(936,3,696),(937,3,130),(938,4,791),(939,3,904),(940,4,16),(941,2,58),(942,3,620),(943,1,381),(944,2,645),(945,3,853),(946,2,943),(947,3,383),(948,3,389),(949,3,98),(950,1,299),(951,3,133),(952,2,785),(953,4,175),(954,2,146),(955,2,536),(956,2,496),(957,3,324),(958,3,287),(959,2,403),(960,3,328),(961,3,97),(962,2,429),(963,3,57),(964,1,618),(965,1,130),(966,2,403),(967,2,324),(968,3,881),(969,3,82),(970,3,249),(971,2,167),(972,4,555),(973,2,715),(974,3,58),(975,2,117),(976,3,759),(977,3,154),(978,3,973),(979,2,57),(980,2,37),(981,1,114),(982,4,614),(983,4,309),(984,1,81),(985,1,953),(986,3,356),(987,2,74),(988,1,343),(989,3,871),(990,4,12),(991,1,813),(992,2,388),(993,3,443),(994,4,453),(995,4,556),(996,1,268),(997,1,36),(998,1,944),(999,3,594),(1000,2,912),(1001,1,480),(1002,3,665),(1003,2,547),(1004,2,801),(1005,4,330),(1006,3,137),(1007,3,285),(1008,3,976),(1009,4,57),(1010,3,85),(1011,1,933),(1012,2,234),(1013,3,107),(1014,1,995),(1015,4,877),(1016,2,634),(1017,2,537),(1018,2,563),(1019,2,113),(1020,3,415),(1021,4,39),(1022,3,515),(1023,3,909),(1024,2,69),(1025,3,435),(1026,1,367),(1027,2,211),(1028,2,250),(1029,2,983),(1030,3,535),(1031,2,621),(1032,1,613),(1033,2,315),(1034,2,704),(1035,2,910),(1036,4,119),(1037,1,691),(1038,3,464),(1039,4,631),(1040,2,599),(1041,4,44),(1042,2,274),(1043,2,235),(1044,1,434),(1045,2,400),(1046,2,506),(1047,2,215),(1048,3,618),(1049,3,426),(1050,1,103),(1051,1,541),(1052,2,619),(1053,2,734),(1054,3,511),(1055,3,694),(1056,4,377),(1057,3,925),(1058,1,575),(1059,1,841),(1060,4,571),(1061,2,178),(1062,2,578),(1063,3,816),(1064,1,513),(1065,2,325),(1066,4,656),(1067,3,107),(1068,4,400),(1069,3,114),(1070,2,314),(1071,2,263),(1072,2,873),(1073,3,602),(1074,2,307),(1075,2,610),(1076,3,805),(1077,3,118),(1078,2,574),(1079,1,51),(1080,3,694),(1081,2,979),(1082,4,976),(1083,2,308),(1084,2,434),(1085,2,224),(1086,4,742),(1087,2,547),(1088,2,263),(1089,3,159),(1090,2,259),(1091,2,691),(1092,1,716),(1093,1,786),(1094,4,285),(1095,4,149),(1096,4,454),(1097,4,134),(1098,2,826),(1099,2,294),(1100,3,925),(1101,2,281),(1102,2,808),(1103,4,686),(1104,3,137),(1105,1,632),(1106,2,833),(1107,2,538),(1108,2,876),(1109,4,498),(1110,3,198),(1111,3,757),(1112,2,845),(1113,2,929),(1114,1,362),(1115,3,675),(1116,3,965),(1117,2,527),(1118,2,587),(1119,3,899),(1120,1,717),(1121,4,196),(1122,1,782),(1123,1,551),(1124,2,227),(1125,2,724),(1126,2,343),(1127,1,213),(1128,2,578),(1129,2,949),(1130,2,136),(1131,2,106),(1132,1,185),(1133,4,721),(1134,4,466),(1135,3,506),(1136,4,945),(1137,3,218),(1138,4,385),(1139,2,309),(1140,3,658),(1141,2,381),(1142,1,490),(1143,3,258),(1144,1,582),(1145,1,611),(1146,1,78),(1147,1,831),(1148,4,174),(1149,4,994),(1150,3,508),(1151,2,186),(1152,1,911),(1153,2,960),(1154,3,399),(1155,4,891),(1156,2,221),(1157,3,938),(1158,4,528),(1159,3,155),(1160,3,410),(1161,2,697),(1162,1,339),(1163,4,392),(1164,3,254),(1165,4,763),(1166,2,156),(1167,2,556),(1168,4,964),(1169,3,568);

INSERT INTO pedido_items (order_id,items_id) VALUES (1,201),(1,202),(2,203),(2,204),(3,205),(3,206),(3,207),(4,208),(4,209),(5,210),(6,211),(6,212),(6,213),(7,214),(7,215),(7,216),(8,217),(8,218),(9,219),(10,220),(10,221),(11,222),(11,223),(12,224),(12,225),(13,226),(13,227),(14,228),(15,229),(15,230),(15,231),(16,232),(16,233),(17,234),(17,235),(18,236),(18,237),(19,238),(19,239),(20,240),(20,241),(20,242),(21,243),(21,244),(22,245),(22,246),(23,247),(23,248),(24,249),(24,250),(25,251),(25,252),(26,253),(26,254),(27,255),(27,256),(28,257),(28,258),(29,259),(29,260),(30,261),(30,262),(31,263),(31,264),(32,265),(32,266),(32,267),(33,268),(33,269),(34,270),(34,271),(35,272),(36,273),(37,274),(37,275),(38,276),(39,277),(39,278),(40,279),(40,280),(41,281),(41,282),(42,283),(43,284),(44,285),(44,286),(45,287),(45,288),(46,289),(46,290),(46,291),(47,292),(47,293),(48,294),(48,295),(48,296),(49,297),(50,298),(51,299),(51,300),(52,301),(52,302),(53,303),(53,304),(54,305),(54,306),(55,307),(55,308),(56,309),(56,310),(57,311),(57,312),(57,313),(58,314),(58,315),(58,316),(59,317),(59,318),(60,319),(60,320),(61,321),(61,322),(62,323),(62,324),(63,325),(64,326),(64,327),(65,328),(65,329),(66,330),(67,331),(67,332),(68,333),(68,334),(69,335),(70,336),(70,337),(71,338),(71,339),(72,340),(73,341),(73,342),(74,343),(74,344),(74,345),(75,346),(75,347),(76,348),(76,349),(77,350),(78,351),(78,352),(79,353),(79,354),(79,355),(80,356),(80,357),(80,358),(81,359),(81,360),(82,361),(82,362),(83,363),(84,364),(84,365),(85,366),(85,367),(85,368),(86,369),(87,370),(87,371),(88,372),(88,373),(89,374),(89,375),(90,376),(91,377),(91,378),(91,379),(92,380),(92,381),(93,382),(93,383),(93,384),(94,385),(94,386),(95,387),(96,388),(96,389),(97,390),(98,391),(98,392),(99,393),(100,394),(101,395),(101,396),(102,397),(102,398),(103,399),(103,400),(104,401),(104,402),(105,403),(105,404),(106,405),(106,406),(107,407),(107,408),(108,409),(108,410),(109,411),(110,412),(110,413),(110,414),(111,415),(111,416),(111,417),(112,418),(112,419),(113,420),(113,421),(113,422),(114,423),(115,424),(115,425),(116,426),(116,427),(116,428),(117,429),(117,430),(118,431),(119,432),(119,433),(119,434),(120,435),(120,436),(121,437),(121,438),(122,439),(122,440),(123,441),(123,442),(123,443),(124,444),(124,445),(125,446),(125,447),(126,448),(127,449),(127,450),(127,451),(128,452),(128,453),(129,454),(129,455),(130,456),(130,457),(131,458),(131,459),(132,460),(132,461),(133,462),(133,463),(134,464),(134,465),(134,466),(135,467),(135,468),(136,469),(136,470),(137,471),(137,472),(138,473),(138,474),(139,475),(140,476),(140,477),(140,478),(141,479),(141,480),(142,481),(142,482),(143,483),(143,484),(144,485),(144,486),(144,487),(145,488),(145,489),(146,490),(147,491),(148,492),(148,493),(149,494),(149,495),(150,496),(151,497),(151,498),(152,499),(152,500),(153,501),(153,502),(154,503),(154,504),(154,505),(155,506),(156,507),(156,508),(157,509),(158,510),(158,511),(158,512),(159,513),(160,514),(160,515),(161,516),(161,517),(162,518),(163,519),(164,520),(164,521),(165,522),(165,523),(166,524),(166,525),(167,526),(167,527),(168,528),(168,529),(169,530),(169,531),(170,532),(170,533),(170,534),(171,535),(171,536),(171,537),(172,538),(172,539),(172,540),(173,541),(174,542),(175,543),(175,544),(175,545),(176,546),(176,547),(177,548),(177,549),(178,550),(179,551),(180,552),(180,553),(181,554),(181,555),(182,556),(182,557),(183,558),(183,559),(183,560),(184,561),(184,562),(185,563),(185,564),(186,565),(186,566),(187,567),(188,568),(188,569),(189,570),(190,571),(190,572),(191,573),(191,574),(192,575),(192,576),(193,577),(193,578),(194,579),(194,580),(195,581),(195,582),(196,583),(196,584),(196,585),(197,586),(197,587),(198,588),(198,589),(199,590),(199,591),(200,592),(200,593),(201,594),(201,595),(202,596),(202,597),(203,598),(203,599),(204,600),(205,601),(205,602),(206,603),(206,604),(207,605),(207,606),(208,607),(208,608),(208,609),(209,610),(209,611),(210,612),(210,613),(211,614),(211,615),(212,616),(212,617),(213,618),(213,619),(214,620),(214,621),(215,622),(215,623),(216,624),(216,625),(217,626),(217,627),(218,628),(219,629),(220,630),(221,631),(221,632),(221,633),(222,634),(223,635),(224,636),(225,637),(226,638),(227,639),(228,640),(228,641),(229,642),(229,643),(229,644),(230,645),(230,646),(231,647),(232,648),(232,649),(233,650),(233,651),(234,652),(234,653),(235,654),(236,655),(236,656),(236,657),(237,658),(237,659),(238,660),(238,661),(238,662),(239,663),(239,664),(240,665),(240,666),(241,667),(241,668),(242,669),(242,670),(243,671),(243,672),(243,673),(244,674),(244,675),(245,676),(245,677),(245,678),(246,679),(246,680),(247,681),(247,682),(248,683),(248,684),(249,685),(250,686),(251,687),(251,688),(252,689),(252,690),(253,691),(253,692),(254,693),(254,694),(255,695),(256,696),(256,697),(257,698),(258,699),(258,700),(259,701),(259,702),(260,703),(261,704),(262,705),(262,706),(263,707),(263,708),(264,709),(264,710),(265,711),(265,712),(266,713),(266,714),(266,715),(267,716),(267,717),(268,718),(268,719),(269,720),(269,721),(270,722),(270,723),(270,724),(271,725),(271,726),(271,727),(272,728),(273,729),(273,730),(274,731),(275,732),(275,733),(275,734),(276,735),(276,736),(276,737),(277,738),(277,739),(278,740),(279,741),(280,742),(281,743),(282,744),(282,745),(283,746),(283,747),(283,748),(284,749),(285,750),(285,751),(285,752),(286,753),(286,754),(287,755),(287,756),(288,757),(288,758),(288,759),(289,760),(289,761),(289,762),(290,763),(290,764),(291,765),(291,766),(292,767),(292,768),(293,769),(293,770),(294,771),(295,772),(296,773),(296,774),(296,775),(297,776),(297,777),(298,778),(298,779),(299,780),(299,781),(300,782),(300,783),(301,784),(301,785),(302,786),(302,787),(303,788),(304,789),(304,790),(305,791),(305,792),(306,793),(306,794),(307,795),(307,796),(307,797),(308,798),(308,799),(309,800),(310,801),(310,802),(311,803),(312,804),(312,805),(313,806),(313,807),(314,808),(315,809),(315,810),(316,811),(316,812),(317,813),(317,814),(318,815),(319,816),(320,817),(320,818),(321,819),(321,820),(321,821),(322,822),(322,823),(323,824),(323,825),(324,826),(324,827),(324,828),(325,829),(325,830),(326,831),(326,832),(327,833),(327,834),(327,835),(328,836),(328,837),(329,838),(329,839),(329,840),(330,841),(330,842),(330,843),(331,844),(331,845),(332,846),(332,847),(333,848),(334,849),(334,850),(335,851),(335,852),(336,853),(337,854),(338,855),(338,856),(339,857),(340,858),(340,859),(341,860),(341,861),(342,862),(343,863),(343,864),(344,865),(344,866),(344,867),(345,868),(345,869),(346,870),(346,871),(347,872),(347,873),(348,874),(348,875),(349,876),(349,877),(350,878),(351,879),(351,880),(351,881),(352,882),(352,883),(352,884),(353,885),(353,886),(354,887),(354,888),(355,889),(355,890),(356,891),(356,892),(356,893),(357,894),(357,895),(358,896),(358,897),(358,898),(359,899),(359,900),(360,901),(360,902),(361,903),(361,904),(362,905),(362,906),(362,907),(363,908),(364,909),(364,910),(365,911),(365,912),(365,913),(366,914),(366,915),(367,916),(367,917),(368,918),(368,919),(368,920),(369,921),(369,922),(370,923),(370,924),(370,925),(371,926),(371,927),(372,928),(372,929),(373,930),(374,931),(374,932),(375,933),(376,934),(376,935),(377,936),(377,937),(378,938),(378,939),(379,940),(379,941),(380,942),(380,943),(381,944),(381,945),(382,946),(382,947),(383,948),(384,949),(384,950),(385,951),(386,952),(386,953),(387,954),(388,955),(388,956),(389,957),(390,958),(390,959),(391,960),(391,961),(391,962),(392,963),(392,964),(393,965),(394,966),(395,967),(395,968),(396,969),(396,970),(396,971),(397,972),(397,973),(397,974),(398,975),(399,976),(399,977),(399,978),(400,979),(400,980),(401,981),(402,982),(403,983),(403,984),(404,985),(404,986),(405,987),(405,988),(405,989),(406,990),(406,991),(407,992),(407,993),(408,994),(409,995),(410,996),(410,997),(411,998),(411,999),(412,1000),(412,1001),(413,1002),(413,1003),(414,1004),(414,1005),(415,1006),(415,1007),(415,1008),(416,1009),(417,1010),(417,1011),(417,1012),(418,1013),(419,1014),(419,1015),(420,1016),(421,1017),(421,1018),(421,1019),(422,1020),(423,1021),(423,1022),(424,1023),(425,1024),(426,1025),(427,1026),(427,1027),(428,1028),(428,1029),(429,1030),(430,1031),(430,1032),(431,1033),(432,1034),(432,1035),(432,1036),(433,1037),(433,1038),(434,1039),(434,1040),(434,1041),(435,1042),(436,1043),(436,1044),(437,1045),(438,1046),(438,1047),(438,1048),(439,1049),(439,1050),(439,1051),(440,1052),(440,1053),(441,1054),(442,1055),(443,1056),(443,1057),(444,1058),(444,1059),(445,1060),(445,1061),(446,1062),(446,1063),(447,1064),(447,1065),(447,1066),(448,1067),(448,1068),(448,1069),(449,1070),(450,1071),(450,1072),(451,1073),(452,1074),(452,1075),(453,1076),(454,1077),(454,1078),(455,1079),(456,1080),(456,1081),(456,1082),(457,1083),(458,1084),(459,1085),(460,1086),(460,1087),(461,1088),(462,1089),(462,1090),(463,1091),(463,1092),(463,1093),(464,1094),(464,1095),(465,1096),(465,1097),(466,1098),(466,1099),(467,1100),(468,1101),(469,1102),(469,1103),(470,1104),(470,1105),(471,1106),(471,1107),(471,1108),(472,1109),(473,1110),(473,1111),(473,1112),(474,1113),(475,1114),(476,1115),(477,1116),(477,1117),(478,1118),(478,1119),(479,1120),(479,1121),(479,1122),(480,1123),(480,1124),(481,1125),(481,1126),(482,1127),(482,1128),(483,1129),(483,1130),(484,1131),(484,1132),(485,1133),(485,1134),(485,1135),(486,1136),(486,1137),(487,1138),(487,1139),(487,1140),(488,1141),(489,1142),(489,1143),(490,1144),(490,1145),(490,1146),(491,1147),(491,1148),(491,1149),(492,1150),(492,1151),(492,1152),(493,1153),(494,1154),(494,1155),(495,1156),(495,1157),(495,1158),(496,1159),(496,1160),(497,1161),(497,1162),(498,1163),(498,1164),(499,1165),(499,1166),(500,1167),(500,1168),(500,1169);
