INSERT INTO item (id,created_by,created_date,last_modified_by,last_modified_date,quantity,book_id) VALUES (1,'1',null,'1',null,3,981),(2,'1',null,'1',null,2,810),(3,'1',null,'1',null,4,53),(4,'1',null,'1',null,2,842),(5,'1',null,'1',null,3,27),(6,'1',null,'1',null,4,91),(7,'1',null,'1',null,2,901),(8,'1',null,'1',null,4,513),(9,'1',null,'1',null,1,621),(10,'1',null,'1',null,1,318),(11,'1',null,'1',null,3,166),(12,'1',null,'1',null,1,507),(13,'1',null,'1',null,2,294),(14,'1',null,'1',null,3,800),(15,'1',null,'1',null,3,621),(16,'1',null,'1',null,3,526),(17,'1',null,'1',null,1,764),(18,'1',null,'1',null,3,234),(19,'1',null,'1',null,2,808),(20,'1',null,'1',null,3,860),(21,'1',null,'1',null,2,210),(22,'1',null,'1',null,4,236),(23,'1',null,'1',null,2,590),(24,'1',null,'1',null,2,609),(25,'1',null,'1',null,4,550),(26,'1',null,'1',null,3,655),(27,'1',null,'1',null,2,772),(28,'1',null,'1',null,2,122),(29,'1',null,'1',null,1,180),(30,'1',null,'1',null,1,861),(31,'1',null,'1',null,3,863),(32,'1',null,'1',null,2,519),(33,'1',null,'1',null,2,816),(34,'1',null,'1',null,2,529),(35,'1',null,'1',null,3,248),(36,'1',null,'1',null,3,424),(37,'1',null,'1',null,4,403),(38,'1',null,'1',null,4,650),(39,'1',null,'1',null,2,358),(40,'1',null,'1',null,2,245),(41,'1',null,'1',null,2,231),(42,'1',null,'1',null,2,743),(43,'1',null,'1',null,3,603),(44,'1',null,'1',null,2,635),(45,'1',null,'1',null,4,707),(46,'1',null,'1',null,3,534),(47,'1',null,'1',null,3,148),(48,'1',null,'1',null,3,997),(49,'1',null,'1',null,1,454),(50,'1',null,'1',null,3,556),(51,'1',null,'1',null,3,810),(52,'1',null,'1',null,2,131),(53,'1',null,'1',null,4,650),(54,'1',null,'1',null,3,438),(55,'1',null,'1',null,3,647),(56,'1',null,'1',null,4,402),(57,'1',null,'1',null,1,808),(58,'1',null,'1',null,3,856),(59,'1',null,'1',null,3,20),(60,'1',null,'1',null,2,33),(61,'1',null,'1',null,3,393),(62,'1',null,'1',null,3,389),(63,'1',null,'1',null,3,194),(64,'1',null,'1',null,3,396),(65,'1',null,'1',null,3,976),(66,'1',null,'1',null,2,758),(67,'1',null,'1',null,2,773),(68,'1',null,'1',null,1,397),(69,'1',null,'1',null,2,842),(70,'1',null,'1',null,1,214),(71,'1',null,'1',null,1,522),(72,'1',null,'1',null,2,338),(73,'1',null,'1',null,3,217),(74,'1',null,'1',null,2,22),(75,'1',null,'1',null,3,366),(76,'1',null,'1',null,2,859),(77,'1',null,'1',null,4,564),(78,'1',null,'1',null,2,319),(79,'1',null,'1',null,2,637),(80,'1',null,'1',null,4,821),(81,'1',null,'1',null,3,597),(82,'1',null,'1',null,2,809),(83,'1',null,'1',null,2,850),(84,'1',null,'1',null,4,249),(85,'1',null,'1',null,1,962),(86,'1',null,'1',null,2,46),(87,'1',null,'1',null,2,573),(88,'1',null,'1',null,1,693),(89,'1',null,'1',null,1,745),(90,'1',null,'1',null,3,277),(91,'1',null,'1',null,2,183),(92,'1',null,'1',null,2,637),(93,'1',null,'1',null,3,236),(94,'1',null,'1',null,2,116),(95,'1',null,'1',null,1,559),(96,'1',null,'1',null,3,785),(97,'1',null,'1',null,2,628),(98,'1',null,'1',null,3,493),(99,'1',null,'1',null,2,25),(100,'1',null,'1',null,2,371),(101,'1',null,'1',null,3,588),(102,'1',null,'1',null,3,656),(103,'1',null,'1',null,1,69),(104,'1',null,'1',null,1,844),(105,'1',null,'1',null,1,841),(106,'1',null,'1',null,3,190),(107,'1',null,'1',null,3,672),(108,'1',null,'1',null,2,536),(109,'1',null,'1',null,2,232),(110,'1',null,'1',null,3,300),(111,'1',null,'1',null,1,267),(112,'1',null,'1',null,2,181),(113,'1',null,'1',null,3,918),(114,'1',null,'1',null,2,848),(115,'1',null,'1',null,2,645),(116,'1',null,'1',null,2,399),(117,'1',null,'1',null,2,633),(118,'1',null,'1',null,2,877),(119,'1',null,'1',null,3,358),(120,'1',null,'1',null,4,512),(121,'1',null,'1',null,2,172),(122,'1',null,'1',null,1,614),(123,'1',null,'1',null,4,414),(124,'1',null,'1',null,1,292),(125,'1',null,'1',null,3,556),(126,'1',null,'1',null,4,188),(127,'1',null,'1',null,2,319),(128,'1',null,'1',null,1,520),(129,'1',null,'1',null,3,534),(130,'1',null,'1',null,1,550),(131,'1',null,'1',null,4,767),(132,'1',null,'1',null,2,461),(133,'1',null,'1',null,1,348),(134,'1',null,'1',null,3,346),(135,'1',null,'1',null,3,529),(136,'1',null,'1',null,3,617),(137,'1',null,'1',null,3,936),(138,'1',null,'1',null,2,708),(139,'1',null,'1',null,2,334),(140,'1',null,'1',null,3,374),(141,'1',null,'1',null,2,17),(142,'1',null,'1',null,4,223),(143,'1',null,'1',null,2,803),(144,'1',null,'1',null,3,411),(145,'1',null,'1',null,1,695),(146,'1',null,'1',null,3,552),(147,'1',null,'1',null,2,740),(148,'1',null,'1',null,2,974),(149,'1',null,'1',null,2,563),(150,'1',null,'1',null,1,455),(151,'1',null,'1',null,2,307),(152,'1',null,'1',null,4,388),(153,'1',null,'1',null,2,423),(154,'1',null,'1',null,2,193),(155,'1',null,'1',null,2,916),(156,'1',null,'1',null,1,408),(157,'1',null,'1',null,1,94),(158,'1',null,'1',null,3,549),(159,'1',null,'1',null,1,870),(160,'1',null,'1',null,3,292),(161,'1',null,'1',null,2,959),(162,'1',null,'1',null,2,971),(163,'1',null,'1',null,3,49),(164,'1',null,'1',null,3,689),(165,'1',null,'1',null,4,192),(166,'1',null,'1',null,2,556),(167,'1',null,'1',null,1,207),(168,'1',null,'1',null,2,718),(169,'1',null,'1',null,1,819),(170,'1',null,'1',null,2,866),(171,'1',null,'1',null,3,672),(172,'1',null,'1',null,3,841),(173,'1',null,'1',null,3,68),(174,'1',null,'1',null,1,836),(175,'1',null,'1',null,4,506),(176,'1',null,'1',null,3,410),(177,'1',null,'1',null,4,658),(178,'1',null,'1',null,3,230),(179,'1',null,'1',null,3,409),(180,'1',null,'1',null,1,980),(181,'1',null,'1',null,1,972),(182,'1',null,'1',null,4,404),(183,'1',null,'1',null,3,941),(184,'1',null,'1',null,3,768),(185,'1',null,'1',null,2,269),(186,'1',null,'1',null,3,367),(187,'1',null,'1',null,3,852),(188,'1',null,'1',null,4,863),(189,'1',null,'1',null,3,385),(190,'1',null,'1',null,3,354),(191,'1',null,'1',null,1,561),(192,'1',null,'1',null,4,56),(193,'1',null,'1',null,4,580),(194,'1',null,'1',null,3,435),(195,'1',null,'1',null,2,100),(196,'1',null,'1',null,3,393),(197,'1',null,'1',null,2,466),(198,'1',null,'1',null,3,865),(199,'1',null,'1',null,4,74),(200,'1',null,'1',null,2,826);

INSERT INTO cart (id,created_by,created_date,last_modified_by,last_modified_date,is_committed,stripe_client_secret,stripe_payment_intent_id) VALUES
(1,'1',null,'1',null,false,null,null),
(2,'1',null,'1',null,false,null,null),
(3,'1',null,'1',null,false,null,null),
(4,'1',null,'1',null,false,null,null),
(5,'1',null,'1',null,false,null,null),
(6,'1',null,'1',null,false,null,null),
(7,'1',null,'1',null,false,null,null),
(8,'1',null,'1',null,false,null,null),
(9,'1',null,'1',null,false,null,null),
(10,'1',null,'1',null,false,null,null),
(11,'1',null,'1',null,false,null,null),
(12,'1',null,'1',null,false,null,null),
(13,'1',null,'1',null,false,null,null),
(14,'1',null,'1',null,false,null,null),
(15,'1',null,'1',null,false,null,null),
(16,'1',null,'1',null,false,null,null),
(17,'1',null,'1',null,false,null,null),
(18,'1',null,'1',null,false,null,null),
(19,'1',null,'1',null,false,null,null),
(20,'1',null,'1',null,false,null,null),
(21,'1',null,'1',null,false,null,null),
(22,'1',null,'1',null,false,null,null),
(23,'1',null,'1',null,false,null,null),
(24,'1',null,'1',null,false,null,null),
(25,'1',null,'1',null,false,null,null),
(26,'1',null,'1',null,false,null,null),
(27,'1',null,'1',null,false,null,null),
(28,'1',null,'1',null,false,null,null),
(29,'1',null,'1',null,false,null,null),
(30,'1',null,'1',null,false,null,null),
(31,'1',null,'1',null,false,null,null),
(32,'1',null,'1',null,false,null,null),
(33,'1',null,'1',null,false,null,null),
(34,'1',null,'1',null,false,null,null),
(35,'1',null,'1',null,false,null,null),
(36,'1',null,'1',null,false,null,null),
(37,'1',null,'1',null,false,null,null),
(38,'1',null,'1',null,false,null,null),
(39,'1',null,'1',null,false,null,null),
(40,'1',null,'1',null,false,null,null),
(41,'1',null,'1',null,false,null,null),
(42,'1',null,'1',null,false,null,null),
(43,'1',null,'1',null,false,null,null),
(44,'1',null,'1',null,false,null,null),
(45,'1',null,'1',null,false,null,null),
(46,'1',null,'1',null,false,null,null),
(47,'1',null,'1',null,false,null,null),
(48,'1',null,'1',null,false,null,null),
(49,'1',null,'1',null,false,null,null),
(50,'1',null,'1',null,false,null,null),
(51,'1',null,'1',null,false,null,null),
(52,'1',null,'1',null,false,null,null),
(53,'1',null,'1',null,false,null,null),
(54,'1',null,'1',null,false,null,null),
(55,'1',null,'1',null,false,null,null),
(56,'1',null,'1',null,false,null,null),
(57,'1',null,'1',null,false,null,null),
(58,'1',null,'1',null,false,null,null),
(59,'1',null,'1',null,false,null,null),
(60,'1',null,'1',null,false,null,null),
(61,'1',null,'1',null,false,null,null),
(62,'1',null,'1',null,false,null,null),
(63,'1',null,'1',null,false,null,null),
(64,'1',null,'1',null,false,null,null);

INSERT INTO cart_items (cart_id,items_id) VALUES (63,1),(14,2),(16,3),(13,4),(4,5),(28,6),(63,7),(38,8),(60,9),(20,10),(52,11),(20,12),(27,13),(4,14),(49,15),(5,16),(18,17),(58,18),(7,19),(4,20),(25,21),(37,22),(44,23),(29,24),(52,25),(21,26),(13,27),(55,28),(36,29),(59,30),(21,31),(28,32),(12,33),(53,34),(17,35),(60,36),(25,37),(17,38),(50,39),(27,40),(29,41),(43,42),(40,43),(25,44),(43,45),(38,46),(60,47),(29,48),(5,49),(26,50),(24,51),(43,52),(18,53),(17,54),(19,55),(41,56),(46,57),(45,58),(42,59),(37,60),(37,61),(44,62),(15,63),(42,64),(39,65),(4,66),(6,67),(53,68),(26,69),(40,70),(63,71),(50,72),(6,73),(16,74),(61,75),(38,76),(34,77),(24,78),(34,79),(36,80),(41,81),(51,82),(25,83),(22,84),(59,85),(43,86),(46,87),(51,88),(16,89),(11,90),(14,91),(57,92),(22,93),(58,94),(5,95),(52,96),(33,97),(28,98),(39,99),(34,100),(58,101),(58,102),(46,103),(5,104),(6,105),(51,106),(46,107),(26,108),(62,109),(58,110),(21,111),(10,112),(54,113),(39,114),(27,115),(51,116),(13,117),(51,118),(60,119),(38,120),(53,121),(32,122),(28,123),(8,124),(29,125),(7,126),(35,127),(20,128),(4,129),(36,130),(17,131),(3,132),(42,133),(36,134),(17,135),(42,136),(26,137),(63,138),(36,139),(58,140),(4,141),(41,142),(36,143),(60,144),(56,145),(56,146),(64,147),(13,148),(29,149),(40,150),(28,151),(21,152),(5,153),(8,154),(48,155),(55,156),(3,157),(36,158),(32,159),(39,160),(2,161),(38,162),(8,163),(3,164),(24,165),(20,166),(21,167),(33,168),(13,169),(8,170),(56,171),(39,172),(39,173),(11,174),(63,175),(23,176),(40,177),(35,178),(45,179),(56,180),(22,181),(63,182),(48,183),(62,184),(37,185),(29,186),(11,187),(25,188),(18,189),(44,190),(23,191),(48,192),(50,193),(5,194),(29,195),(27,196),(5,197),(40,198),(29,199),(48,200);

INSERT INTO profile (id,created_by,created_date,last_modified_by,last_modified_date,birth_date,first_name,gender,last_name,phone) VALUES
(1,'1',null,'1',null,null,'firstmarket','UNDEFINED','admin','123456789'),
(2,'1',null,'1',null,'22-12-1958','Peter','MALE','Parker','123456789'),
(3,'1',null,'1',null,'29-04-1995','Marco','MALE','Polo','123456789'),
(4,'1',null,'1',null,'04-10-1987','Misrraim','MALE','Suárez Pérez','123456789'),
(5,'1',null,'1',null,'09-05-1987','Lucinda','FEMALE','Lages','123456789'),
(6,'1',null,'1',null,'12-10-1976','Luis','MALE','Vizcaíno Dávila','123456789'),
(7,'1',null,'1',null,'31-08-1945','Marta','FEMALE','Piñero','123456789'),
(8,'1',null,'1',null,'04-12-2005','Tomas','MALE','Pérez','123456789'),
(9,'1',null,'1',null,'11-03-1993','Carlos','MALE','Gómez','123456789'),
(10,'1',null,'1',null,'04-02-1958','Jabel','MALE','Suárez','123456789'),
(11,'1',null,'1',null,'13-06-1939','Irene','FEMALE','Hernández','123456789'),
(12,'1',null,'1',null,'19-08-1951','Felix','MALE','El Gato','123456789'),
(13,'1',null,'1',null,'18-10-1968','Alicia','FEMALE','Escudero','123456789'),
(14,'1',null,'1',null,'16-09-1964','Debora','FEMALE','Hombres','123456789'),
(15,'1',null,'1',null,'04-10-1975','Jon','MALE','McBill','123456789'),
(16,'1',null,'1',null,'03-12-1989','Karl','MALE','Gauss','123456789'),
(17,'1',null,'1',null,'03-03-1998','Gupta','MALE','Arjani','123456789'),
(18,'1',null,'1',null,'01-01-1986','Amesh','FEMALE','Sinhtra','123456789'),
(19,'1',null,'1',null,'06-12-1998','Giancarlo','MALE','Ponzo','123456789'),
(20,'1',null,'1',null,'30-12-1983','Mauricio','MALE','Lemos','123456789'),
(21,'1',null,'1',null,'22-04-1974','Tobbias','MALE','Hunter','123456789'),
(22,'1',null,'1',null,'25-06-1997','Fátima','FEMALE','Pérez','123456789'),
(23,'1',null,'1',null,'29-07-1961','César','MALE','Suárez','123456789'),
(24,'1',null,'1',null,'28-10-1973','Francisco','MALE','Marhuenda','123456789'),
(25,'1',null,'1',null,'19-03-1973','Arima','FEMALE','Vega','123456789'),
(26,'1',null,'1',null,'17-05-2007','Rosa','FEMALE','Pérez','123456789'),
(27,'1',null,'1',null,'17-04-1995','Sebastián','MALE','Pérez','123456789'),
(28,'1',null,'1',null,'30-09-1949','Gabriel','MALE','Suárez','123456789'),
(29,'1',null,'1',null,'26-10-1947','Josefa','FEMALE','Polo','123456789'),
(30,'1',null,'1',null,'08-03-1992','María','FEMALE','Hernández','123456789'),
(31,'1',null,'1',null,'14-08-1964','Gazmira','FEMALE','Suárez','123456789'),
(32,'1',null,'1',null,'02-03-1989','Enzo','MALE','Benítez','123456789'),
(33,'1',null,'1',null,'26-02-2006','Fabricio','MALE','Benítez','123456789'),
(34,'1',null,'1',null,'30-08-1999','Manuel','MALE','Suárez','123456789'),
(35,'1',null,'1',null,'31-07-1996','Aarón','MALE','Suárez','123456789'),
(36,'1',null,'1',null,null,'Jacob','MALE','Travieso','123456789'),
(37,'1',null,'1',null,'29-06-1985','Moises','MALE','Suárez','123456789'),
(38,'1',null,'1',null,null,'Ramses','MALE','Segundo','123456789'),
(39,'1',null,'1',null,'12-05-2001','Aníbal','MALE','Lekter','123456789'),
(40,'1',null,'1',null,null,'Jonathan','MALE','Abrante Tejera','123456789'),
(41,'1',null,'1',null,'06-09-2000','Magdalena','FEMALE','Gutiérrez','123456789'),
(42,'1',null,'1',null,null,'Samantha','FEMALE','Polo','123456789'),
(43,'1',null,'1',null,'01-03-2004','Ágata','FEMALE','Dos Reis','123456789'),
(44,'1',null,'1',null,null,'Arminda','FEMALE','Rainha','123456789'),
(45,'1',null,'1',null,'05-10-1956','Doramas','MALE','Rey','123456789'),
(46,'1',null,'1',null,null,'Francisco','MALE','Vega','123456789'),
(47,'1',null,'1',null,'20-02-1993','José','MALE','Pérez','123456789'),
(48,'1',null,'1',null,null,'Jesús','MALE','De Nazaret','123456789'),
(49,'1',null,'1',null,'11-11-2010','Antonio','MALE','Morales','123456789'),
(50,'1',null,'1',null,null,'Antonio','MALE','Piñero','123456789'),
(51,'1',null,'1',null,'08-11-1980','Óscar','MALE','Rojo','123456789'),
(52,'1',null,'1',null,null,'Jon','MALE','Smith','123456789'),
(53,'1',null,'1',null,'09-01-1972','Barry','MALE','Lambert','123456789'),
(54,'1',null,'1',null,null,'Claude','MALE','Demond','123456789'),
(55,'1',null,'1',null,'03-12-1987','Mariana','FEMALE','Cándida','123456789'),
(56,'1',null,'1',null,null,'Arley','MALE','Mauricio','123456789'),
(57,'1',null,'1',null,'23-04-1999','Pamela','FEMALE','Anderson','123456789'),
(58,'1',null,'1',null,null,'Fernando','MALE','Leite','123456789'),
(59,'1',null,'1',null,'02-10-1983','Cristina','FEMALE','Pedroche','123456789'),
(60,'1',null,'1',null,null,'Emmanuel','MALE','Solana','123456789'),
(61,'1',null,'1',null,null,'Ainara','FEMALE','Samperio','123456789'),
(62,'1',null,'1',null,'04-11-1967','Iker','MALE','Casillas','123456789'),
(63,'1',null,'1',null,null,'Diamantino','MALE','Peixoto','123456789'),
(64,'1',null,'1',null,null,'Duarte','MALE','Fernandes','123456789');


INSERT INTO usuario (id,created_by,created_date,last_modified_by,last_modified_date,email,completed,suspended,account_locked,account_expired,credentials_expired,password,cart_id,profile_id) VALUES
(1,'1',null,'1',null,'admin@fm.com',true,false,false,false,false,'$2a$10$b6cNYRchyum58sJw3BrS2OYRm9GiqRYDwlHTLKFY3fdD/kRS2GL0G',1,1),
(2,'1',null,'1',null,'peter2@fm.com',true,false,false,false,false,'$2a$10$b6cNYRchyum58sJw3BrS2OYRm9GiqRYDwlHTLKFY3fdD/kRS2GL0G',2,2),
(3,'1',null,'1',null,'marco3@fm.com',true,false,false,false,false,'$2a$10$b6cNYRchyum58sJw3BrS2OYRm9GiqRYDwlHTLKFY3fdD/kRS2GL0G',3,3),
(4,'1',null,'1',null,'misrraimsp@gmail.com',true,false,false,false,false,'$2a$10$b6cNYRchyum58sJw3BrS2OYRm9GiqRYDwlHTLKFY3fdD/kRS2GL0G',4,4),
(5,'1',null,'1',null,'pentagono5@fm.com',true,false,false,false,false,'$2a$10$b6cNYRchyum58sJw3BrS2OYRm9GiqRYDwlHTLKFY3fdD/kRS2GL0G',5,5),
(6,'1',null,'1',null,'xavi6@fm.com',true,false,false,false,false,'$2a$10$b6cNYRchyum58sJw3BrS2OYRm9GiqRYDwlHTLKFY3fdD/kRS2GL0G',6,6),
(7,'1',null,'1',null,'magic7@fm.com',true,false,false,false,false,'$2a$10$b6cNYRchyum58sJw3BrS2OYRm9GiqRYDwlHTLKFY3fdD/kRS2GL0G',7,7),
(8,'1',null,'1',null,'oito8@fm.com',true,false,false,false,false,'$2a$10$b6cNYRchyum58sJw3BrS2OYRm9GiqRYDwlHTLKFY3fdD/kRS2GL0G',8,8),
(9,'1',null,'1',null,'nou9@fm.com',true,false,false,false,false,'$2a$10$b6cNYRchyum58sJw3BrS2OYRm9GiqRYDwlHTLKFY3fdD/kRS2GL0G',9,9),
(10,'1',null,'1',null,'tenten10@fm.com',true,false,false,false,false,'$2a$10$b6cNYRchyum58sJw3BrS2OYRm9GiqRYDwlHTLKFY3fdD/kRS2GL0G',10,10),
(11,'1',null,'1',null,'eleven11@fm.com',true,false,false,false,false,'$2a$10$b6cNYRchyum58sJw3BrS2OYRm9GiqRYDwlHTLKFY3fdD/kRS2GL0G',11,11),
(12,'1',null,'1',null,'twelve12@fm.com',true,false,false,false,false,'$2a$10$b6cNYRchyum58sJw3BrS2OYRm9GiqRYDwlHTLKFY3fdD/kRS2GL0G',12,12),
(13,'1',null,'1',null,'crystal13@fm.com',true,false,false,false,false,'$2a$10$b6cNYRchyum58sJw3BrS2OYRm9GiqRYDwlHTLKFY3fdD/kRS2GL0G',13,13),
(14,'1',null,'1',null,'tambaro14@fm.com',true,false,false,false,false,'$2a$10$b6cNYRchyum58sJw3BrS2OYRm9GiqRYDwlHTLKFY3fdD/kRS2GL0G',14,14),
(15,'1',null,'1',null,'megamail15@fm.com',true,false,false,false,false,'$2a$10$b6cNYRchyum58sJw3BrS2OYRm9GiqRYDwlHTLKFY3fdD/kRS2GL0G',15,15),
(16,'1',null,'1',null,'pitoniso16@fm.com',true,false,false,false,false,'$2a$10$b6cNYRchyum58sJw3BrS2OYRm9GiqRYDwlHTLKFY3fdD/kRS2GL0G',16,16),
(17,'1',null,'1',null,'pythonis17@fm.com',true,false,false,false,false,'$2a$10$b6cNYRchyum58sJw3BrS2OYRm9GiqRYDwlHTLKFY3fdD/kRS2GL0G',17,17),
(18,'1',null,'1',null,'javais4u18@fm.com',true,false,false,false,false,'$2a$10$b6cNYRchyum58sJw3BrS2OYRm9GiqRYDwlHTLKFY3fdD/kRS2GL0G',18,18),
(19,'1',null,'1',null,'someaddress19@fm.com',true,false,false,false,false,'$2a$10$b6cNYRchyum58sJw3BrS2OYRm9GiqRYDwlHTLKFY3fdD/kRS2GL0G',19,19),
(20,'1',null,'1',null,'el20@fm.com',true,false,false,false,false,'$2a$10$b6cNYRchyum58sJw3BrS2OYRm9GiqRYDwlHTLKFY3fdD/kRS2GL0G',20,20),
(21,'1',null,'1',null,'hlopus21@fm.com',true,false,false,false,false,'$2a$10$b6cNYRchyum58sJw3BrS2OYRm9GiqRYDwlHTLKFY3fdD/kRS2GL0G',21,21),
(22,'1',null,'1',null,'harrison22@fm.com',true,false,false,false,false,'$2a$10$b6cNYRchyum58sJw3BrS2OYRm9GiqRYDwlHTLKFY3fdD/kRS2GL0G',22,22),
(23,'1',null,'1',null,'lucia23@fm.com',true,false,false,false,false,'$2a$10$b6cNYRchyum58sJw3BrS2OYRm9GiqRYDwlHTLKFY3fdD/kRS2GL0G',23,23),
(24,'1',null,'1',null,'mis24@fm.com',true,false,false,false,false,'$2a$10$b6cNYRchyum58sJw3BrS2OYRm9GiqRYDwlHTLKFY3fdD/kRS2GL0G',24,24),
(25,'1',null,'1',null,'mailrandom25@fm.com',true,false,false,false,false,'$2a$10$b6cNYRchyum58sJw3BrS2OYRm9GiqRYDwlHTLKFY3fdD/kRS2GL0G',25,25),
(26,'1',null,'1',null,'randommail26@fm.com',true,false,false,false,false,'$2a$10$b6cNYRchyum58sJw3BrS2OYRm9GiqRYDwlHTLKFY3fdD/kRS2GL0G',26,26),
(27,'1',null,'1',null,'java4u27@fm.com',true,false,false,false,false,'$2a$10$b6cNYRchyum58sJw3BrS2OYRm9GiqRYDwlHTLKFY3fdD/kRS2GL0G',27,27),
(28,'1',null,'1',null,'problemon28@fm.com',true,false,false,false,false,'$2a$10$b6cNYRchyum58sJw3BrS2OYRm9GiqRYDwlHTLKFY3fdD/kRS2GL0G',28,28),
(29,'1',null,'1',null,'namibia29@fm.com',true,false,false,false,false,'$2a$10$b6cNYRchyum58sJw3BrS2OYRm9GiqRYDwlHTLKFY3fdD/kRS2GL0G',29,29),
(30,'1',null,'1',null,'konakri30@fm.com',true,false,false,false,false,'$2a$10$b6cNYRchyum58sJw3BrS2OYRm9GiqRYDwlHTLKFY3fdD/kRS2GL0G',30,30),
(31,'1',null,'1',null,'cayuko31@fm.com',true,false,false,false,false,'$2a$10$b6cNYRchyum58sJw3BrS2OYRm9GiqRYDwlHTLKFY3fdD/kRS2GL0G',31,31),
(32,'1',null,'1',null,'patera32@fm.com',true,false,false,false,false,'$2a$10$b6cNYRchyum58sJw3BrS2OYRm9GiqRYDwlHTLKFY3fdD/kRS2GL0G',32,32),
(33,'1',null,'1',null,'charco33@fm.com',true,false,false,false,false,'$2a$10$b6cNYRchyum58sJw3BrS2OYRm9GiqRYDwlHTLKFY3fdD/kRS2GL0G',33,33),
(34,'1',null,'1',null,'laspalmas34@fm.com',true,false,false,false,false,'$2a$10$b6cNYRchyum58sJw3BrS2OYRm9GiqRYDwlHTLKFY3fdD/kRS2GL0G',34,34),
(35,'1',null,'1',null,'noteimporta35@fm.com',true,false,false,false,false,'$2a$10$b6cNYRchyum58sJw3BrS2OYRm9GiqRYDwlHTLKFY3fdD/kRS2GL0G',35,35),
(36,'1',null,'1',null,'somemail36@fm.com',true,false,false,false,false,'$2a$10$b6cNYRchyum58sJw3BrS2OYRm9GiqRYDwlHTLKFY3fdD/kRS2GL0G',36,36),
(37,'1',null,'1',null,'abascal37@fm.com',true,false,false,false,false,'$2a$10$b6cNYRchyum58sJw3BrS2OYRm9GiqRYDwlHTLKFY3fdD/kRS2GL0G',37,37),
(38,'1',null,'1',null,'echenike38@fm.com',true,false,false,false,false,'$2a$10$b6cNYRchyum58sJw3BrS2OYRm9GiqRYDwlHTLKFY3fdD/kRS2GL0G',38,38),
(39,'1',null,'1',null,'errejon39@fm.com',true,false,false,false,false,'$2a$10$b6cNYRchyum58sJw3BrS2OYRm9GiqRYDwlHTLKFY3fdD/kRS2GL0G',39,39),
(40,'1',null,'1',null,'rufian40@fm.com',true,false,false,false,false,'$2a$10$b6cNYRchyum58sJw3BrS2OYRm9GiqRYDwlHTLKFY3fdD/kRS2GL0G',40,40),
(41,'1',null,'1',null,'superlopez41@fm.com',true,false,false,false,false,'$2a$10$b6cNYRchyum58sJw3BrS2OYRm9GiqRYDwlHTLKFY3fdD/kRS2GL0G',41,41),
(42,'1',null,'1',null,'wesley42@fm.com',true,false,false,false,false,'$2a$10$b6cNYRchyum58sJw3BrS2OYRm9GiqRYDwlHTLKFY3fdD/kRS2GL0G',42,42),
(43,'1',null,'1',null,'pp43@fm.com',true,false,false,false,false,'$2a$10$b6cNYRchyum58sJw3BrS2OYRm9GiqRYDwlHTLKFY3fdD/kRS2GL0G',43,43),
(44,'1',null,'1',null,'lapatri44@fm.com',true,false,false,false,false,'$2a$10$b6cNYRchyum58sJw3BrS2OYRm9GiqRYDwlHTLKFY3fdD/kRS2GL0G',44,44),
(45,'1',null,'1',null,'casavigo45@fm.com',true,false,false,false,false,'$2a$10$b6cNYRchyum58sJw3BrS2OYRm9GiqRYDwlHTLKFY3fdD/kRS2GL0G',45,45),
(46,'1',null,'1',null,'akiahora46@fm.com',true,false,false,false,false,'$2a$10$b6cNYRchyum58sJw3BrS2OYRm9GiqRYDwlHTLKFY3fdD/kRS2GL0G',46,46),
(47,'1',null,'1',null,'xmas4u47@fm.com',true,false,false,false,false,'$2a$10$b6cNYRchyum58sJw3BrS2OYRm9GiqRYDwlHTLKFY3fdD/kRS2GL0G',47,47),
(48,'1',null,'1',null,'luciernaga48@fm.com',true,false,false,false,false,'$2a$10$b6cNYRchyum58sJw3BrS2OYRm9GiqRYDwlHTLKFY3fdD/kRS2GL0G',48,48),
(49,'1',null,'1',null,'luciernaga49@fm.com',true,false,false,false,false,'$2a$10$b6cNYRchyum58sJw3BrS2OYRm9GiqRYDwlHTLKFY3fdD/kRS2GL0G',49,49),
(50,'1',null,'1',null,'heroku50@fm.com',true,false,false,false,false,'$2a$10$b6cNYRchyum58sJw3BrS2OYRm9GiqRYDwlHTLKFY3fdD/kRS2GL0G',50,50),
(51,'1',null,'1',null,'paan51@fm.com',true,false,false,false,false,'$2a$10$b6cNYRchyum58sJw3BrS2OYRm9GiqRYDwlHTLKFY3fdD/kRS2GL0G',51,51),
(52,'1',null,'1',null,'panpan52@fm.com',true,false,false,false,false,'$2a$10$b6cNYRchyum58sJw3BrS2OYRm9GiqRYDwlHTLKFY3fdD/kRS2GL0G',52,52),
(53,'1',null,'1',null,'enero53@fm.com',true,false,false,false,false,'$2a$10$b6cNYRchyum58sJw3BrS2OYRm9GiqRYDwlHTLKFY3fdD/kRS2GL0G',53,53),
(54,'1',null,'1',null,'cristina54@fm.com',true,false,false,false,false,'$2a$10$b6cNYRchyum58sJw3BrS2OYRm9GiqRYDwlHTLKFY3fdD/kRS2GL0G',54,54),
(55,'1',null,'1',null,'muffin55@fm.com',true,false,false,false,false,'$2a$10$b6cNYRchyum58sJw3BrS2OYRm9GiqRYDwlHTLKFY3fdD/kRS2GL0G',55,55),
(56,'1',null,'1',null,'horsewithnoname56@fm.com',true,false,false,false,false,'$2a$10$b6cNYRchyum58sJw3BrS2OYRm9GiqRYDwlHTLKFY3fdD/kRS2GL0G',56,56),
(57,'1',null,'1',null,'lover57@fm.com',true,false,false,false,false,'$2a$10$b6cNYRchyum58sJw3BrS2OYRm9GiqRYDwlHTLKFY3fdD/kRS2GL0G',57,57),
(58,'1',null,'1',null,'killer58@fm.com',true,false,false,false,false,'$2a$10$b6cNYRchyum58sJw3BrS2OYRm9GiqRYDwlHTLKFY3fdD/kRS2GL0G',58,58),
(59,'1',null,'1',null,'rajoy59@fm.com',true,false,false,false,false,'$2a$10$b6cNYRchyum58sJw3BrS2OYRm9GiqRYDwlHTLKFY3fdD/kRS2GL0G',59,59),
(60,'1',null,'1',null,'goku60@fm.com',true,false,false,false,false,'$2a$10$b6cNYRchyum58sJw3BrS2OYRm9GiqRYDwlHTLKFY3fdD/kRS2GL0G',60,60),
(61,'1',null,'1',null,'doraemon61@fm.com',true,false,false,false,false,'$2a$10$b6cNYRchyum58sJw3BrS2OYRm9GiqRYDwlHTLKFY3fdD/kRS2GL0G',61,61),
(62,'1',null,'1',null,'pikachu62@fm.com',true,false,false,false,false,'$2a$10$b6cNYRchyum58sJw3BrS2OYRm9GiqRYDwlHTLKFY3fdD/kRS2GL0G',62,62),
(63,'1',null,'1',null,'lucas63@fm.com',true,false,false,false,false,'$2a$10$b6cNYRchyum58sJw3BrS2OYRm9GiqRYDwlHTLKFY3fdD/kRS2GL0G',63,63),
(64,'1',null,'1',null,'paco64@fm.com',true,false,false,false,false,'$2a$10$b6cNYRchyum58sJw3BrS2OYRm9GiqRYDwlHTLKFY3fdD/kRS2GL0G',64,64);

INSERT INTO role (id,created_by,created_date,last_modified_by,last_modified_date,name) VALUES
(1,'1',null,'1',null,'ROLE_ADMIN'),
(2,'1',null,'1',null,'ROLE_USER');

INSERT INTO usuarios_roles (user_id,role_id) VALUES
(1,1),
(2,2),
(3,2),
(4,2),
(5,2),
(6,2),
(7,2),
(8,2),
(9,2),
(10,2),
(11,2),
(12,2),
(13,2),
(14,2),
(15,2),
(16,2),
(17,2),
(18,2),
(19,2),
(20,2),
(21,2),
(22,2),
(23,2),
(24,2),
(25,2),
(26,2),
(27,2),
(28,2),
(29,2),
(30,2),
(31,2),
(32,2),
(33,2),
(34,2),
(35,2),
(36,2),
(37,2),
(38,2),
(39,2),
(40,2),
(41,2),
(42,2),
(43,2),
(44,2),
(45,2),
(46,2),
(47,2),
(48,2),
(49,2),
(50,2),
(51,2),
(52,2),
(53,2),
(54,2),
(55,2),
(56,2),
(57,2),
(58,2),
(59,2),
(60,2),
(61,2),
(62,2),
(63,2),
(64,2);