INSERT INTO item (id,quantity,book_id) VALUES (1,2,340),(2,2,992),(3,1,764),(4,3,548),(5,1,74),(6,3,485),(7,2,555),(8,4,174),(9,3,407),(10,3,257),(11,3,555),(12,4,931),(13,2,661),(14,2,410),(15,4,386),(16,3,434),(17,3,935),(18,2,479),(19,4,713),(20,1,370),(21,4,479),(22,2,306),(23,3,736),(24,1,948),(25,2,205),(26,3,93),(27,4,158),(28,4,623),(29,2,65),(30,4,910),(31,2,468),(32,4,527),(33,2,273),(34,3,210),(35,3,650),(36,2,250),(37,3,581),(38,2,110),(39,2,653),(40,1,897),(41,1,98),(42,2,500),(43,3,230),(44,3,565),(45,2,356),(46,3,255),(47,3,983),(48,4,662),(49,2,615),(50,2,69),(51,4,730),(52,2,724),(53,1,612),(54,2,729),(55,3,507),(56,3,637),(57,1,243),(58,3,837),(59,4,850),(60,4,432),(61,2,885),(62,2,273),(63,2,165),(64,2,59),(65,2,343),(66,3,936),(67,3,299),(68,3,791),(69,3,636),(70,4,557),(71,1,662),(72,4,189),(73,4,107),(74,3,594),(75,2,499),(76,2,765),(77,1,556),(78,2,520),(79,2,143),(80,3,775),(81,3,400),(82,2,30),(83,1,369),(84,3,782),(85,4,57),(86,3,944),(87,1,186),(88,1,913),(89,1,36),(90,2,858),(91,3,657),(92,2,963),(93,2,460),(94,2,804),(95,1,616),(96,3,768),(97,4,992),(98,3,486),(99,1,352),(100,4,479),(101,3,375),(102,2,848),(103,3,635),(104,3,688),(105,2,78),(106,2,26),(107,1,657),(108,3,532),(109,4,761),(110,2,956),(111,1,762),(112,3,195),(113,3,530),(114,1,201),(115,3,31),(116,2,479),(117,1,199),(118,4,732),(119,1,100),(120,2,343),(121,3,57),(122,2,763),(123,3,790),(124,4,568),(125,4,828),(126,3,860),(127,1,406),(128,1,972),(129,2,826),(130,3,913),(131,3,789),(132,4,817),(133,3,504),(134,2,716),(135,1,493),(136,1,333),(137,2,888),(138,3,220),(139,3,654),(140,3,511),(141,3,618),(142,3,723),(143,3,432),(144,3,582),(145,2,545),(146,2,548),(147,3,92),(148,1,833),(149,3,138),(150,4,975),(151,3,88),(152,3,675),(153,2,157),(154,3,489),(155,4,758),(156,1,129),(157,3,312),(158,3,600),(159,1,452),(160,1,123),(161,2,893),(162,2,795),(163,2,205),(164,3,288),(165,2,584),(166,3,389),(167,2,311),(168,2,131),(169,3,929),(170,1,320),(171,2,376),(172,3,767),(173,4,195),(174,1,171),(175,3,716),(176,3,620),(177,3,572),(178,2,954),(179,2,185),(180,4,733),(181,4,967),(182,3,442),(183,3,781),(184,2,627),(185,2,837),(186,3,80),(187,4,647),(188,3,840),(189,3,795),(190,1,760),(191,3,284),(192,2,579),(193,2,967),(194,3,14),(195,4,93),(196,2,131),(197,3,313),(198,3,373),(199,3,598),(200,2,948);

INSERT INTO cart (id,is_committed,stripe_client_secret,stripe_payment_intent_id) VALUES
(1,false,null,null),
(2,false,null,null),
(3,false,null,null),
(4,false,null,null),
(5,false,null,null),
(6,false,null,null),
(7,false,null,null),
(8,false,null,null),
(9,false,null,null),
(10,false,null,null),
(11,false,null,null),
(12,false,null,null),
(13,false,null,null),
(14,false,null,null),
(15,false,null,null),
(16,false,null,null),
(17,false,null,null),
(18,false,null,null),
(19,false,null,null),
(20,false,null,null),
(21,false,null,null),
(22,false,null,null),
(23,false,null,null),
(24,false,null,null),
(25,false,null,null),
(26,false,null,null),
(27,false,null,null),
(28,false,null,null),
(29,false,null,null),
(30,false,null,null),
(31,false,null,null),
(32,false,null,null),
(33,false,null,null),
(34,false,null,null),
(35,false,null,null),
(36,false,null,null),
(37,false,null,null),
(38,false,null,null),
(39,false,null,null),
(40,false,null,null),
(41,false,null,null),
(42,false,null,null),
(43,false,null,null),
(44,false,null,null),
(45,false,null,null),
(46,false,null,null),
(47,false,null,null),
(48,false,null,null),
(49,false,null,null),
(50,false,null,null),
(51,false,null,null),
(52,false,null,null),
(53,false,null,null),
(54,false,null,null),
(55,false,null,null),
(56,false,null,null),
(57,false,null,null),
(58,false,null,null),
(59,false,null,null),
(60,false,null,null),
(61,false,null,null),
(62,false,null,null),
(63,false,null,null),
(64,false,null,null);

INSERT INTO cart_items (cart_id,items_id) VALUES (23,1),(26,2),(22,3),(62,4),(17,5),(60,6),(6,7),(37,8),(29,9),(18,10),(41,11),(40,12),(7,13),(29,14),(62,15),(51,16),(15,17),(39,18),(46,19),(64,20),(44,21),(32,22),(61,23),(46,24),(50,25),(5,26),(5,27),(37,28),(62,29),(57,30),(41,31),(43,32),(44,33),(35,34),(18,35),(31,36),(32,37),(27,38),(34,39),(64,40),(12,41),(3,42),(33,43),(29,44),(6,45),(22,46),(62,47),(26,48),(59,49),(53,50),(61,51),(35,52),(38,53),(10,54),(54,55),(10,56),(53,57),(52,58),(27,59),(16,60),(59,61),(38,62),(41,63),(20,64),(63,65),(34,66),(61,67),(7,68),(15,69),(59,70),(39,71),(13,72),(14,73),(38,74),(34,75),(11,76),(57,77),(60,78),(7,79),(12,80),(40,81),(50,82),(7,83),(47,84),(10,85),(63,86),(9,87),(49,88),(7,89),(22,90),(40,91),(17,92),(50,93),(31,94),(57,95),(50,96),(49,97),(59,98),(39,99),(18,100),(45,101),(9,102),(54,103),(49,104),(44,105),(53,106),(41,107),(57,108),(30,109),(13,110),(31,111),(8,112),(30,113),(35,114),(55,115),(14,116),(21,117),(29,118),(50,119),(25,120),(24,121),(55,122),(55,123),(24,124),(20,125),(31,126),(23,127),(7,128),(27,129),(61,130),(23,131),(42,132),(51,133),(48,134),(25,135),(41,136),(18,137),(14,138),(57,139),(24,140),(44,141),(26,142),(58,143),(13,144),(58,145),(42,146),(32,147),(29,148),(18,149),(50,150),(30,151),(3,152),(39,153),(36,154),(36,155),(38,156),(17,157),(15,158),(33,159),(17,160),(33,161),(9,162),(55,163),(34,164),(51,165),(20,166),(38,167),(61,168),(57,169),(32,170),(29,171),(18,172),(12,173),(58,174),(14,175),(31,176),(2,177),(47,178),(18,179),(30,180),(35,181),(58,182),(24,183),(7,184),(50,185),(19,186),(39,187),(51,188),(14,189),(50,190),(52,191),(30,192),(15,193),(60,194),(6,195),(33,196),(51,197),(53,198),(16,199),(31,200);

INSERT INTO profile (id,birth_date,first_name,gender,last_name,phone) VALUES
(1,null,'firstmarket','UNDEFINED','admin','123456789'),
(2,'22-12-1958','Peter','MALE','Parker','123456789'),
(3,'29-04-1995','Marco','MALE','Polo','123456789'),
(4,'04-10-1987','Misrraim','MALE','Suárez Pérez','123456789'),
(5,'09-05-1987','Lucinda','FEMALE','Lages','123456789'),
(6,'12-10-1976','Luis','MALE','Vizcaíno Dávila','123456789'),
(7,'31-08-1945','Marta','FEMALE','Piñero','123456789'),
(8,'04-12-2005','Tomas','MALE','Pérez','123456789'),
(9,'11-03-1993','Carlos','MALE','Gómez','123456789'),
(10,'04-02-1958','Jabel','MALE','Suárez','123456789'),
(11,'13-06-1939','Irene','FEMALE','Hernández','123456789'),
(12,'19-08-1951','Felix','MALE','El Gato','123456789'),
(13,'18-10-1968','Alicia','FEMALE','Escudero','123456789'),
(14,'16-09-1964','Debora','FEMALE','Hombres','123456789'),
(15,'04-10-1975','Jon','MALE','McBill','123456789'),
(16,'03-12-1989','Karl','MALE','Gauss','123456789'),
(17,'03-03-1998','Gupta','MALE','Arjani','123456789'),
(18,'01-01-1986','Amesh','FEMALE','Sinhtra','123456789'),
(19,'06-12-1998','Giancarlo','MALE','Ponzo','123456789'),
(20,'30-12-1983','Mauricio','MALE','Lemos','123456789'),
(21,'22-04-1974','Tobbias','MALE','Hunter','123456789'),
(22,'25-06-1997','Fátima','FEMALE','Pérez','123456789'),
(23,'29-07-1961','César','MALE','Suárez','123456789'),
(24,'28-10-1973','Francisco','MALE','Marhuenda','123456789'),
(25,'19-03-1973','Arima','FEMALE','Vega','123456789'),
(26,'17-05-2007','Rosa','FEMALE','Pérez','123456789'),
(27,'17-04-1995','Sebastián','MALE','Pérez','123456789'),
(28,'30-09-1949','Gabriel','MALE','Suárez','123456789'),
(29,'26-10-1947','Josefa','FEMALE','Polo','123456789'),
(30,'08-03-1992','María','FEMALE','Hernández','123456789'),
(31,'14-08-1964','Gazmira','FEMALE','Suárez','123456789'),
(32,'02-03-1989','Enzo','MALE','Benítez','123456789'),
(33,'26-02-2006','Fabricio','MALE','Benítez','123456789'),
(34,'30-08-1999','Manuel','MALE','Suárez','123456789'),
(35,'31-07-1996','Aarón','MALE','Suárez','123456789'),
(36,null,'Jacob','MALE','Travieso','123456789'),
(37,'29-06-1985','Moises','MALE','Suárez','123456789'),
(38,null,'Ramses','MALE','Segundo','123456789'),
(39,'12-05-2001','Aníbal','MALE','Lekter','123456789'),
(40,null,'Jonathan','MALE','Abrante Tejera','123456789'),
(41,'06-09-2000','Magdalena','FEMALE','Gutiérrez','123456789'),
(42,null,'Samantha','FEMALE','Polo','123456789'),
(43,'01-03-2004','Ágata','FEMALE','Dos Reis','123456789'),
(44,null,'Arminda','FEMALE','Rainha','123456789'),
(45,'05-10-1956','Doramas','MALE','Rey','123456789'),
(46,null,'Francisco','MALE','Vega','123456789'),
(47,'20-02-1993','José','MALE','Pérez','123456789'),
(48,null,'Jesús','MALE','De Nazaret','123456789'),
(49,'11-11-2010','Antonio','MALE','Morales','123456789'),
(50,null,'Antonio','MALE','Piñero','123456789'),
(51,'08-11-1980','Óscar','MALE','Rojo','123456789'),
(52,null,'Jon','MALE','Smith','123456789'),
(53,'09-01-1972','Barry','MALE','Lambert','123456789'),
(54,null,'Claude','MALE','Demond','123456789'),
(55,'03-12-1987','Mariana','FEMALE','Cándida','123456789'),
(56,null,'Arley','MALE','Mauricio','123456789'),
(57,'23-04-1999','Pamela','FEMALE','Anderson','123456789'),
(58,null,'Fernando','MALE','Leite','123456789'),
(59,'02-10-1983','Cristina','FEMALE','Pedroche','123456789'),
(60,null,'Emmanuel','MALE','Solana','123456789'),
(61,null,'Ainara','FEMALE','Samperio','123456789'),
(62,'04-11-1967','Iker','MALE','Casillas','123456789'),
(63,null,'Diamantino','MALE','Peixoto','123456789'),
(64,null,'Duarte','MALE','Fernandes','123456789');


INSERT INTO usuario (id,email,completed,suspended,password,cart_id,profile_id) VALUES
(1,'admin@fm.com',true,false,'$2a$10$b6cNYRchyum58sJw3BrS2OYRm9GiqRYDwlHTLKFY3fdD/kRS2GL0G',1,1),
(2,'peter2@fm.com',true,false,'$2a$10$b6cNYRchyum58sJw3BrS2OYRm9GiqRYDwlHTLKFY3fdD/kRS2GL0G',2,2),
(3,'marco3@fm.com',true,false,'$2a$10$b6cNYRchyum58sJw3BrS2OYRm9GiqRYDwlHTLKFY3fdD/kRS2GL0G',3,3),
(4,'misrraimsp@gmail.com',true,false,'$2a$10$b6cNYRchyum58sJw3BrS2OYRm9GiqRYDwlHTLKFY3fdD/kRS2GL0G',4,4),
(5,'pentagono5@fm.com',true,false,'$2a$10$b6cNYRchyum58sJw3BrS2OYRm9GiqRYDwlHTLKFY3fdD/kRS2GL0G',5,5),
(6,'xavi6@fm.com',true,false,'$2a$10$b6cNYRchyum58sJw3BrS2OYRm9GiqRYDwlHTLKFY3fdD/kRS2GL0G',6,6),
(7,'magic7@fm.com',true,false,'$2a$10$b6cNYRchyum58sJw3BrS2OYRm9GiqRYDwlHTLKFY3fdD/kRS2GL0G',7,7),
(8,'oito8@fm.com',true,false,'$2a$10$b6cNYRchyum58sJw3BrS2OYRm9GiqRYDwlHTLKFY3fdD/kRS2GL0G',8,8),
(9,'nou9@fm.com',true,false,'$2a$10$b6cNYRchyum58sJw3BrS2OYRm9GiqRYDwlHTLKFY3fdD/kRS2GL0G',9,9),
(10,'tenten10@fm.com',true,false,'$2a$10$b6cNYRchyum58sJw3BrS2OYRm9GiqRYDwlHTLKFY3fdD/kRS2GL0G',10,10),
(11,'eleven11@fm.com',true,false,'$2a$10$b6cNYRchyum58sJw3BrS2OYRm9GiqRYDwlHTLKFY3fdD/kRS2GL0G',11,11),
(12,'twelve12@fm.com',true,false,'$2a$10$b6cNYRchyum58sJw3BrS2OYRm9GiqRYDwlHTLKFY3fdD/kRS2GL0G',12,12),
(13,'crystal13@fm.com',true,false,'$2a$10$b6cNYRchyum58sJw3BrS2OYRm9GiqRYDwlHTLKFY3fdD/kRS2GL0G',13,13),
(14,'tambaro14@fm.com',true,false,'$2a$10$b6cNYRchyum58sJw3BrS2OYRm9GiqRYDwlHTLKFY3fdD/kRS2GL0G',14,14),
(15,'megamail15@fm.com',true,false,'$2a$10$b6cNYRchyum58sJw3BrS2OYRm9GiqRYDwlHTLKFY3fdD/kRS2GL0G',15,15),
(16,'pitoniso16@fm.com',true,false,'$2a$10$b6cNYRchyum58sJw3BrS2OYRm9GiqRYDwlHTLKFY3fdD/kRS2GL0G',16,16),
(17,'pythonis17@fm.com',true,false,'$2a$10$b6cNYRchyum58sJw3BrS2OYRm9GiqRYDwlHTLKFY3fdD/kRS2GL0G',17,17),
(18,'javais4u18@fm.com',true,false,'$2a$10$b6cNYRchyum58sJw3BrS2OYRm9GiqRYDwlHTLKFY3fdD/kRS2GL0G',18,18),
(19,'someaddress19@fm.com',true,false,'$2a$10$b6cNYRchyum58sJw3BrS2OYRm9GiqRYDwlHTLKFY3fdD/kRS2GL0G',19,19),
(20,'el20@fm.com',true,false,'$2a$10$b6cNYRchyum58sJw3BrS2OYRm9GiqRYDwlHTLKFY3fdD/kRS2GL0G',20,20),
(21,'hlopus21@fm.com',true,false,'$2a$10$b6cNYRchyum58sJw3BrS2OYRm9GiqRYDwlHTLKFY3fdD/kRS2GL0G',21,21),
(22,'harrison22@fm.com',true,false,'$2a$10$b6cNYRchyum58sJw3BrS2OYRm9GiqRYDwlHTLKFY3fdD/kRS2GL0G',22,22),
(23,'lucia23@fm.com',true,false,'$2a$10$b6cNYRchyum58sJw3BrS2OYRm9GiqRYDwlHTLKFY3fdD/kRS2GL0G',23,23),
(24,'mis24@fm.com',true,false,'$2a$10$b6cNYRchyum58sJw3BrS2OYRm9GiqRYDwlHTLKFY3fdD/kRS2GL0G',24,24),
(25,'mailrandom25@fm.com',true,false,'$2a$10$b6cNYRchyum58sJw3BrS2OYRm9GiqRYDwlHTLKFY3fdD/kRS2GL0G',25,25),
(26,'randommail26@fm.com',true,false,'$2a$10$b6cNYRchyum58sJw3BrS2OYRm9GiqRYDwlHTLKFY3fdD/kRS2GL0G',26,26),
(27,'java4u27@fm.com',true,false,'$2a$10$b6cNYRchyum58sJw3BrS2OYRm9GiqRYDwlHTLKFY3fdD/kRS2GL0G',27,27),
(28,'problemon28@fm.com',true,false,'$2a$10$b6cNYRchyum58sJw3BrS2OYRm9GiqRYDwlHTLKFY3fdD/kRS2GL0G',28,28),
(29,'namibia29@fm.com',true,false,'$2a$10$b6cNYRchyum58sJw3BrS2OYRm9GiqRYDwlHTLKFY3fdD/kRS2GL0G',29,29),
(30,'konakri30@fm.com',true,false,'$2a$10$b6cNYRchyum58sJw3BrS2OYRm9GiqRYDwlHTLKFY3fdD/kRS2GL0G',30,30),
(31,'cayuko31@fm.com',true,false,'$2a$10$b6cNYRchyum58sJw3BrS2OYRm9GiqRYDwlHTLKFY3fdD/kRS2GL0G',31,31),
(32,'patera32@fm.com',true,false,'$2a$10$b6cNYRchyum58sJw3BrS2OYRm9GiqRYDwlHTLKFY3fdD/kRS2GL0G',32,32),
(33,'charco33@fm.com',true,false,'$2a$10$b6cNYRchyum58sJw3BrS2OYRm9GiqRYDwlHTLKFY3fdD/kRS2GL0G',33,33),
(34,'laspalmas34@fm.com',true,false,'$2a$10$b6cNYRchyum58sJw3BrS2OYRm9GiqRYDwlHTLKFY3fdD/kRS2GL0G',34,34),
(35,'noteimporta35@fm.com',true,false,'$2a$10$b6cNYRchyum58sJw3BrS2OYRm9GiqRYDwlHTLKFY3fdD/kRS2GL0G',35,35),
(36,'somemail36@fm.com',true,false,'$2a$10$b6cNYRchyum58sJw3BrS2OYRm9GiqRYDwlHTLKFY3fdD/kRS2GL0G',36,36),
(37,'abascal37@fm.com',true,false,'$2a$10$b6cNYRchyum58sJw3BrS2OYRm9GiqRYDwlHTLKFY3fdD/kRS2GL0G',37,37),
(38,'echenike38@fm.com',true,false,'$2a$10$b6cNYRchyum58sJw3BrS2OYRm9GiqRYDwlHTLKFY3fdD/kRS2GL0G',38,38),
(39,'errejon39@fm.com',true,false,'$2a$10$b6cNYRchyum58sJw3BrS2OYRm9GiqRYDwlHTLKFY3fdD/kRS2GL0G',39,39),
(40,'rufian40@fm.com',true,false,'$2a$10$b6cNYRchyum58sJw3BrS2OYRm9GiqRYDwlHTLKFY3fdD/kRS2GL0G',40,40),
(41,'superlopez41@fm.com',true,false,'$2a$10$b6cNYRchyum58sJw3BrS2OYRm9GiqRYDwlHTLKFY3fdD/kRS2GL0G',41,41),
(42,'wesley42@fm.com',true,false,'$2a$10$b6cNYRchyum58sJw3BrS2OYRm9GiqRYDwlHTLKFY3fdD/kRS2GL0G',42,42),
(43,'pp43@fm.com',true,false,'$2a$10$b6cNYRchyum58sJw3BrS2OYRm9GiqRYDwlHTLKFY3fdD/kRS2GL0G',43,43),
(44,'lapatri44@fm.com',true,false,'$2a$10$b6cNYRchyum58sJw3BrS2OYRm9GiqRYDwlHTLKFY3fdD/kRS2GL0G',44,44),
(45,'casavigo45@fm.com',true,false,'$2a$10$b6cNYRchyum58sJw3BrS2OYRm9GiqRYDwlHTLKFY3fdD/kRS2GL0G',45,45),
(46,'akiahora46@fm.com',true,false,'$2a$10$b6cNYRchyum58sJw3BrS2OYRm9GiqRYDwlHTLKFY3fdD/kRS2GL0G',46,46),
(47,'xmas4u47@fm.com',true,false,'$2a$10$b6cNYRchyum58sJw3BrS2OYRm9GiqRYDwlHTLKFY3fdD/kRS2GL0G',47,47),
(48,'luciernaga48@fm.com',true,false,'$2a$10$b6cNYRchyum58sJw3BrS2OYRm9GiqRYDwlHTLKFY3fdD/kRS2GL0G',48,48),
(49,'luciernaga49@fm.com',true,false,'$2a$10$b6cNYRchyum58sJw3BrS2OYRm9GiqRYDwlHTLKFY3fdD/kRS2GL0G',49,49),
(50,'heroku50@fm.com',true,false,'$2a$10$b6cNYRchyum58sJw3BrS2OYRm9GiqRYDwlHTLKFY3fdD/kRS2GL0G',50,50),
(51,'paan51@fm.com',true,false,'$2a$10$b6cNYRchyum58sJw3BrS2OYRm9GiqRYDwlHTLKFY3fdD/kRS2GL0G',51,51),
(52,'panpan52@fm.com',true,false,'$2a$10$b6cNYRchyum58sJw3BrS2OYRm9GiqRYDwlHTLKFY3fdD/kRS2GL0G',52,52),
(53,'enero53@fm.com',true,false,'$2a$10$b6cNYRchyum58sJw3BrS2OYRm9GiqRYDwlHTLKFY3fdD/kRS2GL0G',53,53),
(54,'cristina54@fm.com',true,false,'$2a$10$b6cNYRchyum58sJw3BrS2OYRm9GiqRYDwlHTLKFY3fdD/kRS2GL0G',54,54),
(55,'muffin55@fm.com',true,false,'$2a$10$b6cNYRchyum58sJw3BrS2OYRm9GiqRYDwlHTLKFY3fdD/kRS2GL0G',55,55),
(56,'horsewithnoname56@fm.com',true,false,'$2a$10$b6cNYRchyum58sJw3BrS2OYRm9GiqRYDwlHTLKFY3fdD/kRS2GL0G',56,56),
(57,'lover57@fm.com',true,false,'$2a$10$b6cNYRchyum58sJw3BrS2OYRm9GiqRYDwlHTLKFY3fdD/kRS2GL0G',57,57),
(58,'killer58@fm.com',true,false,'$2a$10$b6cNYRchyum58sJw3BrS2OYRm9GiqRYDwlHTLKFY3fdD/kRS2GL0G',58,58),
(59,'rajoy59@fm.com',true,false,'$2a$10$b6cNYRchyum58sJw3BrS2OYRm9GiqRYDwlHTLKFY3fdD/kRS2GL0G',59,59),
(60,'goku60@fm.com',true,false,'$2a$10$b6cNYRchyum58sJw3BrS2OYRm9GiqRYDwlHTLKFY3fdD/kRS2GL0G',60,60),
(61,'doraemon61@fm.com',true,false,'$2a$10$b6cNYRchyum58sJw3BrS2OYRm9GiqRYDwlHTLKFY3fdD/kRS2GL0G',61,61),
(62,'pikachu62@fm.com',true,false,'$2a$10$b6cNYRchyum58sJw3BrS2OYRm9GiqRYDwlHTLKFY3fdD/kRS2GL0G',62,62),
(63,'lucas63@fm.com',true,false,'$2a$10$b6cNYRchyum58sJw3BrS2OYRm9GiqRYDwlHTLKFY3fdD/kRS2GL0G',63,63),
(64,'paco64@fm.com',true,false,'$2a$10$b6cNYRchyum58sJw3BrS2OYRm9GiqRYDwlHTLKFY3fdD/kRS2GL0G',64,64);

INSERT INTO role (id,name) VALUES
(1,'ROLE_ADMIN'),
(2,'ROLE_USER');

INSERT INTO usuarios_roles (user_id,role_id) VALUES
(1,1),
(2,2),
(3,2),
(4,2),
(5,2),
(6,2),
(7,2),
(8,2),
(9,2),
(10,2),
(11,2),
(12,2),
(13,2),
(14,2),
(15,2),
(16,2),
(17,2),
(18,2),
(19,2),
(20,2),
(21,2),
(22,2),
(23,2),
(24,2),
(25,2),
(26,2),
(27,2),
(28,2),
(29,2),
(30,2),
(31,2),
(32,2),
(33,2),
(34,2),
(35,2),
(36,2),
(37,2),
(38,2),
(39,2),
(40,2),
(41,2),
(42,2),
(43,2),
(44,2),
(45,2),
(46,2),
(47,2),
(48,2),
(49,2),
(50,2),
(51,2),
(52,2),
(53,2),
(54,2),
(55,2),
(56,2),
(57,2),
(58,2),
(59,2),
(60,2),
(61,2),
(62,2),
(63,2),
(64,2);