INSERT INTO address (id,created_by,created_date,last_modified_by,last_modified_date,city,country,line1,line2,postal_code,province) VALUES
(1,'1',null,'1',null,'Arrecife','España','calle Galicia, 13','puerta 2','35500','Las Palmas'),
(2,'1',null,'1',null,'Las Palmas de Gran Canaria','España','calle Magdalena, 14',null,'35018','Las Palmas'),
(3,'1',null,'1',null,'LOllería','España','avenida Diputación, 35','piso 3, puerta 8','46850','Valencia'),
(4,'1',null,'1',null,'Wrocław','Poland','Pawła Włodkowica 11',null,'50-072',null),
(5,'1',null,'1',null,'Beşiktaş/İstanbul','Turkey','Kalıpçı Sokağı No:36',null,'34357','Muradiye'),
(6,'1',null,'1',null,'Porto','Portugal','Travessa da Regeneração, 206',null,'4000-410',null);

INSERT INTO shipping_info (id,created_by,created_date,last_modified_by,last_modified_date,carrier,name,phone,tracking_number,address_id) VALUES (1,'1',null,'1',null,'carrier','name','phone','tracking_number',5),(2,'1',null,'1',null,'carrier','name','phone','tracking_number',3),(3,'1',null,'1',null,'carrier','name','phone','tracking_number',4),(4,'1',null,'1',null,'carrier','name','phone','tracking_number',4),(5,'1',null,'1',null,'carrier','name','phone','tracking_number',5),(6,'1',null,'1',null,'carrier','name','phone','tracking_number',4),(7,'1',null,'1',null,'carrier','name','phone','tracking_number',1),(8,'1',null,'1',null,'carrier','name','phone','tracking_number',3),(9,'1',null,'1',null,'carrier','name','phone','tracking_number',4),(10,'1',null,'1',null,'carrier','name','phone','tracking_number',5),(11,'1',null,'1',null,'carrier','name','phone','tracking_number',2),(12,'1',null,'1',null,'carrier','name','phone','tracking_number',5),(13,'1',null,'1',null,'carrier','name','phone','tracking_number',2),(14,'1',null,'1',null,'carrier','name','phone','tracking_number',5),(15,'1',null,'1',null,'carrier','name','phone','tracking_number',1),(16,'1',null,'1',null,'carrier','name','phone','tracking_number',1),(17,'1',null,'1',null,'carrier','name','phone','tracking_number',2),(18,'1',null,'1',null,'carrier','name','phone','tracking_number',3),(19,'1',null,'1',null,'carrier','name','phone','tracking_number',4),(20,'1',null,'1',null,'carrier','name','phone','tracking_number',3),(21,'1',null,'1',null,'carrier','name','phone','tracking_number',6),(22,'1',null,'1',null,'carrier','name','phone','tracking_number',1),(23,'1',null,'1',null,'carrier','name','phone','tracking_number',3),(24,'1',null,'1',null,'carrier','name','phone','tracking_number',3),(25,'1',null,'1',null,'carrier','name','phone','tracking_number',3),(26,'1',null,'1',null,'carrier','name','phone','tracking_number',5),(27,'1',null,'1',null,'carrier','name','phone','tracking_number',6),(28,'1',null,'1',null,'carrier','name','phone','tracking_number',6),(29,'1',null,'1',null,'carrier','name','phone','tracking_number',1),(30,'1',null,'1',null,'carrier','name','phone','tracking_number',2),(31,'1',null,'1',null,'carrier','name','phone','tracking_number',1),(32,'1',null,'1',null,'carrier','name','phone','tracking_number',4),(33,'1',null,'1',null,'carrier','name','phone','tracking_number',2),(34,'1',null,'1',null,'carrier','name','phone','tracking_number',2),(35,'1',null,'1',null,'carrier','name','phone','tracking_number',4),(36,'1',null,'1',null,'carrier','name','phone','tracking_number',3),(37,'1',null,'1',null,'carrier','name','phone','tracking_number',3),(38,'1',null,'1',null,'carrier','name','phone','tracking_number',6),(39,'1',null,'1',null,'carrier','name','phone','tracking_number',6),(40,'1',null,'1',null,'carrier','name','phone','tracking_number',3),(41,'1',null,'1',null,'carrier','name','phone','tracking_number',6),(42,'1',null,'1',null,'carrier','name','phone','tracking_number',3),(43,'1',null,'1',null,'carrier','name','phone','tracking_number',3),(44,'1',null,'1',null,'carrier','name','phone','tracking_number',4),(45,'1',null,'1',null,'carrier','name','phone','tracking_number',3),(46,'1',null,'1',null,'carrier','name','phone','tracking_number',4),(47,'1',null,'1',null,'carrier','name','phone','tracking_number',1),(48,'1',null,'1',null,'carrier','name','phone','tracking_number',5),(49,'1',null,'1',null,'carrier','name','phone','tracking_number',3),(50,'1',null,'1',null,'carrier','name','phone','tracking_number',2),(51,'1',null,'1',null,'carrier','name','phone','tracking_number',6),(52,'1',null,'1',null,'carrier','name','phone','tracking_number',2),(53,'1',null,'1',null,'carrier','name','phone','tracking_number',5),(54,'1',null,'1',null,'carrier','name','phone','tracking_number',4),(55,'1',null,'1',null,'carrier','name','phone','tracking_number',3),(56,'1',null,'1',null,'carrier','name','phone','tracking_number',4),(57,'1',null,'1',null,'carrier','name','phone','tracking_number',2),(58,'1',null,'1',null,'carrier','name','phone','tracking_number',6),(59,'1',null,'1',null,'carrier','name','phone','tracking_number',2),(60,'1',null,'1',null,'carrier','name','phone','tracking_number',5),(61,'1',null,'1',null,'carrier','name','phone','tracking_number',4),(62,'1',null,'1',null,'carrier','name','phone','tracking_number',3),(63,'1',null,'1',null,'carrier','name','phone','tracking_number',4),(64,'1',null,'1',null,'carrier','name','phone','tracking_number',4),(65,'1',null,'1',null,'carrier','name','phone','tracking_number',2),(66,'1',null,'1',null,'carrier','name','phone','tracking_number',5),(67,'1',null,'1',null,'carrier','name','phone','tracking_number',5),(68,'1',null,'1',null,'carrier','name','phone','tracking_number',4),(69,'1',null,'1',null,'carrier','name','phone','tracking_number',3),(70,'1',null,'1',null,'carrier','name','phone','tracking_number',5),(71,'1',null,'1',null,'carrier','name','phone','tracking_number',5),(72,'1',null,'1',null,'carrier','name','phone','tracking_number',1),(73,'1',null,'1',null,'carrier','name','phone','tracking_number',5),(74,'1',null,'1',null,'carrier','name','phone','tracking_number',2),(75,'1',null,'1',null,'carrier','name','phone','tracking_number',5),(76,'1',null,'1',null,'carrier','name','phone','tracking_number',3),(77,'1',null,'1',null,'carrier','name','phone','tracking_number',2),(78,'1',null,'1',null,'carrier','name','phone','tracking_number',1),(79,'1',null,'1',null,'carrier','name','phone','tracking_number',4),(80,'1',null,'1',null,'carrier','name','phone','tracking_number',6),(81,'1',null,'1',null,'carrier','name','phone','tracking_number',3),(82,'1',null,'1',null,'carrier','name','phone','tracking_number',4),(83,'1',null,'1',null,'carrier','name','phone','tracking_number',1),(84,'1',null,'1',null,'carrier','name','phone','tracking_number',4),(85,'1',null,'1',null,'carrier','name','phone','tracking_number',3),(86,'1',null,'1',null,'carrier','name','phone','tracking_number',5),(87,'1',null,'1',null,'carrier','name','phone','tracking_number',5),(88,'1',null,'1',null,'carrier','name','phone','tracking_number',4),(89,'1',null,'1',null,'carrier','name','phone','tracking_number',3),(90,'1',null,'1',null,'carrier','name','phone','tracking_number',5),(91,'1',null,'1',null,'carrier','name','phone','tracking_number',5),(92,'1',null,'1',null,'carrier','name','phone','tracking_number',2),(93,'1',null,'1',null,'carrier','name','phone','tracking_number',4),(94,'1',null,'1',null,'carrier','name','phone','tracking_number',2),(95,'1',null,'1',null,'carrier','name','phone','tracking_number',4),(96,'1',null,'1',null,'carrier','name','phone','tracking_number',5),(97,'1',null,'1',null,'carrier','name','phone','tracking_number',1),(98,'1',null,'1',null,'carrier','name','phone','tracking_number',3),(99,'1',null,'1',null,'carrier','name','phone','tracking_number',2),(100,'1',null,'1',null,'carrier','name','phone','tracking_number',5),(101,'1',null,'1',null,'carrier','name','phone','tracking_number',5),(102,'1',null,'1',null,'carrier','name','phone','tracking_number',5),(103,'1',null,'1',null,'carrier','name','phone','tracking_number',4),(104,'1',null,'1',null,'carrier','name','phone','tracking_number',4),(105,'1',null,'1',null,'carrier','name','phone','tracking_number',3),(106,'1',null,'1',null,'carrier','name','phone','tracking_number',5),(107,'1',null,'1',null,'carrier','name','phone','tracking_number',5),(108,'1',null,'1',null,'carrier','name','phone','tracking_number',3),(109,'1',null,'1',null,'carrier','name','phone','tracking_number',2),(110,'1',null,'1',null,'carrier','name','phone','tracking_number',5),(111,'1',null,'1',null,'carrier','name','phone','tracking_number',4),(112,'1',null,'1',null,'carrier','name','phone','tracking_number',3),(113,'1',null,'1',null,'carrier','name','phone','tracking_number',5),(114,'1',null,'1',null,'carrier','name','phone','tracking_number',2),(115,'1',null,'1',null,'carrier','name','phone','tracking_number',3),(116,'1',null,'1',null,'carrier','name','phone','tracking_number',1),(117,'1',null,'1',null,'carrier','name','phone','tracking_number',4),(118,'1',null,'1',null,'carrier','name','phone','tracking_number',1),(119,'1',null,'1',null,'carrier','name','phone','tracking_number',2),(120,'1',null,'1',null,'carrier','name','phone','tracking_number',2),(121,'1',null,'1',null,'carrier','name','phone','tracking_number',3),(122,'1',null,'1',null,'carrier','name','phone','tracking_number',1),(123,'1',null,'1',null,'carrier','name','phone','tracking_number',2),(124,'1',null,'1',null,'carrier','name','phone','tracking_number',6),(125,'1',null,'1',null,'carrier','name','phone','tracking_number',2),(126,'1',null,'1',null,'carrier','name','phone','tracking_number',6),(127,'1',null,'1',null,'carrier','name','phone','tracking_number',1),(128,'1',null,'1',null,'carrier','name','phone','tracking_number',5),(129,'1',null,'1',null,'carrier','name','phone','tracking_number',4),(130,'1',null,'1',null,'carrier','name','phone','tracking_number',4),(131,'1',null,'1',null,'carrier','name','phone','tracking_number',6),(132,'1',null,'1',null,'carrier','name','phone','tracking_number',3),(133,'1',null,'1',null,'carrier','name','phone','tracking_number',2),(134,'1',null,'1',null,'carrier','name','phone','tracking_number',5),(135,'1',null,'1',null,'carrier','name','phone','tracking_number',5),(136,'1',null,'1',null,'carrier','name','phone','tracking_number',3),(137,'1',null,'1',null,'carrier','name','phone','tracking_number',4),(138,'1',null,'1',null,'carrier','name','phone','tracking_number',6),(139,'1',null,'1',null,'carrier','name','phone','tracking_number',4),(140,'1',null,'1',null,'carrier','name','phone','tracking_number',3),(141,'1',null,'1',null,'carrier','name','phone','tracking_number',1),(142,'1',null,'1',null,'carrier','name','phone','tracking_number',5),(143,'1',null,'1',null,'carrier','name','phone','tracking_number',3),(144,'1',null,'1',null,'carrier','name','phone','tracking_number',5),(145,'1',null,'1',null,'carrier','name','phone','tracking_number',3),(146,'1',null,'1',null,'carrier','name','phone','tracking_number',4),(147,'1',null,'1',null,'carrier','name','phone','tracking_number',1),(148,'1',null,'1',null,'carrier','name','phone','tracking_number',5),(149,'1',null,'1',null,'carrier','name','phone','tracking_number',6),(150,'1',null,'1',null,'carrier','name','phone','tracking_number',3),(151,'1',null,'1',null,'carrier','name','phone','tracking_number',2),(152,'1',null,'1',null,'carrier','name','phone','tracking_number',2),(153,'1',null,'1',null,'carrier','name','phone','tracking_number',4),(154,'1',null,'1',null,'carrier','name','phone','tracking_number',5),(155,'1',null,'1',null,'carrier','name','phone','tracking_number',2),(156,'1',null,'1',null,'carrier','name','phone','tracking_number',2),(157,'1',null,'1',null,'carrier','name','phone','tracking_number',5),(158,'1',null,'1',null,'carrier','name','phone','tracking_number',4),(159,'1',null,'1',null,'carrier','name','phone','tracking_number',5),(160,'1',null,'1',null,'carrier','name','phone','tracking_number',5),(161,'1',null,'1',null,'carrier','name','phone','tracking_number',6),(162,'1',null,'1',null,'carrier','name','phone','tracking_number',2),(163,'1',null,'1',null,'carrier','name','phone','tracking_number',2),(164,'1',null,'1',null,'carrier','name','phone','tracking_number',2),(165,'1',null,'1',null,'carrier','name','phone','tracking_number',4),(166,'1',null,'1',null,'carrier','name','phone','tracking_number',4),(167,'1',null,'1',null,'carrier','name','phone','tracking_number',3),(168,'1',null,'1',null,'carrier','name','phone','tracking_number',2),(169,'1',null,'1',null,'carrier','name','phone','tracking_number',4),(170,'1',null,'1',null,'carrier','name','phone','tracking_number',4),(171,'1',null,'1',null,'carrier','name','phone','tracking_number',4),(172,'1',null,'1',null,'carrier','name','phone','tracking_number',3),(173,'1',null,'1',null,'carrier','name','phone','tracking_number',3),(174,'1',null,'1',null,'carrier','name','phone','tracking_number',4),(175,'1',null,'1',null,'carrier','name','phone','tracking_number',5),(176,'1',null,'1',null,'carrier','name','phone','tracking_number',6),(177,'1',null,'1',null,'carrier','name','phone','tracking_number',5),(178,'1',null,'1',null,'carrier','name','phone','tracking_number',6),(179,'1',null,'1',null,'carrier','name','phone','tracking_number',1),(180,'1',null,'1',null,'carrier','name','phone','tracking_number',5),(181,'1',null,'1',null,'carrier','name','phone','tracking_number',5),(182,'1',null,'1',null,'carrier','name','phone','tracking_number',4),(183,'1',null,'1',null,'carrier','name','phone','tracking_number',3),(184,'1',null,'1',null,'carrier','name','phone','tracking_number',3),(185,'1',null,'1',null,'carrier','name','phone','tracking_number',2),(186,'1',null,'1',null,'carrier','name','phone','tracking_number',2),(187,'1',null,'1',null,'carrier','name','phone','tracking_number',6),(188,'1',null,'1',null,'carrier','name','phone','tracking_number',5),(189,'1',null,'1',null,'carrier','name','phone','tracking_number',2),(190,'1',null,'1',null,'carrier','name','phone','tracking_number',3),(191,'1',null,'1',null,'carrier','name','phone','tracking_number',3),(192,'1',null,'1',null,'carrier','name','phone','tracking_number',2),(193,'1',null,'1',null,'carrier','name','phone','tracking_number',3),(194,'1',null,'1',null,'carrier','name','phone','tracking_number',3),(195,'1',null,'1',null,'carrier','name','phone','tracking_number',3),(196,'1',null,'1',null,'carrier','name','phone','tracking_number',1),(197,'1',null,'1',null,'carrier','name','phone','tracking_number',3),(198,'1',null,'1',null,'carrier','name','phone','tracking_number',3),(199,'1',null,'1',null,'carrier','name','phone','tracking_number',2),(200,'1',null,'1',null,'carrier','name','phone','tracking_number',2),(201,'1',null,'1',null,'carrier','name','phone','tracking_number',5),(202,'1',null,'1',null,'carrier','name','phone','tracking_number',4),(203,'1',null,'1',null,'carrier','name','phone','tracking_number',5),(204,'1',null,'1',null,'carrier','name','phone','tracking_number',3),(205,'1',null,'1',null,'carrier','name','phone','tracking_number',1),(206,'1',null,'1',null,'carrier','name','phone','tracking_number',5),(207,'1',null,'1',null,'carrier','name','phone','tracking_number',3),(208,'1',null,'1',null,'carrier','name','phone','tracking_number',4),(209,'1',null,'1',null,'carrier','name','phone','tracking_number',4),(210,'1',null,'1',null,'carrier','name','phone','tracking_number',4),(211,'1',null,'1',null,'carrier','name','phone','tracking_number',5),(212,'1',null,'1',null,'carrier','name','phone','tracking_number',4),(213,'1',null,'1',null,'carrier','name','phone','tracking_number',5),(214,'1',null,'1',null,'carrier','name','phone','tracking_number',6),(215,'1',null,'1',null,'carrier','name','phone','tracking_number',5),(216,'1',null,'1',null,'carrier','name','phone','tracking_number',2),(217,'1',null,'1',null,'carrier','name','phone','tracking_number',3),(218,'1',null,'1',null,'carrier','name','phone','tracking_number',5),(219,'1',null,'1',null,'carrier','name','phone','tracking_number',5),(220,'1',null,'1',null,'carrier','name','phone','tracking_number',3),(221,'1',null,'1',null,'carrier','name','phone','tracking_number',3),(222,'1',null,'1',null,'carrier','name','phone','tracking_number',2),(223,'1',null,'1',null,'carrier','name','phone','tracking_number',5),(224,'1',null,'1',null,'carrier','name','phone','tracking_number',5),(225,'1',null,'1',null,'carrier','name','phone','tracking_number',3),(226,'1',null,'1',null,'carrier','name','phone','tracking_number',2),(227,'1',null,'1',null,'carrier','name','phone','tracking_number',5),(228,'1',null,'1',null,'carrier','name','phone','tracking_number',6),(229,'1',null,'1',null,'carrier','name','phone','tracking_number',2),(230,'1',null,'1',null,'carrier','name','phone','tracking_number',4),(231,'1',null,'1',null,'carrier','name','phone','tracking_number',3),(232,'1',null,'1',null,'carrier','name','phone','tracking_number',5),(233,'1',null,'1',null,'carrier','name','phone','tracking_number',1),(234,'1',null,'1',null,'carrier','name','phone','tracking_number',1),(235,'1',null,'1',null,'carrier','name','phone','tracking_number',2),(236,'1',null,'1',null,'carrier','name','phone','tracking_number',2),(237,'1',null,'1',null,'carrier','name','phone','tracking_number',3),(238,'1',null,'1',null,'carrier','name','phone','tracking_number',1),(239,'1',null,'1',null,'carrier','name','phone','tracking_number',6),(240,'1',null,'1',null,'carrier','name','phone','tracking_number',4),(241,'1',null,'1',null,'carrier','name','phone','tracking_number',2),(242,'1',null,'1',null,'carrier','name','phone','tracking_number',6),(243,'1',null,'1',null,'carrier','name','phone','tracking_number',5),(244,'1',null,'1',null,'carrier','name','phone','tracking_number',6),(245,'1',null,'1',null,'carrier','name','phone','tracking_number',2),(246,'1',null,'1',null,'carrier','name','phone','tracking_number',6),(247,'1',null,'1',null,'carrier','name','phone','tracking_number',3),(248,'1',null,'1',null,'carrier','name','phone','tracking_number',2),(249,'1',null,'1',null,'carrier','name','phone','tracking_number',4),(250,'1',null,'1',null,'carrier','name','phone','tracking_number',2),(251,'1',null,'1',null,'carrier','name','phone','tracking_number',3),(252,'1',null,'1',null,'carrier','name','phone','tracking_number',2),(253,'1',null,'1',null,'carrier','name','phone','tracking_number',5),(254,'1',null,'1',null,'carrier','name','phone','tracking_number',5),(255,'1',null,'1',null,'carrier','name','phone','tracking_number',1),(256,'1',null,'1',null,'carrier','name','phone','tracking_number',3),(257,'1',null,'1',null,'carrier','name','phone','tracking_number',2),(258,'1',null,'1',null,'carrier','name','phone','tracking_number',3),(259,'1',null,'1',null,'carrier','name','phone','tracking_number',3),(260,'1',null,'1',null,'carrier','name','phone','tracking_number',6),(261,'1',null,'1',null,'carrier','name','phone','tracking_number',4),(262,'1',null,'1',null,'carrier','name','phone','tracking_number',6),(263,'1',null,'1',null,'carrier','name','phone','tracking_number',4),(264,'1',null,'1',null,'carrier','name','phone','tracking_number',1),(265,'1',null,'1',null,'carrier','name','phone','tracking_number',3),(266,'1',null,'1',null,'carrier','name','phone','tracking_number',1),(267,'1',null,'1',null,'carrier','name','phone','tracking_number',4),(268,'1',null,'1',null,'carrier','name','phone','tracking_number',2),(269,'1',null,'1',null,'carrier','name','phone','tracking_number',5),(270,'1',null,'1',null,'carrier','name','phone','tracking_number',3),(271,'1',null,'1',null,'carrier','name','phone','tracking_number',2),(272,'1',null,'1',null,'carrier','name','phone','tracking_number',3),(273,'1',null,'1',null,'carrier','name','phone','tracking_number',1),(274,'1',null,'1',null,'carrier','name','phone','tracking_number',1),(275,'1',null,'1',null,'carrier','name','phone','tracking_number',4),(276,'1',null,'1',null,'carrier','name','phone','tracking_number',2),(277,'1',null,'1',null,'carrier','name','phone','tracking_number',6),(278,'1',null,'1',null,'carrier','name','phone','tracking_number',5),(279,'1',null,'1',null,'carrier','name','phone','tracking_number',2),(280,'1',null,'1',null,'carrier','name','phone','tracking_number',1),(281,'1',null,'1',null,'carrier','name','phone','tracking_number',6),(282,'1',null,'1',null,'carrier','name','phone','tracking_number',2),(283,'1',null,'1',null,'carrier','name','phone','tracking_number',1),(284,'1',null,'1',null,'carrier','name','phone','tracking_number',3),(285,'1',null,'1',null,'carrier','name','phone','tracking_number',2),(286,'1',null,'1',null,'carrier','name','phone','tracking_number',2),(287,'1',null,'1',null,'carrier','name','phone','tracking_number',1),(288,'1',null,'1',null,'carrier','name','phone','tracking_number',5),(289,'1',null,'1',null,'carrier','name','phone','tracking_number',6),(290,'1',null,'1',null,'carrier','name','phone','tracking_number',3),(291,'1',null,'1',null,'carrier','name','phone','tracking_number',4),(292,'1',null,'1',null,'carrier','name','phone','tracking_number',4),(293,'1',null,'1',null,'carrier','name','phone','tracking_number',3),(294,'1',null,'1',null,'carrier','name','phone','tracking_number',4),(295,'1',null,'1',null,'carrier','name','phone','tracking_number',2),(296,'1',null,'1',null,'carrier','name','phone','tracking_number',4),(297,'1',null,'1',null,'carrier','name','phone','tracking_number',6),(298,'1',null,'1',null,'carrier','name','phone','tracking_number',4),(299,'1',null,'1',null,'carrier','name','phone','tracking_number',3),(300,'1',null,'1',null,'carrier','name','phone','tracking_number',2),(301,'1',null,'1',null,'carrier','name','phone','tracking_number',5),(302,'1',null,'1',null,'carrier','name','phone','tracking_number',2),(303,'1',null,'1',null,'carrier','name','phone','tracking_number',3),(304,'1',null,'1',null,'carrier','name','phone','tracking_number',4),(305,'1',null,'1',null,'carrier','name','phone','tracking_number',6),(306,'1',null,'1',null,'carrier','name','phone','tracking_number',2),(307,'1',null,'1',null,'carrier','name','phone','tracking_number',5),(308,'1',null,'1',null,'carrier','name','phone','tracking_number',3),(309,'1',null,'1',null,'carrier','name','phone','tracking_number',1),(310,'1',null,'1',null,'carrier','name','phone','tracking_number',5),(311,'1',null,'1',null,'carrier','name','phone','tracking_number',3),(312,'1',null,'1',null,'carrier','name','phone','tracking_number',6),(313,'1',null,'1',null,'carrier','name','phone','tracking_number',3),(314,'1',null,'1',null,'carrier','name','phone','tracking_number',2),(315,'1',null,'1',null,'carrier','name','phone','tracking_number',1),(316,'1',null,'1',null,'carrier','name','phone','tracking_number',2),(317,'1',null,'1',null,'carrier','name','phone','tracking_number',6),(318,'1',null,'1',null,'carrier','name','phone','tracking_number',2),(319,'1',null,'1',null,'carrier','name','phone','tracking_number',1),(320,'1',null,'1',null,'carrier','name','phone','tracking_number',5),(321,'1',null,'1',null,'carrier','name','phone','tracking_number',4),(322,'1',null,'1',null,'carrier','name','phone','tracking_number',3),(323,'1',null,'1',null,'carrier','name','phone','tracking_number',5),(324,'1',null,'1',null,'carrier','name','phone','tracking_number',5),(325,'1',null,'1',null,'carrier','name','phone','tracking_number',4),(326,'1',null,'1',null,'carrier','name','phone','tracking_number',5),(327,'1',null,'1',null,'carrier','name','phone','tracking_number',6),(328,'1',null,'1',null,'carrier','name','phone','tracking_number',4),(329,'1',null,'1',null,'carrier','name','phone','tracking_number',1),(330,'1',null,'1',null,'carrier','name','phone','tracking_number',6),(331,'1',null,'1',null,'carrier','name','phone','tracking_number',5),(332,'1',null,'1',null,'carrier','name','phone','tracking_number',5),(333,'1',null,'1',null,'carrier','name','phone','tracking_number',5),(334,'1',null,'1',null,'carrier','name','phone','tracking_number',5),(335,'1',null,'1',null,'carrier','name','phone','tracking_number',3),(336,'1',null,'1',null,'carrier','name','phone','tracking_number',4),(337,'1',null,'1',null,'carrier','name','phone','tracking_number',4),(338,'1',null,'1',null,'carrier','name','phone','tracking_number',1),(339,'1',null,'1',null,'carrier','name','phone','tracking_number',5),(340,'1',null,'1',null,'carrier','name','phone','tracking_number',3),(341,'1',null,'1',null,'carrier','name','phone','tracking_number',3),(342,'1',null,'1',null,'carrier','name','phone','tracking_number',5),(343,'1',null,'1',null,'carrier','name','phone','tracking_number',2),(344,'1',null,'1',null,'carrier','name','phone','tracking_number',4),(345,'1',null,'1',null,'carrier','name','phone','tracking_number',5),(346,'1',null,'1',null,'carrier','name','phone','tracking_number',1),(347,'1',null,'1',null,'carrier','name','phone','tracking_number',2),(348,'1',null,'1',null,'carrier','name','phone','tracking_number',3),(349,'1',null,'1',null,'carrier','name','phone','tracking_number',2),(350,'1',null,'1',null,'carrier','name','phone','tracking_number',2),(351,'1',null,'1',null,'carrier','name','phone','tracking_number',3),(352,'1',null,'1',null,'carrier','name','phone','tracking_number',4),(353,'1',null,'1',null,'carrier','name','phone','tracking_number',2),(354,'1',null,'1',null,'carrier','name','phone','tracking_number',2),(355,'1',null,'1',null,'carrier','name','phone','tracking_number',2),(356,'1',null,'1',null,'carrier','name','phone','tracking_number',5),(357,'1',null,'1',null,'carrier','name','phone','tracking_number',5),(358,'1',null,'1',null,'carrier','name','phone','tracking_number',3),(359,'1',null,'1',null,'carrier','name','phone','tracking_number',4),(360,'1',null,'1',null,'carrier','name','phone','tracking_number',5),(361,'1',null,'1',null,'carrier','name','phone','tracking_number',5),(362,'1',null,'1',null,'carrier','name','phone','tracking_number',2),(363,'1',null,'1',null,'carrier','name','phone','tracking_number',1),(364,'1',null,'1',null,'carrier','name','phone','tracking_number',5),(365,'1',null,'1',null,'carrier','name','phone','tracking_number',6),(366,'1',null,'1',null,'carrier','name','phone','tracking_number',4),(367,'1',null,'1',null,'carrier','name','phone','tracking_number',5),(368,'1',null,'1',null,'carrier','name','phone','tracking_number',4),(369,'1',null,'1',null,'carrier','name','phone','tracking_number',4),(370,'1',null,'1',null,'carrier','name','phone','tracking_number',2),(371,'1',null,'1',null,'carrier','name','phone','tracking_number',4),(372,'1',null,'1',null,'carrier','name','phone','tracking_number',4),(373,'1',null,'1',null,'carrier','name','phone','tracking_number',5),(374,'1',null,'1',null,'carrier','name','phone','tracking_number',5),(375,'1',null,'1',null,'carrier','name','phone','tracking_number',3),(376,'1',null,'1',null,'carrier','name','phone','tracking_number',5),(377,'1',null,'1',null,'carrier','name','phone','tracking_number',4),(378,'1',null,'1',null,'carrier','name','phone','tracking_number',3),(379,'1',null,'1',null,'carrier','name','phone','tracking_number',3),(380,'1',null,'1',null,'carrier','name','phone','tracking_number',4),(381,'1',null,'1',null,'carrier','name','phone','tracking_number',2),(382,'1',null,'1',null,'carrier','name','phone','tracking_number',1),(383,'1',null,'1',null,'carrier','name','phone','tracking_number',6),(384,'1',null,'1',null,'carrier','name','phone','tracking_number',1),(385,'1',null,'1',null,'carrier','name','phone','tracking_number',3),(386,'1',null,'1',null,'carrier','name','phone','tracking_number',3),(387,'1',null,'1',null,'carrier','name','phone','tracking_number',6),(388,'1',null,'1',null,'carrier','name','phone','tracking_number',5),(389,'1',null,'1',null,'carrier','name','phone','tracking_number',6),(390,'1',null,'1',null,'carrier','name','phone','tracking_number',3),(391,'1',null,'1',null,'carrier','name','phone','tracking_number',4),(392,'1',null,'1',null,'carrier','name','phone','tracking_number',5),(393,'1',null,'1',null,'carrier','name','phone','tracking_number',4),(394,'1',null,'1',null,'carrier','name','phone','tracking_number',5),(395,'1',null,'1',null,'carrier','name','phone','tracking_number',1),(396,'1',null,'1',null,'carrier','name','phone','tracking_number',3),(397,'1',null,'1',null,'carrier','name','phone','tracking_number',6),(398,'1',null,'1',null,'carrier','name','phone','tracking_number',5),(399,'1',null,'1',null,'carrier','name','phone','tracking_number',5),(400,'1',null,'1',null,'carrier','name','phone','tracking_number',3),(401,'1',null,'1',null,'carrier','name','phone','tracking_number',6),(402,'1',null,'1',null,'carrier','name','phone','tracking_number',3),(403,'1',null,'1',null,'carrier','name','phone','tracking_number',5),(404,'1',null,'1',null,'carrier','name','phone','tracking_number',1),(405,'1',null,'1',null,'carrier','name','phone','tracking_number',5),(406,'1',null,'1',null,'carrier','name','phone','tracking_number',5),(407,'1',null,'1',null,'carrier','name','phone','tracking_number',1),(408,'1',null,'1',null,'carrier','name','phone','tracking_number',1),(409,'1',null,'1',null,'carrier','name','phone','tracking_number',2),(410,'1',null,'1',null,'carrier','name','phone','tracking_number',4),(411,'1',null,'1',null,'carrier','name','phone','tracking_number',3),(412,'1',null,'1',null,'carrier','name','phone','tracking_number',3),(413,'1',null,'1',null,'carrier','name','phone','tracking_number',3),(414,'1',null,'1',null,'carrier','name','phone','tracking_number',6),(415,'1',null,'1',null,'carrier','name','phone','tracking_number',3),(416,'1',null,'1',null,'carrier','name','phone','tracking_number',2),(417,'1',null,'1',null,'carrier','name','phone','tracking_number',3),(418,'1',null,'1',null,'carrier','name','phone','tracking_number',3),(419,'1',null,'1',null,'carrier','name','phone','tracking_number',3),(420,'1',null,'1',null,'carrier','name','phone','tracking_number',3),(421,'1',null,'1',null,'carrier','name','phone','tracking_number',5),(422,'1',null,'1',null,'carrier','name','phone','tracking_number',5),(423,'1',null,'1',null,'carrier','name','phone','tracking_number',1),(424,'1',null,'1',null,'carrier','name','phone','tracking_number',4),(425,'1',null,'1',null,'carrier','name','phone','tracking_number',5),(426,'1',null,'1',null,'carrier','name','phone','tracking_number',4),(427,'1',null,'1',null,'carrier','name','phone','tracking_number',1),(428,'1',null,'1',null,'carrier','name','phone','tracking_number',5),(429,'1',null,'1',null,'carrier','name','phone','tracking_number',4),(430,'1',null,'1',null,'carrier','name','phone','tracking_number',4),(431,'1',null,'1',null,'carrier','name','phone','tracking_number',5),(432,'1',null,'1',null,'carrier','name','phone','tracking_number',6),(433,'1',null,'1',null,'carrier','name','phone','tracking_number',2),(434,'1',null,'1',null,'carrier','name','phone','tracking_number',1),(435,'1',null,'1',null,'carrier','name','phone','tracking_number',2),(436,'1',null,'1',null,'carrier','name','phone','tracking_number',1),(437,'1',null,'1',null,'carrier','name','phone','tracking_number',3),(438,'1',null,'1',null,'carrier','name','phone','tracking_number',2),(439,'1',null,'1',null,'carrier','name','phone','tracking_number',4),(440,'1',null,'1',null,'carrier','name','phone','tracking_number',5),(441,'1',null,'1',null,'carrier','name','phone','tracking_number',3),(442,'1',null,'1',null,'carrier','name','phone','tracking_number',2),(443,'1',null,'1',null,'carrier','name','phone','tracking_number',2),(444,'1',null,'1',null,'carrier','name','phone','tracking_number',5),(445,'1',null,'1',null,'carrier','name','phone','tracking_number',2),(446,'1',null,'1',null,'carrier','name','phone','tracking_number',5),(447,'1',null,'1',null,'carrier','name','phone','tracking_number',5),(448,'1',null,'1',null,'carrier','name','phone','tracking_number',5),(449,'1',null,'1',null,'carrier','name','phone','tracking_number',4),(450,'1',null,'1',null,'carrier','name','phone','tracking_number',6),(451,'1',null,'1',null,'carrier','name','phone','tracking_number',1),(452,'1',null,'1',null,'carrier','name','phone','tracking_number',2),(453,'1',null,'1',null,'carrier','name','phone','tracking_number',6),(454,'1',null,'1',null,'carrier','name','phone','tracking_number',5),(455,'1',null,'1',null,'carrier','name','phone','tracking_number',1),(456,'1',null,'1',null,'carrier','name','phone','tracking_number',3),(457,'1',null,'1',null,'carrier','name','phone','tracking_number',4),(458,'1',null,'1',null,'carrier','name','phone','tracking_number',6),(459,'1',null,'1',null,'carrier','name','phone','tracking_number',1),(460,'1',null,'1',null,'carrier','name','phone','tracking_number',2),(461,'1',null,'1',null,'carrier','name','phone','tracking_number',5),(462,'1',null,'1',null,'carrier','name','phone','tracking_number',2),(463,'1',null,'1',null,'carrier','name','phone','tracking_number',4),(464,'1',null,'1',null,'carrier','name','phone','tracking_number',3),(465,'1',null,'1',null,'carrier','name','phone','tracking_number',4),(466,'1',null,'1',null,'carrier','name','phone','tracking_number',6),(467,'1',null,'1',null,'carrier','name','phone','tracking_number',1),(468,'1',null,'1',null,'carrier','name','phone','tracking_number',4),(469,'1',null,'1',null,'carrier','name','phone','tracking_number',6),(470,'1',null,'1',null,'carrier','name','phone','tracking_number',5),(471,'1',null,'1',null,'carrier','name','phone','tracking_number',4),(472,'1',null,'1',null,'carrier','name','phone','tracking_number',4),(473,'1',null,'1',null,'carrier','name','phone','tracking_number',4),(474,'1',null,'1',null,'carrier','name','phone','tracking_number',2),(475,'1',null,'1',null,'carrier','name','phone','tracking_number',2),(476,'1',null,'1',null,'carrier','name','phone','tracking_number',5),(477,'1',null,'1',null,'carrier','name','phone','tracking_number',3),(478,'1',null,'1',null,'carrier','name','phone','tracking_number',2),(479,'1',null,'1',null,'carrier','name','phone','tracking_number',2),(480,'1',null,'1',null,'carrier','name','phone','tracking_number',5),(481,'1',null,'1',null,'carrier','name','phone','tracking_number',4),(482,'1',null,'1',null,'carrier','name','phone','tracking_number',2),(483,'1',null,'1',null,'carrier','name','phone','tracking_number',3),(484,'1',null,'1',null,'carrier','name','phone','tracking_number',3),(485,'1',null,'1',null,'carrier','name','phone','tracking_number',6),(486,'1',null,'1',null,'carrier','name','phone','tracking_number',4),(487,'1',null,'1',null,'carrier','name','phone','tracking_number',2),(488,'1',null,'1',null,'carrier','name','phone','tracking_number',4),(489,'1',null,'1',null,'carrier','name','phone','tracking_number',5),(490,'1',null,'1',null,'carrier','name','phone','tracking_number',4),(491,'1',null,'1',null,'carrier','name','phone','tracking_number',3),(492,'1',null,'1',null,'carrier','name','phone','tracking_number',3),(493,'1',null,'1',null,'carrier','name','phone','tracking_number',6),(494,'1',null,'1',null,'carrier','name','phone','tracking_number',1),(495,'1',null,'1',null,'carrier','name','phone','tracking_number',4),(496,'1',null,'1',null,'carrier','name','phone','tracking_number',5),(497,'1',null,'1',null,'carrier','name','phone','tracking_number',1),(498,'1',null,'1',null,'carrier','name','phone','tracking_number',4),(499,'1',null,'1',null,'carrier','name','phone','tracking_number',3),(500,'1',null,'1',null,'carrier','name','phone','tracking_number',4);

INSERT INTO payment (id,created_by,created_date,last_modified_by,last_modified_date,amount,currency,description,stripe_payment_intent_id) VALUES (1,'1',null,'1',null,1,'eur','test payment number 1','stripe_payment_intent_id number 1'),(2,'1',null,'1',null,1,'eur','test payment number 2','stripe_payment_intent_id number 2'),(3,'1',null,'1',null,1,'eur','test payment number 3','stripe_payment_intent_id number 3'),(4,'1',null,'1',null,1,'eur','test payment number 4','stripe_payment_intent_id number 4'),(5,'1',null,'1',null,1,'eur','test payment number 5','stripe_payment_intent_id number 5'),(6,'1',null,'1',null,1,'eur','test payment number 6','stripe_payment_intent_id number 6'),(7,'1',null,'1',null,1,'eur','test payment number 7','stripe_payment_intent_id number 7'),(8,'1',null,'1',null,1,'eur','test payment number 8','stripe_payment_intent_id number 8'),(9,'1',null,'1',null,1,'eur','test payment number 9','stripe_payment_intent_id number 9'),(10,'1',null,'1',null,1,'eur','test payment number 10','stripe_payment_intent_id number 10'),(11,'1',null,'1',null,1,'eur','test payment number 11','stripe_payment_intent_id number 11'),(12,'1',null,'1',null,1,'eur','test payment number 12','stripe_payment_intent_id number 12'),(13,'1',null,'1',null,1,'eur','test payment number 13','stripe_payment_intent_id number 13'),(14,'1',null,'1',null,1,'eur','test payment number 14','stripe_payment_intent_id number 14'),(15,'1',null,'1',null,1,'eur','test payment number 15','stripe_payment_intent_id number 15'),(16,'1',null,'1',null,1,'eur','test payment number 16','stripe_payment_intent_id number 16'),(17,'1',null,'1',null,1,'eur','test payment number 17','stripe_payment_intent_id number 17'),(18,'1',null,'1',null,1,'eur','test payment number 18','stripe_payment_intent_id number 18'),(19,'1',null,'1',null,1,'eur','test payment number 19','stripe_payment_intent_id number 19'),(20,'1',null,'1',null,1,'eur','test payment number 20','stripe_payment_intent_id number 20'),(21,'1',null,'1',null,1,'eur','test payment number 21','stripe_payment_intent_id number 21'),(22,'1',null,'1',null,1,'eur','test payment number 22','stripe_payment_intent_id number 22'),(23,'1',null,'1',null,1,'eur','test payment number 23','stripe_payment_intent_id number 23'),(24,'1',null,'1',null,1,'eur','test payment number 24','stripe_payment_intent_id number 24'),(25,'1',null,'1',null,1,'eur','test payment number 25','stripe_payment_intent_id number 25'),(26,'1',null,'1',null,1,'eur','test payment number 26','stripe_payment_intent_id number 26'),(27,'1',null,'1',null,1,'eur','test payment number 27','stripe_payment_intent_id number 27'),(28,'1',null,'1',null,1,'eur','test payment number 28','stripe_payment_intent_id number 28'),(29,'1',null,'1',null,1,'eur','test payment number 29','stripe_payment_intent_id number 29'),(30,'1',null,'1',null,1,'eur','test payment number 30','stripe_payment_intent_id number 30'),(31,'1',null,'1',null,1,'eur','test payment number 31','stripe_payment_intent_id number 31'),(32,'1',null,'1',null,1,'eur','test payment number 32','stripe_payment_intent_id number 32'),(33,'1',null,'1',null,1,'eur','test payment number 33','stripe_payment_intent_id number 33'),(34,'1',null,'1',null,1,'eur','test payment number 34','stripe_payment_intent_id number 34'),(35,'1',null,'1',null,1,'eur','test payment number 35','stripe_payment_intent_id number 35'),(36,'1',null,'1',null,1,'eur','test payment number 36','stripe_payment_intent_id number 36'),(37,'1',null,'1',null,1,'eur','test payment number 37','stripe_payment_intent_id number 37'),(38,'1',null,'1',null,1,'eur','test payment number 38','stripe_payment_intent_id number 38'),(39,'1',null,'1',null,1,'eur','test payment number 39','stripe_payment_intent_id number 39'),(40,'1',null,'1',null,1,'eur','test payment number 40','stripe_payment_intent_id number 40'),(41,'1',null,'1',null,1,'eur','test payment number 41','stripe_payment_intent_id number 41'),(42,'1',null,'1',null,1,'eur','test payment number 42','stripe_payment_intent_id number 42'),(43,'1',null,'1',null,1,'eur','test payment number 43','stripe_payment_intent_id number 43'),(44,'1',null,'1',null,1,'eur','test payment number 44','stripe_payment_intent_id number 44'),(45,'1',null,'1',null,1,'eur','test payment number 45','stripe_payment_intent_id number 45'),(46,'1',null,'1',null,1,'eur','test payment number 46','stripe_payment_intent_id number 46'),(47,'1',null,'1',null,1,'eur','test payment number 47','stripe_payment_intent_id number 47'),(48,'1',null,'1',null,1,'eur','test payment number 48','stripe_payment_intent_id number 48'),(49,'1',null,'1',null,1,'eur','test payment number 49','stripe_payment_intent_id number 49'),(50,'1',null,'1',null,1,'eur','test payment number 50','stripe_payment_intent_id number 50'),(51,'1',null,'1',null,1,'eur','test payment number 51','stripe_payment_intent_id number 51'),(52,'1',null,'1',null,1,'eur','test payment number 52','stripe_payment_intent_id number 52'),(53,'1',null,'1',null,1,'eur','test payment number 53','stripe_payment_intent_id number 53'),(54,'1',null,'1',null,1,'eur','test payment number 54','stripe_payment_intent_id number 54'),(55,'1',null,'1',null,1,'eur','test payment number 55','stripe_payment_intent_id number 55'),(56,'1',null,'1',null,1,'eur','test payment number 56','stripe_payment_intent_id number 56'),(57,'1',null,'1',null,1,'eur','test payment number 57','stripe_payment_intent_id number 57'),(58,'1',null,'1',null,1,'eur','test payment number 58','stripe_payment_intent_id number 58'),(59,'1',null,'1',null,1,'eur','test payment number 59','stripe_payment_intent_id number 59'),(60,'1',null,'1',null,1,'eur','test payment number 60','stripe_payment_intent_id number 60'),(61,'1',null,'1',null,1,'eur','test payment number 61','stripe_payment_intent_id number 61'),(62,'1',null,'1',null,1,'eur','test payment number 62','stripe_payment_intent_id number 62'),(63,'1',null,'1',null,1,'eur','test payment number 63','stripe_payment_intent_id number 63'),(64,'1',null,'1',null,1,'eur','test payment number 64','stripe_payment_intent_id number 64'),(65,'1',null,'1',null,1,'eur','test payment number 65','stripe_payment_intent_id number 65'),(66,'1',null,'1',null,1,'eur','test payment number 66','stripe_payment_intent_id number 66'),(67,'1',null,'1',null,1,'eur','test payment number 67','stripe_payment_intent_id number 67'),(68,'1',null,'1',null,1,'eur','test payment number 68','stripe_payment_intent_id number 68'),(69,'1',null,'1',null,1,'eur','test payment number 69','stripe_payment_intent_id number 69'),(70,'1',null,'1',null,1,'eur','test payment number 70','stripe_payment_intent_id number 70'),(71,'1',null,'1',null,1,'eur','test payment number 71','stripe_payment_intent_id number 71'),(72,'1',null,'1',null,1,'eur','test payment number 72','stripe_payment_intent_id number 72'),(73,'1',null,'1',null,1,'eur','test payment number 73','stripe_payment_intent_id number 73'),(74,'1',null,'1',null,1,'eur','test payment number 74','stripe_payment_intent_id number 74'),(75,'1',null,'1',null,1,'eur','test payment number 75','stripe_payment_intent_id number 75'),(76,'1',null,'1',null,1,'eur','test payment number 76','stripe_payment_intent_id number 76'),(77,'1',null,'1',null,1,'eur','test payment number 77','stripe_payment_intent_id number 77'),(78,'1',null,'1',null,1,'eur','test payment number 78','stripe_payment_intent_id number 78'),(79,'1',null,'1',null,1,'eur','test payment number 79','stripe_payment_intent_id number 79'),(80,'1',null,'1',null,1,'eur','test payment number 80','stripe_payment_intent_id number 80'),(81,'1',null,'1',null,1,'eur','test payment number 81','stripe_payment_intent_id number 81'),(82,'1',null,'1',null,1,'eur','test payment number 82','stripe_payment_intent_id number 82'),(83,'1',null,'1',null,1,'eur','test payment number 83','stripe_payment_intent_id number 83'),(84,'1',null,'1',null,1,'eur','test payment number 84','stripe_payment_intent_id number 84'),(85,'1',null,'1',null,1,'eur','test payment number 85','stripe_payment_intent_id number 85'),(86,'1',null,'1',null,1,'eur','test payment number 86','stripe_payment_intent_id number 86'),(87,'1',null,'1',null,1,'eur','test payment number 87','stripe_payment_intent_id number 87'),(88,'1',null,'1',null,1,'eur','test payment number 88','stripe_payment_intent_id number 88'),(89,'1',null,'1',null,1,'eur','test payment number 89','stripe_payment_intent_id number 89'),(90,'1',null,'1',null,1,'eur','test payment number 90','stripe_payment_intent_id number 90'),(91,'1',null,'1',null,1,'eur','test payment number 91','stripe_payment_intent_id number 91'),(92,'1',null,'1',null,1,'eur','test payment number 92','stripe_payment_intent_id number 92'),(93,'1',null,'1',null,1,'eur','test payment number 93','stripe_payment_intent_id number 93'),(94,'1',null,'1',null,1,'eur','test payment number 94','stripe_payment_intent_id number 94'),(95,'1',null,'1',null,1,'eur','test payment number 95','stripe_payment_intent_id number 95'),(96,'1',null,'1',null,1,'eur','test payment number 96','stripe_payment_intent_id number 96'),(97,'1',null,'1',null,1,'eur','test payment number 97','stripe_payment_intent_id number 97'),(98,'1',null,'1',null,1,'eur','test payment number 98','stripe_payment_intent_id number 98'),(99,'1',null,'1',null,1,'eur','test payment number 99','stripe_payment_intent_id number 99'),(100,'1',null,'1',null,1,'eur','test payment number 100','stripe_payment_intent_id number 100'),(101,'1',null,'1',null,1,'eur','test payment number 101','stripe_payment_intent_id number 101'),(102,'1',null,'1',null,1,'eur','test payment number 102','stripe_payment_intent_id number 102'),(103,'1',null,'1',null,1,'eur','test payment number 103','stripe_payment_intent_id number 103'),(104,'1',null,'1',null,1,'eur','test payment number 104','stripe_payment_intent_id number 104'),(105,'1',null,'1',null,1,'eur','test payment number 105','stripe_payment_intent_id number 105'),(106,'1',null,'1',null,1,'eur','test payment number 106','stripe_payment_intent_id number 106'),(107,'1',null,'1',null,1,'eur','test payment number 107','stripe_payment_intent_id number 107'),(108,'1',null,'1',null,1,'eur','test payment number 108','stripe_payment_intent_id number 108'),(109,'1',null,'1',null,1,'eur','test payment number 109','stripe_payment_intent_id number 109'),(110,'1',null,'1',null,1,'eur','test payment number 110','stripe_payment_intent_id number 110'),(111,'1',null,'1',null,1,'eur','test payment number 111','stripe_payment_intent_id number 111'),(112,'1',null,'1',null,1,'eur','test payment number 112','stripe_payment_intent_id number 112'),(113,'1',null,'1',null,1,'eur','test payment number 113','stripe_payment_intent_id number 113'),(114,'1',null,'1',null,1,'eur','test payment number 114','stripe_payment_intent_id number 114'),(115,'1',null,'1',null,1,'eur','test payment number 115','stripe_payment_intent_id number 115'),(116,'1',null,'1',null,1,'eur','test payment number 116','stripe_payment_intent_id number 116'),(117,'1',null,'1',null,1,'eur','test payment number 117','stripe_payment_intent_id number 117'),(118,'1',null,'1',null,1,'eur','test payment number 118','stripe_payment_intent_id number 118'),(119,'1',null,'1',null,1,'eur','test payment number 119','stripe_payment_intent_id number 119'),(120,'1',null,'1',null,1,'eur','test payment number 120','stripe_payment_intent_id number 120'),(121,'1',null,'1',null,1,'eur','test payment number 121','stripe_payment_intent_id number 121'),(122,'1',null,'1',null,1,'eur','test payment number 122','stripe_payment_intent_id number 122'),(123,'1',null,'1',null,1,'eur','test payment number 123','stripe_payment_intent_id number 123'),(124,'1',null,'1',null,1,'eur','test payment number 124','stripe_payment_intent_id number 124'),(125,'1',null,'1',null,1,'eur','test payment number 125','stripe_payment_intent_id number 125'),(126,'1',null,'1',null,1,'eur','test payment number 126','stripe_payment_intent_id number 126'),(127,'1',null,'1',null,1,'eur','test payment number 127','stripe_payment_intent_id number 127'),(128,'1',null,'1',null,1,'eur','test payment number 128','stripe_payment_intent_id number 128'),(129,'1',null,'1',null,1,'eur','test payment number 129','stripe_payment_intent_id number 129'),(130,'1',null,'1',null,1,'eur','test payment number 130','stripe_payment_intent_id number 130'),(131,'1',null,'1',null,1,'eur','test payment number 131','stripe_payment_intent_id number 131'),(132,'1',null,'1',null,1,'eur','test payment number 132','stripe_payment_intent_id number 132'),(133,'1',null,'1',null,1,'eur','test payment number 133','stripe_payment_intent_id number 133'),(134,'1',null,'1',null,1,'eur','test payment number 134','stripe_payment_intent_id number 134'),(135,'1',null,'1',null,1,'eur','test payment number 135','stripe_payment_intent_id number 135'),(136,'1',null,'1',null,1,'eur','test payment number 136','stripe_payment_intent_id number 136'),(137,'1',null,'1',null,1,'eur','test payment number 137','stripe_payment_intent_id number 137'),(138,'1',null,'1',null,1,'eur','test payment number 138','stripe_payment_intent_id number 138'),(139,'1',null,'1',null,1,'eur','test payment number 139','stripe_payment_intent_id number 139'),(140,'1',null,'1',null,1,'eur','test payment number 140','stripe_payment_intent_id number 140'),(141,'1',null,'1',null,1,'eur','test payment number 141','stripe_payment_intent_id number 141'),(142,'1',null,'1',null,1,'eur','test payment number 142','stripe_payment_intent_id number 142'),(143,'1',null,'1',null,1,'eur','test payment number 143','stripe_payment_intent_id number 143'),(144,'1',null,'1',null,1,'eur','test payment number 144','stripe_payment_intent_id number 144'),(145,'1',null,'1',null,1,'eur','test payment number 145','stripe_payment_intent_id number 145'),(146,'1',null,'1',null,1,'eur','test payment number 146','stripe_payment_intent_id number 146'),(147,'1',null,'1',null,1,'eur','test payment number 147','stripe_payment_intent_id number 147'),(148,'1',null,'1',null,1,'eur','test payment number 148','stripe_payment_intent_id number 148'),(149,'1',null,'1',null,1,'eur','test payment number 149','stripe_payment_intent_id number 149'),(150,'1',null,'1',null,1,'eur','test payment number 150','stripe_payment_intent_id number 150'),(151,'1',null,'1',null,1,'eur','test payment number 151','stripe_payment_intent_id number 151'),(152,'1',null,'1',null,1,'eur','test payment number 152','stripe_payment_intent_id number 152'),(153,'1',null,'1',null,1,'eur','test payment number 153','stripe_payment_intent_id number 153'),(154,'1',null,'1',null,1,'eur','test payment number 154','stripe_payment_intent_id number 154'),(155,'1',null,'1',null,1,'eur','test payment number 155','stripe_payment_intent_id number 155'),(156,'1',null,'1',null,1,'eur','test payment number 156','stripe_payment_intent_id number 156'),(157,'1',null,'1',null,1,'eur','test payment number 157','stripe_payment_intent_id number 157'),(158,'1',null,'1',null,1,'eur','test payment number 158','stripe_payment_intent_id number 158'),(159,'1',null,'1',null,1,'eur','test payment number 159','stripe_payment_intent_id number 159'),(160,'1',null,'1',null,1,'eur','test payment number 160','stripe_payment_intent_id number 160'),(161,'1',null,'1',null,1,'eur','test payment number 161','stripe_payment_intent_id number 161'),(162,'1',null,'1',null,1,'eur','test payment number 162','stripe_payment_intent_id number 162'),(163,'1',null,'1',null,1,'eur','test payment number 163','stripe_payment_intent_id number 163'),(164,'1',null,'1',null,1,'eur','test payment number 164','stripe_payment_intent_id number 164'),(165,'1',null,'1',null,1,'eur','test payment number 165','stripe_payment_intent_id number 165'),(166,'1',null,'1',null,1,'eur','test payment number 166','stripe_payment_intent_id number 166'),(167,'1',null,'1',null,1,'eur','test payment number 167','stripe_payment_intent_id number 167'),(168,'1',null,'1',null,1,'eur','test payment number 168','stripe_payment_intent_id number 168'),(169,'1',null,'1',null,1,'eur','test payment number 169','stripe_payment_intent_id number 169'),(170,'1',null,'1',null,1,'eur','test payment number 170','stripe_payment_intent_id number 170'),(171,'1',null,'1',null,1,'eur','test payment number 171','stripe_payment_intent_id number 171'),(172,'1',null,'1',null,1,'eur','test payment number 172','stripe_payment_intent_id number 172'),(173,'1',null,'1',null,1,'eur','test payment number 173','stripe_payment_intent_id number 173'),(174,'1',null,'1',null,1,'eur','test payment number 174','stripe_payment_intent_id number 174'),(175,'1',null,'1',null,1,'eur','test payment number 175','stripe_payment_intent_id number 175'),(176,'1',null,'1',null,1,'eur','test payment number 176','stripe_payment_intent_id number 176'),(177,'1',null,'1',null,1,'eur','test payment number 177','stripe_payment_intent_id number 177'),(178,'1',null,'1',null,1,'eur','test payment number 178','stripe_payment_intent_id number 178'),(179,'1',null,'1',null,1,'eur','test payment number 179','stripe_payment_intent_id number 179'),(180,'1',null,'1',null,1,'eur','test payment number 180','stripe_payment_intent_id number 180'),(181,'1',null,'1',null,1,'eur','test payment number 181','stripe_payment_intent_id number 181'),(182,'1',null,'1',null,1,'eur','test payment number 182','stripe_payment_intent_id number 182'),(183,'1',null,'1',null,1,'eur','test payment number 183','stripe_payment_intent_id number 183'),(184,'1',null,'1',null,1,'eur','test payment number 184','stripe_payment_intent_id number 184'),(185,'1',null,'1',null,1,'eur','test payment number 185','stripe_payment_intent_id number 185'),(186,'1',null,'1',null,1,'eur','test payment number 186','stripe_payment_intent_id number 186'),(187,'1',null,'1',null,1,'eur','test payment number 187','stripe_payment_intent_id number 187'),(188,'1',null,'1',null,1,'eur','test payment number 188','stripe_payment_intent_id number 188'),(189,'1',null,'1',null,1,'eur','test payment number 189','stripe_payment_intent_id number 189'),(190,'1',null,'1',null,1,'eur','test payment number 190','stripe_payment_intent_id number 190'),(191,'1',null,'1',null,1,'eur','test payment number 191','stripe_payment_intent_id number 191'),(192,'1',null,'1',null,1,'eur','test payment number 192','stripe_payment_intent_id number 192'),(193,'1',null,'1',null,1,'eur','test payment number 193','stripe_payment_intent_id number 193'),(194,'1',null,'1',null,1,'eur','test payment number 194','stripe_payment_intent_id number 194'),(195,'1',null,'1',null,1,'eur','test payment number 195','stripe_payment_intent_id number 195'),(196,'1',null,'1',null,1,'eur','test payment number 196','stripe_payment_intent_id number 196'),(197,'1',null,'1',null,1,'eur','test payment number 197','stripe_payment_intent_id number 197'),(198,'1',null,'1',null,1,'eur','test payment number 198','stripe_payment_intent_id number 198'),(199,'1',null,'1',null,1,'eur','test payment number 199','stripe_payment_intent_id number 199'),(200,'1',null,'1',null,1,'eur','test payment number 200','stripe_payment_intent_id number 200'),(201,'1',null,'1',null,1,'eur','test payment number 201','stripe_payment_intent_id number 201'),(202,'1',null,'1',null,1,'eur','test payment number 202','stripe_payment_intent_id number 202'),(203,'1',null,'1',null,1,'eur','test payment number 203','stripe_payment_intent_id number 203'),(204,'1',null,'1',null,1,'eur','test payment number 204','stripe_payment_intent_id number 204'),(205,'1',null,'1',null,1,'eur','test payment number 205','stripe_payment_intent_id number 205'),(206,'1',null,'1',null,1,'eur','test payment number 206','stripe_payment_intent_id number 206'),(207,'1',null,'1',null,1,'eur','test payment number 207','stripe_payment_intent_id number 207'),(208,'1',null,'1',null,1,'eur','test payment number 208','stripe_payment_intent_id number 208'),(209,'1',null,'1',null,1,'eur','test payment number 209','stripe_payment_intent_id number 209'),(210,'1',null,'1',null,1,'eur','test payment number 210','stripe_payment_intent_id number 210'),(211,'1',null,'1',null,1,'eur','test payment number 211','stripe_payment_intent_id number 211'),(212,'1',null,'1',null,1,'eur','test payment number 212','stripe_payment_intent_id number 212'),(213,'1',null,'1',null,1,'eur','test payment number 213','stripe_payment_intent_id number 213'),(214,'1',null,'1',null,1,'eur','test payment number 214','stripe_payment_intent_id number 214'),(215,'1',null,'1',null,1,'eur','test payment number 215','stripe_payment_intent_id number 215'),(216,'1',null,'1',null,1,'eur','test payment number 216','stripe_payment_intent_id number 216'),(217,'1',null,'1',null,1,'eur','test payment number 217','stripe_payment_intent_id number 217'),(218,'1',null,'1',null,1,'eur','test payment number 218','stripe_payment_intent_id number 218'),(219,'1',null,'1',null,1,'eur','test payment number 219','stripe_payment_intent_id number 219'),(220,'1',null,'1',null,1,'eur','test payment number 220','stripe_payment_intent_id number 220'),(221,'1',null,'1',null,1,'eur','test payment number 221','stripe_payment_intent_id number 221'),(222,'1',null,'1',null,1,'eur','test payment number 222','stripe_payment_intent_id number 222'),(223,'1',null,'1',null,1,'eur','test payment number 223','stripe_payment_intent_id number 223'),(224,'1',null,'1',null,1,'eur','test payment number 224','stripe_payment_intent_id number 224'),(225,'1',null,'1',null,1,'eur','test payment number 225','stripe_payment_intent_id number 225'),(226,'1',null,'1',null,1,'eur','test payment number 226','stripe_payment_intent_id number 226'),(227,'1',null,'1',null,1,'eur','test payment number 227','stripe_payment_intent_id number 227'),(228,'1',null,'1',null,1,'eur','test payment number 228','stripe_payment_intent_id number 228'),(229,'1',null,'1',null,1,'eur','test payment number 229','stripe_payment_intent_id number 229'),(230,'1',null,'1',null,1,'eur','test payment number 230','stripe_payment_intent_id number 230'),(231,'1',null,'1',null,1,'eur','test payment number 231','stripe_payment_intent_id number 231'),(232,'1',null,'1',null,1,'eur','test payment number 232','stripe_payment_intent_id number 232'),(233,'1',null,'1',null,1,'eur','test payment number 233','stripe_payment_intent_id number 233'),(234,'1',null,'1',null,1,'eur','test payment number 234','stripe_payment_intent_id number 234'),(235,'1',null,'1',null,1,'eur','test payment number 235','stripe_payment_intent_id number 235'),(236,'1',null,'1',null,1,'eur','test payment number 236','stripe_payment_intent_id number 236'),(237,'1',null,'1',null,1,'eur','test payment number 237','stripe_payment_intent_id number 237'),(238,'1',null,'1',null,1,'eur','test payment number 238','stripe_payment_intent_id number 238'),(239,'1',null,'1',null,1,'eur','test payment number 239','stripe_payment_intent_id number 239'),(240,'1',null,'1',null,1,'eur','test payment number 240','stripe_payment_intent_id number 240'),(241,'1',null,'1',null,1,'eur','test payment number 241','stripe_payment_intent_id number 241'),(242,'1',null,'1',null,1,'eur','test payment number 242','stripe_payment_intent_id number 242'),(243,'1',null,'1',null,1,'eur','test payment number 243','stripe_payment_intent_id number 243'),(244,'1',null,'1',null,1,'eur','test payment number 244','stripe_payment_intent_id number 244'),(245,'1',null,'1',null,1,'eur','test payment number 245','stripe_payment_intent_id number 245'),(246,'1',null,'1',null,1,'eur','test payment number 246','stripe_payment_intent_id number 246'),(247,'1',null,'1',null,1,'eur','test payment number 247','stripe_payment_intent_id number 247'),(248,'1',null,'1',null,1,'eur','test payment number 248','stripe_payment_intent_id number 248'),(249,'1',null,'1',null,1,'eur','test payment number 249','stripe_payment_intent_id number 249'),(250,'1',null,'1',null,1,'eur','test payment number 250','stripe_payment_intent_id number 250'),(251,'1',null,'1',null,1,'eur','test payment number 251','stripe_payment_intent_id number 251'),(252,'1',null,'1',null,1,'eur','test payment number 252','stripe_payment_intent_id number 252'),(253,'1',null,'1',null,1,'eur','test payment number 253','stripe_payment_intent_id number 253'),(254,'1',null,'1',null,1,'eur','test payment number 254','stripe_payment_intent_id number 254'),(255,'1',null,'1',null,1,'eur','test payment number 255','stripe_payment_intent_id number 255'),(256,'1',null,'1',null,1,'eur','test payment number 256','stripe_payment_intent_id number 256'),(257,'1',null,'1',null,1,'eur','test payment number 257','stripe_payment_intent_id number 257'),(258,'1',null,'1',null,1,'eur','test payment number 258','stripe_payment_intent_id number 258'),(259,'1',null,'1',null,1,'eur','test payment number 259','stripe_payment_intent_id number 259'),(260,'1',null,'1',null,1,'eur','test payment number 260','stripe_payment_intent_id number 260'),(261,'1',null,'1',null,1,'eur','test payment number 261','stripe_payment_intent_id number 261'),(262,'1',null,'1',null,1,'eur','test payment number 262','stripe_payment_intent_id number 262'),(263,'1',null,'1',null,1,'eur','test payment number 263','stripe_payment_intent_id number 263'),(264,'1',null,'1',null,1,'eur','test payment number 264','stripe_payment_intent_id number 264'),(265,'1',null,'1',null,1,'eur','test payment number 265','stripe_payment_intent_id number 265'),(266,'1',null,'1',null,1,'eur','test payment number 266','stripe_payment_intent_id number 266'),(267,'1',null,'1',null,1,'eur','test payment number 267','stripe_payment_intent_id number 267'),(268,'1',null,'1',null,1,'eur','test payment number 268','stripe_payment_intent_id number 268'),(269,'1',null,'1',null,1,'eur','test payment number 269','stripe_payment_intent_id number 269'),(270,'1',null,'1',null,1,'eur','test payment number 270','stripe_payment_intent_id number 270'),(271,'1',null,'1',null,1,'eur','test payment number 271','stripe_payment_intent_id number 271'),(272,'1',null,'1',null,1,'eur','test payment number 272','stripe_payment_intent_id number 272'),(273,'1',null,'1',null,1,'eur','test payment number 273','stripe_payment_intent_id number 273'),(274,'1',null,'1',null,1,'eur','test payment number 274','stripe_payment_intent_id number 274'),(275,'1',null,'1',null,1,'eur','test payment number 275','stripe_payment_intent_id number 275'),(276,'1',null,'1',null,1,'eur','test payment number 276','stripe_payment_intent_id number 276'),(277,'1',null,'1',null,1,'eur','test payment number 277','stripe_payment_intent_id number 277'),(278,'1',null,'1',null,1,'eur','test payment number 278','stripe_payment_intent_id number 278'),(279,'1',null,'1',null,1,'eur','test payment number 279','stripe_payment_intent_id number 279'),(280,'1',null,'1',null,1,'eur','test payment number 280','stripe_payment_intent_id number 280'),(281,'1',null,'1',null,1,'eur','test payment number 281','stripe_payment_intent_id number 281'),(282,'1',null,'1',null,1,'eur','test payment number 282','stripe_payment_intent_id number 282'),(283,'1',null,'1',null,1,'eur','test payment number 283','stripe_payment_intent_id number 283'),(284,'1',null,'1',null,1,'eur','test payment number 284','stripe_payment_intent_id number 284'),(285,'1',null,'1',null,1,'eur','test payment number 285','stripe_payment_intent_id number 285'),(286,'1',null,'1',null,1,'eur','test payment number 286','stripe_payment_intent_id number 286'),(287,'1',null,'1',null,1,'eur','test payment number 287','stripe_payment_intent_id number 287'),(288,'1',null,'1',null,1,'eur','test payment number 288','stripe_payment_intent_id number 288'),(289,'1',null,'1',null,1,'eur','test payment number 289','stripe_payment_intent_id number 289'),(290,'1',null,'1',null,1,'eur','test payment number 290','stripe_payment_intent_id number 290'),(291,'1',null,'1',null,1,'eur','test payment number 291','stripe_payment_intent_id number 291'),(292,'1',null,'1',null,1,'eur','test payment number 292','stripe_payment_intent_id number 292'),(293,'1',null,'1',null,1,'eur','test payment number 293','stripe_payment_intent_id number 293'),(294,'1',null,'1',null,1,'eur','test payment number 294','stripe_payment_intent_id number 294'),(295,'1',null,'1',null,1,'eur','test payment number 295','stripe_payment_intent_id number 295'),(296,'1',null,'1',null,1,'eur','test payment number 296','stripe_payment_intent_id number 296'),(297,'1',null,'1',null,1,'eur','test payment number 297','stripe_payment_intent_id number 297'),(298,'1',null,'1',null,1,'eur','test payment number 298','stripe_payment_intent_id number 298'),(299,'1',null,'1',null,1,'eur','test payment number 299','stripe_payment_intent_id number 299'),(300,'1',null,'1',null,1,'eur','test payment number 300','stripe_payment_intent_id number 300'),(301,'1',null,'1',null,1,'eur','test payment number 301','stripe_payment_intent_id number 301'),(302,'1',null,'1',null,1,'eur','test payment number 302','stripe_payment_intent_id number 302'),(303,'1',null,'1',null,1,'eur','test payment number 303','stripe_payment_intent_id number 303'),(304,'1',null,'1',null,1,'eur','test payment number 304','stripe_payment_intent_id number 304'),(305,'1',null,'1',null,1,'eur','test payment number 305','stripe_payment_intent_id number 305'),(306,'1',null,'1',null,1,'eur','test payment number 306','stripe_payment_intent_id number 306'),(307,'1',null,'1',null,1,'eur','test payment number 307','stripe_payment_intent_id number 307'),(308,'1',null,'1',null,1,'eur','test payment number 308','stripe_payment_intent_id number 308'),(309,'1',null,'1',null,1,'eur','test payment number 309','stripe_payment_intent_id number 309'),(310,'1',null,'1',null,1,'eur','test payment number 310','stripe_payment_intent_id number 310'),(311,'1',null,'1',null,1,'eur','test payment number 311','stripe_payment_intent_id number 311'),(312,'1',null,'1',null,1,'eur','test payment number 312','stripe_payment_intent_id number 312'),(313,'1',null,'1',null,1,'eur','test payment number 313','stripe_payment_intent_id number 313'),(314,'1',null,'1',null,1,'eur','test payment number 314','stripe_payment_intent_id number 314'),(315,'1',null,'1',null,1,'eur','test payment number 315','stripe_payment_intent_id number 315'),(316,'1',null,'1',null,1,'eur','test payment number 316','stripe_payment_intent_id number 316'),(317,'1',null,'1',null,1,'eur','test payment number 317','stripe_payment_intent_id number 317'),(318,'1',null,'1',null,1,'eur','test payment number 318','stripe_payment_intent_id number 318'),(319,'1',null,'1',null,1,'eur','test payment number 319','stripe_payment_intent_id number 319'),(320,'1',null,'1',null,1,'eur','test payment number 320','stripe_payment_intent_id number 320'),(321,'1',null,'1',null,1,'eur','test payment number 321','stripe_payment_intent_id number 321'),(322,'1',null,'1',null,1,'eur','test payment number 322','stripe_payment_intent_id number 322'),(323,'1',null,'1',null,1,'eur','test payment number 323','stripe_payment_intent_id number 323'),(324,'1',null,'1',null,1,'eur','test payment number 324','stripe_payment_intent_id number 324'),(325,'1',null,'1',null,1,'eur','test payment number 325','stripe_payment_intent_id number 325'),(326,'1',null,'1',null,1,'eur','test payment number 326','stripe_payment_intent_id number 326'),(327,'1',null,'1',null,1,'eur','test payment number 327','stripe_payment_intent_id number 327'),(328,'1',null,'1',null,1,'eur','test payment number 328','stripe_payment_intent_id number 328'),(329,'1',null,'1',null,1,'eur','test payment number 329','stripe_payment_intent_id number 329'),(330,'1',null,'1',null,1,'eur','test payment number 330','stripe_payment_intent_id number 330'),(331,'1',null,'1',null,1,'eur','test payment number 331','stripe_payment_intent_id number 331'),(332,'1',null,'1',null,1,'eur','test payment number 332','stripe_payment_intent_id number 332'),(333,'1',null,'1',null,1,'eur','test payment number 333','stripe_payment_intent_id number 333'),(334,'1',null,'1',null,1,'eur','test payment number 334','stripe_payment_intent_id number 334'),(335,'1',null,'1',null,1,'eur','test payment number 335','stripe_payment_intent_id number 335'),(336,'1',null,'1',null,1,'eur','test payment number 336','stripe_payment_intent_id number 336'),(337,'1',null,'1',null,1,'eur','test payment number 337','stripe_payment_intent_id number 337'),(338,'1',null,'1',null,1,'eur','test payment number 338','stripe_payment_intent_id number 338'),(339,'1',null,'1',null,1,'eur','test payment number 339','stripe_payment_intent_id number 339'),(340,'1',null,'1',null,1,'eur','test payment number 340','stripe_payment_intent_id number 340'),(341,'1',null,'1',null,1,'eur','test payment number 341','stripe_payment_intent_id number 341'),(342,'1',null,'1',null,1,'eur','test payment number 342','stripe_payment_intent_id number 342'),(343,'1',null,'1',null,1,'eur','test payment number 343','stripe_payment_intent_id number 343'),(344,'1',null,'1',null,1,'eur','test payment number 344','stripe_payment_intent_id number 344'),(345,'1',null,'1',null,1,'eur','test payment number 345','stripe_payment_intent_id number 345'),(346,'1',null,'1',null,1,'eur','test payment number 346','stripe_payment_intent_id number 346'),(347,'1',null,'1',null,1,'eur','test payment number 347','stripe_payment_intent_id number 347'),(348,'1',null,'1',null,1,'eur','test payment number 348','stripe_payment_intent_id number 348'),(349,'1',null,'1',null,1,'eur','test payment number 349','stripe_payment_intent_id number 349'),(350,'1',null,'1',null,1,'eur','test payment number 350','stripe_payment_intent_id number 350'),(351,'1',null,'1',null,1,'eur','test payment number 351','stripe_payment_intent_id number 351'),(352,'1',null,'1',null,1,'eur','test payment number 352','stripe_payment_intent_id number 352'),(353,'1',null,'1',null,1,'eur','test payment number 353','stripe_payment_intent_id number 353'),(354,'1',null,'1',null,1,'eur','test payment number 354','stripe_payment_intent_id number 354'),(355,'1',null,'1',null,1,'eur','test payment number 355','stripe_payment_intent_id number 355'),(356,'1',null,'1',null,1,'eur','test payment number 356','stripe_payment_intent_id number 356'),(357,'1',null,'1',null,1,'eur','test payment number 357','stripe_payment_intent_id number 357'),(358,'1',null,'1',null,1,'eur','test payment number 358','stripe_payment_intent_id number 358'),(359,'1',null,'1',null,1,'eur','test payment number 359','stripe_payment_intent_id number 359'),(360,'1',null,'1',null,1,'eur','test payment number 360','stripe_payment_intent_id number 360'),(361,'1',null,'1',null,1,'eur','test payment number 361','stripe_payment_intent_id number 361'),(362,'1',null,'1',null,1,'eur','test payment number 362','stripe_payment_intent_id number 362'),(363,'1',null,'1',null,1,'eur','test payment number 363','stripe_payment_intent_id number 363'),(364,'1',null,'1',null,1,'eur','test payment number 364','stripe_payment_intent_id number 364'),(365,'1',null,'1',null,1,'eur','test payment number 365','stripe_payment_intent_id number 365'),(366,'1',null,'1',null,1,'eur','test payment number 366','stripe_payment_intent_id number 366'),(367,'1',null,'1',null,1,'eur','test payment number 367','stripe_payment_intent_id number 367'),(368,'1',null,'1',null,1,'eur','test payment number 368','stripe_payment_intent_id number 368'),(369,'1',null,'1',null,1,'eur','test payment number 369','stripe_payment_intent_id number 369'),(370,'1',null,'1',null,1,'eur','test payment number 370','stripe_payment_intent_id number 370'),(371,'1',null,'1',null,1,'eur','test payment number 371','stripe_payment_intent_id number 371'),(372,'1',null,'1',null,1,'eur','test payment number 372','stripe_payment_intent_id number 372'),(373,'1',null,'1',null,1,'eur','test payment number 373','stripe_payment_intent_id number 373'),(374,'1',null,'1',null,1,'eur','test payment number 374','stripe_payment_intent_id number 374'),(375,'1',null,'1',null,1,'eur','test payment number 375','stripe_payment_intent_id number 375'),(376,'1',null,'1',null,1,'eur','test payment number 376','stripe_payment_intent_id number 376'),(377,'1',null,'1',null,1,'eur','test payment number 377','stripe_payment_intent_id number 377'),(378,'1',null,'1',null,1,'eur','test payment number 378','stripe_payment_intent_id number 378'),(379,'1',null,'1',null,1,'eur','test payment number 379','stripe_payment_intent_id number 379'),(380,'1',null,'1',null,1,'eur','test payment number 380','stripe_payment_intent_id number 380'),(381,'1',null,'1',null,1,'eur','test payment number 381','stripe_payment_intent_id number 381'),(382,'1',null,'1',null,1,'eur','test payment number 382','stripe_payment_intent_id number 382'),(383,'1',null,'1',null,1,'eur','test payment number 383','stripe_payment_intent_id number 383'),(384,'1',null,'1',null,1,'eur','test payment number 384','stripe_payment_intent_id number 384'),(385,'1',null,'1',null,1,'eur','test payment number 385','stripe_payment_intent_id number 385'),(386,'1',null,'1',null,1,'eur','test payment number 386','stripe_payment_intent_id number 386'),(387,'1',null,'1',null,1,'eur','test payment number 387','stripe_payment_intent_id number 387'),(388,'1',null,'1',null,1,'eur','test payment number 388','stripe_payment_intent_id number 388'),(389,'1',null,'1',null,1,'eur','test payment number 389','stripe_payment_intent_id number 389'),(390,'1',null,'1',null,1,'eur','test payment number 390','stripe_payment_intent_id number 390'),(391,'1',null,'1',null,1,'eur','test payment number 391','stripe_payment_intent_id number 391'),(392,'1',null,'1',null,1,'eur','test payment number 392','stripe_payment_intent_id number 392'),(393,'1',null,'1',null,1,'eur','test payment number 393','stripe_payment_intent_id number 393'),(394,'1',null,'1',null,1,'eur','test payment number 394','stripe_payment_intent_id number 394'),(395,'1',null,'1',null,1,'eur','test payment number 395','stripe_payment_intent_id number 395'),(396,'1',null,'1',null,1,'eur','test payment number 396','stripe_payment_intent_id number 396'),(397,'1',null,'1',null,1,'eur','test payment number 397','stripe_payment_intent_id number 397'),(398,'1',null,'1',null,1,'eur','test payment number 398','stripe_payment_intent_id number 398'),(399,'1',null,'1',null,1,'eur','test payment number 399','stripe_payment_intent_id number 399'),(400,'1',null,'1',null,1,'eur','test payment number 400','stripe_payment_intent_id number 400'),(401,'1',null,'1',null,1,'eur','test payment number 401','stripe_payment_intent_id number 401'),(402,'1',null,'1',null,1,'eur','test payment number 402','stripe_payment_intent_id number 402'),(403,'1',null,'1',null,1,'eur','test payment number 403','stripe_payment_intent_id number 403'),(404,'1',null,'1',null,1,'eur','test payment number 404','stripe_payment_intent_id number 404'),(405,'1',null,'1',null,1,'eur','test payment number 405','stripe_payment_intent_id number 405'),(406,'1',null,'1',null,1,'eur','test payment number 406','stripe_payment_intent_id number 406'),(407,'1',null,'1',null,1,'eur','test payment number 407','stripe_payment_intent_id number 407'),(408,'1',null,'1',null,1,'eur','test payment number 408','stripe_payment_intent_id number 408'),(409,'1',null,'1',null,1,'eur','test payment number 409','stripe_payment_intent_id number 409'),(410,'1',null,'1',null,1,'eur','test payment number 410','stripe_payment_intent_id number 410'),(411,'1',null,'1',null,1,'eur','test payment number 411','stripe_payment_intent_id number 411'),(412,'1',null,'1',null,1,'eur','test payment number 412','stripe_payment_intent_id number 412'),(413,'1',null,'1',null,1,'eur','test payment number 413','stripe_payment_intent_id number 413'),(414,'1',null,'1',null,1,'eur','test payment number 414','stripe_payment_intent_id number 414'),(415,'1',null,'1',null,1,'eur','test payment number 415','stripe_payment_intent_id number 415'),(416,'1',null,'1',null,1,'eur','test payment number 416','stripe_payment_intent_id number 416'),(417,'1',null,'1',null,1,'eur','test payment number 417','stripe_payment_intent_id number 417'),(418,'1',null,'1',null,1,'eur','test payment number 418','stripe_payment_intent_id number 418'),(419,'1',null,'1',null,1,'eur','test payment number 419','stripe_payment_intent_id number 419'),(420,'1',null,'1',null,1,'eur','test payment number 420','stripe_payment_intent_id number 420'),(421,'1',null,'1',null,1,'eur','test payment number 421','stripe_payment_intent_id number 421'),(422,'1',null,'1',null,1,'eur','test payment number 422','stripe_payment_intent_id number 422'),(423,'1',null,'1',null,1,'eur','test payment number 423','stripe_payment_intent_id number 423'),(424,'1',null,'1',null,1,'eur','test payment number 424','stripe_payment_intent_id number 424'),(425,'1',null,'1',null,1,'eur','test payment number 425','stripe_payment_intent_id number 425'),(426,'1',null,'1',null,1,'eur','test payment number 426','stripe_payment_intent_id number 426'),(427,'1',null,'1',null,1,'eur','test payment number 427','stripe_payment_intent_id number 427'),(428,'1',null,'1',null,1,'eur','test payment number 428','stripe_payment_intent_id number 428'),(429,'1',null,'1',null,1,'eur','test payment number 429','stripe_payment_intent_id number 429'),(430,'1',null,'1',null,1,'eur','test payment number 430','stripe_payment_intent_id number 430'),(431,'1',null,'1',null,1,'eur','test payment number 431','stripe_payment_intent_id number 431'),(432,'1',null,'1',null,1,'eur','test payment number 432','stripe_payment_intent_id number 432'),(433,'1',null,'1',null,1,'eur','test payment number 433','stripe_payment_intent_id number 433'),(434,'1',null,'1',null,1,'eur','test payment number 434','stripe_payment_intent_id number 434'),(435,'1',null,'1',null,1,'eur','test payment number 435','stripe_payment_intent_id number 435'),(436,'1',null,'1',null,1,'eur','test payment number 436','stripe_payment_intent_id number 436'),(437,'1',null,'1',null,1,'eur','test payment number 437','stripe_payment_intent_id number 437'),(438,'1',null,'1',null,1,'eur','test payment number 438','stripe_payment_intent_id number 438'),(439,'1',null,'1',null,1,'eur','test payment number 439','stripe_payment_intent_id number 439'),(440,'1',null,'1',null,1,'eur','test payment number 440','stripe_payment_intent_id number 440'),(441,'1',null,'1',null,1,'eur','test payment number 441','stripe_payment_intent_id number 441'),(442,'1',null,'1',null,1,'eur','test payment number 442','stripe_payment_intent_id number 442'),(443,'1',null,'1',null,1,'eur','test payment number 443','stripe_payment_intent_id number 443'),(444,'1',null,'1',null,1,'eur','test payment number 444','stripe_payment_intent_id number 444'),(445,'1',null,'1',null,1,'eur','test payment number 445','stripe_payment_intent_id number 445'),(446,'1',null,'1',null,1,'eur','test payment number 446','stripe_payment_intent_id number 446'),(447,'1',null,'1',null,1,'eur','test payment number 447','stripe_payment_intent_id number 447'),(448,'1',null,'1',null,1,'eur','test payment number 448','stripe_payment_intent_id number 448'),(449,'1',null,'1',null,1,'eur','test payment number 449','stripe_payment_intent_id number 449'),(450,'1',null,'1',null,1,'eur','test payment number 450','stripe_payment_intent_id number 450'),(451,'1',null,'1',null,1,'eur','test payment number 451','stripe_payment_intent_id number 451'),(452,'1',null,'1',null,1,'eur','test payment number 452','stripe_payment_intent_id number 452'),(453,'1',null,'1',null,1,'eur','test payment number 453','stripe_payment_intent_id number 453'),(454,'1',null,'1',null,1,'eur','test payment number 454','stripe_payment_intent_id number 454'),(455,'1',null,'1',null,1,'eur','test payment number 455','stripe_payment_intent_id number 455'),(456,'1',null,'1',null,1,'eur','test payment number 456','stripe_payment_intent_id number 456'),(457,'1',null,'1',null,1,'eur','test payment number 457','stripe_payment_intent_id number 457'),(458,'1',null,'1',null,1,'eur','test payment number 458','stripe_payment_intent_id number 458'),(459,'1',null,'1',null,1,'eur','test payment number 459','stripe_payment_intent_id number 459'),(460,'1',null,'1',null,1,'eur','test payment number 460','stripe_payment_intent_id number 460'),(461,'1',null,'1',null,1,'eur','test payment number 461','stripe_payment_intent_id number 461'),(462,'1',null,'1',null,1,'eur','test payment number 462','stripe_payment_intent_id number 462'),(463,'1',null,'1',null,1,'eur','test payment number 463','stripe_payment_intent_id number 463'),(464,'1',null,'1',null,1,'eur','test payment number 464','stripe_payment_intent_id number 464'),(465,'1',null,'1',null,1,'eur','test payment number 465','stripe_payment_intent_id number 465'),(466,'1',null,'1',null,1,'eur','test payment number 466','stripe_payment_intent_id number 466'),(467,'1',null,'1',null,1,'eur','test payment number 467','stripe_payment_intent_id number 467'),(468,'1',null,'1',null,1,'eur','test payment number 468','stripe_payment_intent_id number 468'),(469,'1',null,'1',null,1,'eur','test payment number 469','stripe_payment_intent_id number 469'),(470,'1',null,'1',null,1,'eur','test payment number 470','stripe_payment_intent_id number 470'),(471,'1',null,'1',null,1,'eur','test payment number 471','stripe_payment_intent_id number 471'),(472,'1',null,'1',null,1,'eur','test payment number 472','stripe_payment_intent_id number 472'),(473,'1',null,'1',null,1,'eur','test payment number 473','stripe_payment_intent_id number 473'),(474,'1',null,'1',null,1,'eur','test payment number 474','stripe_payment_intent_id number 474'),(475,'1',null,'1',null,1,'eur','test payment number 475','stripe_payment_intent_id number 475'),(476,'1',null,'1',null,1,'eur','test payment number 476','stripe_payment_intent_id number 476'),(477,'1',null,'1',null,1,'eur','test payment number 477','stripe_payment_intent_id number 477'),(478,'1',null,'1',null,1,'eur','test payment number 478','stripe_payment_intent_id number 478'),(479,'1',null,'1',null,1,'eur','test payment number 479','stripe_payment_intent_id number 479'),(480,'1',null,'1',null,1,'eur','test payment number 480','stripe_payment_intent_id number 480'),(481,'1',null,'1',null,1,'eur','test payment number 481','stripe_payment_intent_id number 481'),(482,'1',null,'1',null,1,'eur','test payment number 482','stripe_payment_intent_id number 482'),(483,'1',null,'1',null,1,'eur','test payment number 483','stripe_payment_intent_id number 483'),(484,'1',null,'1',null,1,'eur','test payment number 484','stripe_payment_intent_id number 484'),(485,'1',null,'1',null,1,'eur','test payment number 485','stripe_payment_intent_id number 485'),(486,'1',null,'1',null,1,'eur','test payment number 486','stripe_payment_intent_id number 486'),(487,'1',null,'1',null,1,'eur','test payment number 487','stripe_payment_intent_id number 487'),(488,'1',null,'1',null,1,'eur','test payment number 488','stripe_payment_intent_id number 488'),(489,'1',null,'1',null,1,'eur','test payment number 489','stripe_payment_intent_id number 489'),(490,'1',null,'1',null,1,'eur','test payment number 490','stripe_payment_intent_id number 490'),(491,'1',null,'1',null,1,'eur','test payment number 491','stripe_payment_intent_id number 491'),(492,'1',null,'1',null,1,'eur','test payment number 492','stripe_payment_intent_id number 492'),(493,'1',null,'1',null,1,'eur','test payment number 493','stripe_payment_intent_id number 493'),(494,'1',null,'1',null,1,'eur','test payment number 494','stripe_payment_intent_id number 494'),(495,'1',null,'1',null,1,'eur','test payment number 495','stripe_payment_intent_id number 495'),(496,'1',null,'1',null,1,'eur','test payment number 496','stripe_payment_intent_id number 496'),(497,'1',null,'1',null,1,'eur','test payment number 497','stripe_payment_intent_id number 497'),(498,'1',null,'1',null,1,'eur','test payment number 498','stripe_payment_intent_id number 498'),(499,'1',null,'1',null,1,'eur','test payment number 499','stripe_payment_intent_id number 499'),(500,'1',null,'1',null,1,'eur','test payment number 500','stripe_payment_intent_id number 500');

INSERT INTO pedido (id,created_by,created_date,last_modified_by,last_modified_date,status,payment_id,shipping_info_id,user_id) VALUES (1,'1',2019-10-22,'1',2019-10-22,'SHIPPING',1,1,52),(2,'2',2020-05-21,'2',2020-05-21,'COMPLETED',2,2,51),(3,'3',2020-01-04,'3',2020-01-04,'SHIPPING',3,3,13),(4,'4',2019-08-23,'4',2019-08-23,'COMPLETED',4,4,55),(5,'5',2019-10-12,'5',2019-10-12,'COMPLETED',5,5,60),(6,'6',2020-03-26,'6',2020-03-26,'COMPLETED',6,6,54),(7,'7',2019-11-16,'7',2019-11-16,'COMPLETED',7,7,40),(8,'8',2020-03-11,'8',2020-03-11,'COMPLETED',8,8,25),(9,'9',2019-09-23,'9',2019-09-23,'SHIPPING',9,9,24),(10,'10',2019-06-26,'10',2019-06-26,'COMPLETED',10,10,63),(11,'11',2020-03-09,'11',2020-03-09,'COMPLETED',11,11,25),(12,'12',2020-04-12,'12',2020-04-12,'COMPLETED',12,12,61),(13,'13',2019-08-18,'13',2019-08-18,'SHIPPING',13,13,58),(14,'14',2020-05-26,'14',2020-05-26,'SHIPPING',14,14,40),(15,'15',2019-08-31,'15',2019-08-31,'SHIPPING',15,15,44),(16,'16',2020-04-27,'16',2020-04-27,'COMPLETED',16,16,51),(17,'17',2019-08-07,'17',2019-08-07,'COMPLETED',17,17,10),(18,'18',2020-05-12,'18',2020-05-12,'SHIPPING',18,18,21),(19,'19',2019-09-28,'19',2019-09-28,'SHIPPING',19,19,15),(20,'20',2020-02-16,'20',2020-02-16,'COMPLETED',20,20,46),(21,'21',2020-02-05,'21',2020-02-05,'COMPLETED',21,21,35),(22,'22',2020-02-11,'22',2020-02-11,'COMPLETED',22,22,44),(23,'23',2019-08-05,'23',2019-08-05,'COMPLETED',23,23,38),(24,'24',2019-08-04,'24',2019-08-04,'SHIPPING',24,24,29),(25,'25',2019-07-06,'25',2019-07-06,'COMPLETED',25,25,15),(26,'26',2019-07-11,'26',2019-07-11,'COMPLETED',26,26,31),(27,'27',2020-02-11,'27',2020-02-11,'COMPLETED',27,27,31),(28,'28',2020-01-20,'28',2020-01-20,'COMPLETED',28,28,40),(29,'29',2020-03-21,'29',2020-03-21,'COMPLETED',29,29,24),(30,'30',2019-06-15,'30',2019-06-15,'COMPLETED',30,30,9),(31,'31',2020-02-27,'31',2020-02-27,'COMPLETED',31,31,38),(32,'32',2019-10-16,'32',2019-10-16,'PROCESSING',32,32,10),(33,'33',2020-05-20,'33',2020-05-20,'COMPLETED',33,33,52),(34,'34',2019-11-27,'34',2019-11-27,'COMPLETED',34,34,48),(35,'35',2019-12-27,'35',2019-12-27,'COMPLETED',35,35,53),(36,'36',2020-03-23,'36',2020-03-23,'COMPLETED',36,36,59),(37,'37',2019-11-14,'37',2019-11-14,'COMPLETED',37,37,6),(38,'38',2020-03-23,'38',2020-03-23,'COMPLETED',38,38,14),(39,'39',2020-06-01,'39',2020-06-01,'COMPLETED',39,39,35),(40,'40',2019-12-21,'40',2019-12-21,'COMPLETED',40,40,54),(41,'41',2020-01-10,'41',2020-01-10,'COMPLETED',41,41,17),(42,'42',2020-04-17,'42',2020-04-17,'COMPLETED',42,42,61),(43,'43',2020-05-02,'43',2020-05-02,'COMPLETED',43,43,4),(44,'44',2020-03-29,'44',2020-03-29,'COMPLETED',44,44,23),(45,'45',2020-04-03,'45',2020-04-03,'COMPLETED',45,45,26),(46,'46',2019-09-20,'46',2019-09-20,'COMPLETED',46,46,60),(47,'47',2019-11-06,'47',2019-11-06,'SHIPPING',47,47,36),(48,'48',2020-05-02,'48',2020-05-02,'SHIPPING',48,48,56),(49,'49',2020-01-22,'49',2020-01-22,'COMPLETED',49,49,39),(50,'50',2020-01-10,'50',2020-01-10,'SHIPPING',50,50,61),(51,'51',2020-01-30,'51',2020-01-30,'SHIPPING',51,51,6),(52,'52',2019-10-26,'52',2019-10-26,'COMPLETED',52,52,26),(53,'53',2019-09-01,'53',2019-09-01,'COMPLETED',53,53,52),(54,'54',2020-03-17,'54',2020-03-17,'SHIPPING',54,54,61),(55,'55',2019-06-15,'55',2019-06-15,'SHIPPING',55,55,18),(56,'56',2020-01-23,'56',2020-01-23,'COMPLETED',56,56,3),(57,'57',2019-08-03,'57',2019-08-03,'SHIPPING',57,57,53),(58,'58',2019-09-03,'58',2019-09-03,'SHIPPING',58,58,63),(59,'59',2019-10-03,'59',2019-10-03,'COMPLETED',59,59,57),(60,'60',2019-08-19,'60',2019-08-19,'COMPLETED',60,60,44),(61,'61',2019-11-18,'61',2019-11-18,'COMPLETED',61,61,58),(62,'62',2019-08-20,'62',2019-08-20,'SHIPPING',62,62,46),(63,'63',2020-04-02,'63',2020-04-02,'COMPLETED',63,63,10),(64,'64',2020-04-07,'64',2020-04-07,'COMPLETED',64,64,33),(65,'65',2020-01-14,'65',2020-01-14,'COMPLETED',65,65,50),(66,'66',2019-10-13,'66',2019-10-13,'COMPLETED',66,66,12),(67,'67',2019-09-29,'67',2019-09-29,'COMPLETED',67,67,2),(68,'68',2019-08-11,'68',2019-08-11,'COMPLETED',68,68,23),(69,'69',2019-12-03,'69',2019-12-03,'COMPLETED',69,69,8),(70,'70',2019-09-22,'70',2019-09-22,'COMPLETED',70,70,14),(71,'71',2019-06-22,'71',2019-06-22,'COMPLETED',71,71,22),(72,'72',2019-08-29,'72',2019-08-29,'SHIPPING',72,72,39),(73,'73',2019-07-17,'73',2019-07-17,'COMPLETED',73,73,34),(74,'74',2019-10-14,'74',2019-10-14,'PROCESSING',74,74,6),(75,'75',2019-10-07,'75',2019-10-07,'COMPLETED',75,75,37),(76,'76',2019-07-20,'76',2019-07-20,'COMPLETED',76,76,17),(77,'77',2019-08-31,'77',2019-08-31,'PROCESSING',77,77,26),(78,'78',2019-07-27,'78',2019-07-27,'SHIPPING',78,78,50),(79,'79',2019-08-21,'79',2019-08-21,'COMPLETED',79,79,63),(80,'80',2019-08-09,'80',2019-08-09,'SHIPPING',80,80,6),(81,'81',2019-11-03,'81',2019-11-03,'SHIPPING',81,81,64),(82,'82',2019-08-28,'82',2019-08-28,'SHIPPING',82,82,16),(83,'83',2019-11-06,'83',2019-11-06,'SHIPPING',83,83,59),(84,'84',2020-05-05,'84',2020-05-05,'COMPLETED',84,84,10),(85,'85',2019-10-18,'85',2019-10-18,'COMPLETED',85,85,58),(86,'86',2019-10-17,'86',2019-10-17,'COMPLETED',86,86,15),(87,'87',2019-09-17,'87',2019-09-17,'COMPLETED',87,87,6),(88,'88',2019-07-16,'88',2019-07-16,'PROCESSING',88,88,59),(89,'89',2019-10-05,'89',2019-10-05,'SHIPPING',89,89,40),(90,'90',2019-10-12,'90',2019-10-12,'SHIPPING',90,90,32),(91,'91',2020-02-11,'91',2020-02-11,'SHIPPING',91,91,49),(92,'92',2020-01-18,'92',2020-01-18,'COMPLETED',92,92,29),(93,'93',2019-12-02,'93',2019-12-02,'SHIPPING',93,93,52),(94,'94',2020-04-22,'94',2020-04-22,'SHIPPING',94,94,4),(95,'95',2020-03-18,'95',2020-03-18,'COMPLETED',95,95,59),(96,'96',2019-12-14,'96',2019-12-14,'COMPLETED',96,96,50),(97,'97',2020-06-03,'97',2020-06-03,'COMPLETED',97,97,6),(98,'98',2020-03-06,'98',2020-03-06,'PROCESSING',98,98,14),(99,'99',2019-09-14,'99',2019-09-14,'SHIPPING',99,99,16),(100,'100',2019-11-14,'100',2019-11-14,'SHIPPING',100,100,22),(101,'101',2019-09-21,'101',2019-09-21,'COMPLETED',101,101,39),(102,'102',2019-08-26,'102',2019-08-26,'COMPLETED',102,102,63),(103,'103',2020-04-30,'103',2020-04-30,'COMPLETED',103,103,21),(104,'104',2019-10-04,'104',2019-10-04,'COMPLETED',104,104,56),(105,'105',2019-09-06,'105',2019-09-06,'COMPLETED',105,105,60),(106,'106',2019-08-13,'106',2019-08-13,'COMPLETED',106,106,52),(107,'107',2020-03-15,'107',2020-03-15,'COMPLETED',107,107,48),(108,'108',2020-01-24,'108',2020-01-24,'COMPLETED',108,108,4),(109,'109',2020-01-07,'109',2020-01-07,'COMPLETED',109,109,42),(110,'110',2020-02-21,'110',2020-02-21,'COMPLETED',110,110,26),(111,'111',2020-01-10,'111',2020-01-10,'COMPLETED',111,111,7),(112,'112',2020-04-11,'112',2020-04-11,'COMPLETED',112,112,41),(113,'113',2019-11-08,'113',2019-11-08,'SHIPPING',113,113,21),(114,'114',2019-11-16,'114',2019-11-16,'COMPLETED',114,114,9),(115,'115',2020-01-24,'115',2020-01-24,'COMPLETED',115,115,24),(116,'116',2020-01-09,'116',2020-01-09,'COMPLETED',116,116,51),(117,'117',2019-10-28,'117',2019-10-28,'COMPLETED',117,117,39),(118,'118',2019-11-27,'118',2019-11-27,'COMPLETED',118,118,16),(119,'119',2019-10-06,'119',2019-10-06,'SHIPPING',119,119,3),(120,'120',2020-02-04,'120',2020-02-04,'COMPLETED',120,120,8),(121,'121',2019-09-09,'121',2019-09-09,'COMPLETED',121,121,37),(122,'122',2019-12-08,'122',2019-12-08,'SHIPPING',122,122,58),(123,'123',2019-06-24,'123',2019-06-24,'COMPLETED',123,123,45),(124,'124',2019-07-07,'124',2019-07-07,'SHIPPING',124,124,38),(125,'125',2020-02-07,'125',2020-02-07,'COMPLETED',125,125,33),(126,'126',2019-10-16,'126',2019-10-16,'SHIPPING',126,126,13),(127,'127',2020-02-01,'127',2020-02-01,'COMPLETED',127,127,21),(128,'128',2020-02-25,'128',2020-02-25,'COMPLETED',128,128,37),(129,'129',2019-08-01,'129',2019-08-01,'COMPLETED',129,129,35),(130,'130',2020-02-26,'130',2020-02-26,'COMPLETED',130,130,58),(131,'131',2019-10-29,'131',2019-10-29,'COMPLETED',131,131,40),(132,'132',2019-09-22,'132',2019-09-22,'COMPLETED',132,132,28),(133,'133',2020-01-26,'133',2020-01-26,'COMPLETED',133,133,37),(134,'134',2020-06-07,'134',2020-06-07,'SHIPPING',134,134,18),(135,'135',2019-09-18,'135',2019-09-18,'COMPLETED',135,135,4),(136,'136',2019-10-07,'136',2019-10-07,'COMPLETED',136,136,29),(137,'137',2019-09-21,'137',2019-09-21,'SHIPPING',137,137,38),(138,'138',2020-03-02,'138',2020-03-02,'SHIPPING',138,138,26),(139,'139',2020-04-19,'139',2020-04-19,'COMPLETED',139,139,29),(140,'140',2019-09-08,'140',2019-09-08,'SHIPPING',140,140,20),(141,'141',2020-04-22,'141',2020-04-22,'SHIPPING',141,141,52),(142,'142',2020-04-20,'142',2020-04-20,'PROCESSING',142,142,40),(143,'143',2020-04-03,'143',2020-04-03,'SHIPPING',143,143,21),(144,'144',2019-07-18,'144',2019-07-18,'COMPLETED',144,144,14),(145,'145',2020-03-04,'145',2020-03-04,'SHIPPING',145,145,30),(146,'146',2019-10-08,'146',2019-10-08,'COMPLETED',146,146,22),(147,'147',2019-06-16,'147',2019-06-16,'SHIPPING',147,147,47),(148,'148',2020-03-27,'148',2020-03-27,'COMPLETED',148,148,63),(149,'149',2020-04-15,'149',2020-04-15,'COMPLETED',149,149,14),(150,'150',2019-07-13,'150',2019-07-13,'COMPLETED',150,150,53),(151,'151',2019-07-04,'151',2019-07-04,'COMPLETED',151,151,44),(152,'152',2020-04-22,'152',2020-04-22,'COMPLETED',152,152,22),(153,'153',2020-05-31,'153',2020-05-31,'COMPLETED',153,153,60),(154,'154',2020-02-23,'154',2020-02-23,'COMPLETED',154,154,19),(155,'155',2020-02-19,'155',2020-02-19,'COMPLETED',155,155,28),(156,'156',2020-05-21,'156',2020-05-21,'COMPLETED',156,156,22),(157,'157',2020-01-12,'157',2020-01-12,'COMPLETED',157,157,23),(158,'158',2020-06-01,'158',2020-06-01,'COMPLETED',158,158,58),(159,'159',2020-04-09,'159',2020-04-09,'COMPLETED',159,159,3),(160,'160',2019-08-09,'160',2019-08-09,'SHIPPING',160,160,27),(161,'161',2019-12-19,'161',2019-12-19,'SHIPPING',161,161,29),(162,'162',2019-07-14,'162',2019-07-14,'COMPLETED',162,162,49),(163,'163',2020-02-04,'163',2020-02-04,'COMPLETED',163,163,9),(164,'164',2019-12-02,'164',2019-12-02,'COMPLETED',164,164,19),(165,'165',2020-04-27,'165',2020-04-27,'COMPLETED',165,165,18),(166,'166',2019-12-07,'166',2019-12-07,'COMPLETED',166,166,55),(167,'167',2020-03-17,'167',2020-03-17,'COMPLETED',167,167,29),(168,'168',2019-06-28,'168',2019-06-28,'SHIPPING',168,168,12),(169,'169',2020-06-02,'169',2020-06-02,'COMPLETED',169,169,28),(170,'170',2019-09-12,'170',2019-09-12,'COMPLETED',170,170,18),(171,'171',2020-05-03,'171',2020-05-03,'COMPLETED',171,171,30),(172,'172',2020-02-07,'172',2020-02-07,'COMPLETED',172,172,10),(173,'173',2019-12-26,'173',2019-12-26,'COMPLETED',173,173,10),(174,'174',2020-03-17,'174',2020-03-17,'COMPLETED',174,174,4),(175,'175',2020-03-28,'175',2020-03-28,'COMPLETED',175,175,7),(176,'176',2019-12-15,'176',2019-12-15,'COMPLETED',176,176,41),(177,'177',2019-08-18,'177',2019-08-18,'COMPLETED',177,177,9),(178,'178',2019-07-07,'178',2019-07-07,'SHIPPING',178,178,46),(179,'179',2019-11-07,'179',2019-11-07,'COMPLETED',179,179,40),(180,'180',2020-04-16,'180',2020-04-16,'COMPLETED',180,180,42),(181,'181',2019-11-07,'181',2019-11-07,'COMPLETED',181,181,51),(182,'182',2020-04-12,'182',2020-04-12,'COMPLETED',182,182,46),(183,'183',2019-10-17,'183',2019-10-17,'COMPLETED',183,183,48),(184,'184',2019-08-06,'184',2019-08-06,'COMPLETED',184,184,26),(185,'185',2020-04-10,'185',2020-04-10,'COMPLETED',185,185,10),(186,'186',2020-01-03,'186',2020-01-03,'SHIPPING',186,186,5),(187,'187',2020-06-09,'187',2020-06-09,'SHIPPING',187,187,22),(188,'188',2019-11-02,'188',2019-11-02,'COMPLETED',188,188,10),(189,'189',2019-12-27,'189',2019-12-27,'COMPLETED',189,189,38),(190,'190',2019-11-21,'190',2019-11-21,'COMPLETED',190,190,16),(191,'191',2019-07-14,'191',2019-07-14,'COMPLETED',191,191,43),(192,'192',2019-09-04,'192',2019-09-04,'COMPLETED',192,192,41),(193,'193',2020-02-03,'193',2020-02-03,'COMPLETED',193,193,54),(194,'194',2020-03-08,'194',2020-03-08,'COMPLETED',194,194,29),(195,'195',2019-07-07,'195',2019-07-07,'SHIPPING',195,195,58),(196,'196',2019-10-14,'196',2019-10-14,'SHIPPING',196,196,45),(197,'197',2019-10-12,'197',2019-10-12,'SHIPPING',197,197,12),(198,'198',2019-06-16,'198',2019-06-16,'COMPLETED',198,198,63),(199,'199',2019-07-08,'199',2019-07-08,'COMPLETED',199,199,41),(200,'200',2019-09-22,'200',2019-09-22,'PROCESSING',200,200,51),(201,'201',2020-01-16,'201',2020-01-16,'COMPLETED',201,201,47),(202,'202',2020-04-25,'202',2020-04-25,'COMPLETED',202,202,33),(203,'203',2019-10-13,'203',2019-10-13,'COMPLETED',203,203,13),(204,'204',2019-10-04,'204',2019-10-04,'COMPLETED',204,204,11),(205,'205',2020-06-05,'205',2020-06-05,'COMPLETED',205,205,45),(206,'206',2019-09-29,'206',2019-09-29,'COMPLETED',206,206,22),(207,'207',2019-10-01,'207',2019-10-01,'SHIPPING',207,207,11),(208,'208',2020-03-31,'208',2020-03-31,'COMPLETED',208,208,63),(209,'209',2020-02-17,'209',2020-02-17,'COMPLETED',209,209,45),(210,'210',2019-07-25,'210',2019-07-25,'COMPLETED',210,210,49),(211,'211',2019-08-17,'211',2019-08-17,'SHIPPING',211,211,26),(212,'212',2020-04-24,'212',2020-04-24,'COMPLETED',212,212,55),(213,'213',2020-05-31,'213',2020-05-31,'COMPLETED',213,213,22),(214,'214',2020-05-29,'214',2020-05-29,'SHIPPING',214,214,10),(215,'215',2020-03-19,'215',2020-03-19,'COMPLETED',215,215,43),(216,'216',2019-08-04,'216',2019-08-04,'COMPLETED',216,216,44),(217,'217',2019-12-11,'217',2019-12-11,'COMPLETED',217,217,3),(218,'218',2020-03-12,'218',2020-03-12,'COMPLETED',218,218,36),(219,'219',2019-11-28,'219',2019-11-28,'COMPLETED',219,219,56),(220,'220',2019-07-30,'220',2019-07-30,'COMPLETED',220,220,41),(221,'221',2019-12-13,'221',2019-12-13,'COMPLETED',221,221,24),(222,'222',2020-03-30,'222',2020-03-30,'COMPLETED',222,222,19),(223,'223',2019-12-09,'223',2019-12-09,'COMPLETED',223,223,63),(224,'224',2020-03-12,'224',2020-03-12,'COMPLETED',224,224,13),(225,'225',2020-05-24,'225',2020-05-24,'SHIPPING',225,225,39),(226,'226',2019-09-11,'226',2019-09-11,'SHIPPING',226,226,13),(227,'227',2020-02-29,'227',2020-02-29,'SHIPPING',227,227,22),(228,'228',2020-01-16,'228',2020-01-16,'COMPLETED',228,228,49),(229,'229',2019-11-26,'229',2019-11-26,'COMPLETED',229,229,32),(230,'230',2019-12-04,'230',2019-12-04,'COMPLETED',230,230,52),(231,'231',2019-12-15,'231',2019-12-15,'COMPLETED',231,231,41),(232,'232',2020-04-10,'232',2020-04-10,'SHIPPING',232,232,40),(233,'233',2020-03-31,'233',2020-03-31,'COMPLETED',233,233,31),(234,'234',2020-06-03,'234',2020-06-03,'COMPLETED',234,234,59),(235,'235',2020-02-09,'235',2020-02-09,'SHIPPING',235,235,45),(236,'236',2020-04-23,'236',2020-04-23,'COMPLETED',236,236,3),(237,'237',2019-09-27,'237',2019-09-27,'SHIPPING',237,237,6),(238,'238',2019-09-07,'238',2019-09-07,'COMPLETED',238,238,31),(239,'239',2020-04-21,'239',2020-04-21,'COMPLETED',239,239,12),(240,'240',2020-03-12,'240',2020-03-12,'COMPLETED',240,240,15),(241,'241',2019-08-20,'241',2019-08-20,'COMPLETED',241,241,16),(242,'242',2019-11-08,'242',2019-11-08,'SHIPPING',242,242,64),(243,'243',2020-03-15,'243',2020-03-15,'SHIPPING',243,243,51),(244,'244',2020-02-26,'244',2020-02-26,'PROCESSING',244,244,42),(245,'245',2020-01-02,'245',2020-01-02,'SHIPPING',245,245,32),(246,'246',2019-12-24,'246',2019-12-24,'COMPLETED',246,246,26),(247,'247',2020-01-28,'247',2020-01-28,'SHIPPING',247,247,54),(248,'248',2019-09-16,'248',2019-09-16,'COMPLETED',248,248,60),(249,'249',2019-11-14,'249',2019-11-14,'COMPLETED',249,249,51),(250,'250',2020-01-30,'250',2020-01-30,'COMPLETED',250,250,24),(251,'251',2020-04-12,'251',2020-04-12,'COMPLETED',251,251,19),(252,'252',2019-09-04,'252',2019-09-04,'COMPLETED',252,252,34),(253,'253',2019-10-03,'253',2019-10-03,'COMPLETED',253,253,21),(254,'254',2019-12-26,'254',2019-12-26,'SHIPPING',254,254,39),(255,'255',2019-08-07,'255',2019-08-07,'COMPLETED',255,255,17),(256,'256',2020-02-08,'256',2020-02-08,'COMPLETED',256,256,58),(257,'257',2019-08-19,'257',2019-08-19,'COMPLETED',257,257,26),(258,'258',2019-07-19,'258',2019-07-19,'SHIPPING',258,258,37),(259,'259',2020-05-13,'259',2020-05-13,'SHIPPING',259,259,51),(260,'260',2019-09-02,'260',2019-09-02,'SHIPPING',260,260,62),(261,'261',2019-07-03,'261',2019-07-03,'COMPLETED',261,261,31),(262,'262',2020-03-27,'262',2020-03-27,'COMPLETED',262,262,43),(263,'263',2020-02-28,'263',2020-02-28,'COMPLETED',263,263,55),(264,'264',2019-12-06,'264',2019-12-06,'COMPLETED',264,264,63),(265,'265',2020-04-27,'265',2020-04-27,'SHIPPING',265,265,22),(266,'266',2019-12-18,'266',2019-12-18,'COMPLETED',266,266,43),(267,'267',2019-10-01,'267',2019-10-01,'COMPLETED',267,267,9),(268,'268',2020-03-02,'268',2020-03-02,'COMPLETED',268,268,29),(269,'269',2019-12-18,'269',2019-12-18,'COMPLETED',269,269,23),(270,'270',2019-11-25,'270',2019-11-25,'COMPLETED',270,270,56),(271,'271',2020-05-27,'271',2020-05-27,'COMPLETED',271,271,17),(272,'272',2020-01-15,'272',2020-01-15,'SHIPPING',272,272,46),(273,'273',2019-08-27,'273',2019-08-27,'COMPLETED',273,273,39),(274,'274',2020-04-06,'274',2020-04-06,'COMPLETED',274,274,38),(275,'275',2020-02-11,'275',2020-02-11,'COMPLETED',275,275,17),(276,'276',2019-08-23,'276',2019-08-23,'SHIPPING',276,276,10),(277,'277',2019-07-05,'277',2019-07-05,'COMPLETED',277,277,41),(278,'278',2019-07-23,'278',2019-07-23,'COMPLETED',278,278,24),(279,'279',2019-11-28,'279',2019-11-28,'SHIPPING',279,279,22),(280,'280',2019-12-06,'280',2019-12-06,'SHIPPING',280,280,36),(281,'281',2019-08-11,'281',2019-08-11,'PROCESSING',281,281,18),(282,'282',2020-03-28,'282',2020-03-28,'COMPLETED',282,282,29),(283,'283',2020-02-11,'283',2020-02-11,'SHIPPING',283,283,32),(284,'284',2020-02-04,'284',2020-02-04,'COMPLETED',284,284,42),(285,'285',2020-02-01,'285',2020-02-01,'SHIPPING',285,285,51),(286,'286',2020-04-20,'286',2020-04-20,'COMPLETED',286,286,50),(287,'287',2020-02-06,'287',2020-02-06,'COMPLETED',287,287,8),(288,'288',2020-04-24,'288',2020-04-24,'COMPLETED',288,288,22),(289,'289',2019-11-20,'289',2019-11-20,'SHIPPING',289,289,37),(290,'290',2020-02-26,'290',2020-02-26,'COMPLETED',290,290,52),(291,'291',2019-09-26,'291',2019-09-26,'COMPLETED',291,291,44),(292,'292',2020-06-02,'292',2020-06-02,'PROCESSING',292,292,47),(293,'293',2020-04-23,'293',2020-04-23,'COMPLETED',293,293,31),(294,'294',2020-01-09,'294',2020-01-09,'COMPLETED',294,294,51),(295,'295',2020-04-15,'295',2020-04-15,'COMPLETED',295,295,20),(296,'296',2019-12-01,'296',2019-12-01,'COMPLETED',296,296,23),(297,'297',2020-04-02,'297',2020-04-02,'COMPLETED',297,297,3),(298,'298',2020-04-25,'298',2020-04-25,'COMPLETED',298,298,63),(299,'299',2020-06-03,'299',2020-06-03,'COMPLETED',299,299,28),(300,'300',2019-11-19,'300',2019-11-19,'COMPLETED',300,300,5),(301,'301',2020-06-08,'301',2020-06-08,'COMPLETED',301,301,55),(302,'302',2019-12-03,'302',2019-12-03,'COMPLETED',302,302,29),(303,'303',2020-05-12,'303',2020-05-12,'COMPLETED',303,303,30),(304,'304',2020-01-12,'304',2020-01-12,'COMPLETED',304,304,14),(305,'305',2019-09-19,'305',2019-09-19,'SHIPPING',305,305,55),(306,'306',2019-12-06,'306',2019-12-06,'COMPLETED',306,306,20),(307,'307',2019-08-22,'307',2019-08-22,'COMPLETED',307,307,12),(308,'308',2020-02-26,'308',2020-02-26,'COMPLETED',308,308,41),(309,'309',2019-09-02,'309',2019-09-02,'COMPLETED',309,309,36),(310,'310',2019-06-16,'310',2019-06-16,'COMPLETED',310,310,43),(311,'311',2020-06-06,'311',2020-06-06,'SHIPPING',311,311,55),(312,'312',2019-09-21,'312',2019-09-21,'COMPLETED',312,312,28),(313,'313',2019-08-13,'313',2019-08-13,'COMPLETED',313,313,12),(314,'314',2019-09-03,'314',2019-09-03,'COMPLETED',314,314,46),(315,'315',2020-06-03,'315',2020-06-03,'COMPLETED',315,315,43),(316,'316',2020-06-04,'316',2020-06-04,'SHIPPING',316,316,46),(317,'317',2020-01-03,'317',2020-01-03,'COMPLETED',317,317,45),(318,'318',2019-11-20,'318',2019-11-20,'COMPLETED',318,318,40),(319,'319',2020-05-10,'319',2020-05-10,'COMPLETED',319,319,5),(320,'320',2020-05-30,'320',2020-05-30,'COMPLETED',320,320,31),(321,'321',2020-02-01,'321',2020-02-01,'COMPLETED',321,321,17),(322,'322',2020-02-21,'322',2020-02-21,'COMPLETED',322,322,48),(323,'323',2019-08-20,'323',2019-08-20,'SHIPPING',323,323,38),(324,'324',2019-10-15,'324',2019-10-15,'COMPLETED',324,324,11),(325,'325',2019-06-13,'325',2019-06-13,'COMPLETED',325,325,59),(326,'326',2019-08-14,'326',2019-08-14,'SHIPPING',326,326,63),(327,'327',2020-04-22,'327',2020-04-22,'COMPLETED',327,327,19),(328,'328',2019-07-22,'328',2019-07-22,'SHIPPING',328,328,38),(329,'329',2019-12-01,'329',2019-12-01,'COMPLETED',329,329,40),(330,'330',2019-11-11,'330',2019-11-11,'COMPLETED',330,330,18),(331,'331',2019-09-28,'331',2019-09-28,'COMPLETED',331,331,50),(332,'332',2020-03-08,'332',2020-03-08,'COMPLETED',332,332,30),(333,'333',2020-02-25,'333',2020-02-25,'COMPLETED',333,333,37),(334,'334',2019-09-24,'334',2019-09-24,'SHIPPING',334,334,33),(335,'335',2019-07-02,'335',2019-07-02,'COMPLETED',335,335,41),(336,'336',2019-07-27,'336',2019-07-27,'COMPLETED',336,336,12),(337,'337',2019-12-25,'337',2019-12-25,'COMPLETED',337,337,12),(338,'338',2020-01-22,'338',2020-01-22,'SHIPPING',338,338,35),(339,'339',2019-11-24,'339',2019-11-24,'COMPLETED',339,339,10),(340,'340',2019-09-10,'340',2019-09-10,'COMPLETED',340,340,19),(341,'341',2019-10-15,'341',2019-10-15,'COMPLETED',341,341,58),(342,'342',2020-01-20,'342',2020-01-20,'COMPLETED',342,342,30),(343,'343',2019-08-15,'343',2019-08-15,'COMPLETED',343,343,24),(344,'344',2020-02-10,'344',2020-02-10,'COMPLETED',344,344,51),(345,'345',2020-05-21,'345',2020-05-21,'PROCESSING',345,345,20),(346,'346',2019-09-18,'346',2019-09-18,'COMPLETED',346,346,3),(347,'347',2019-06-27,'347',2019-06-27,'COMPLETED',347,347,51),(348,'348',2019-08-15,'348',2019-08-15,'COMPLETED',348,348,11),(349,'349',2019-11-27,'349',2019-11-27,'COMPLETED',349,349,46),(350,'350',2019-08-17,'350',2019-08-17,'COMPLETED',350,350,46),(351,'351',2019-10-14,'351',2019-10-14,'COMPLETED',351,351,59),(352,'352',2019-11-18,'352',2019-11-18,'COMPLETED',352,352,13),(353,'353',2020-03-19,'353',2020-03-19,'COMPLETED',353,353,37),(354,'354',2019-10-26,'354',2019-10-26,'SHIPPING',354,354,38),(355,'355',2019-10-29,'355',2019-10-29,'COMPLETED',355,355,21),(356,'356',2019-06-29,'356',2019-06-29,'SHIPPING',356,356,28),(357,'357',2019-09-28,'357',2019-09-28,'SHIPPING',357,357,23),(358,'358',2019-12-11,'358',2019-12-11,'COMPLETED',358,358,21),(359,'359',2019-09-03,'359',2019-09-03,'SHIPPING',359,359,34),(360,'360',2019-06-28,'360',2019-06-28,'COMPLETED',360,360,10),(361,'361',2019-11-16,'361',2019-11-16,'COMPLETED',361,361,63),(362,'362',2019-09-02,'362',2019-09-02,'COMPLETED',362,362,63),(363,'363',2019-06-26,'363',2019-06-26,'COMPLETED',363,363,23),(364,'364',2020-01-11,'364',2020-01-11,'COMPLETED',364,364,13),(365,'365',2019-09-19,'365',2019-09-19,'SHIPPING',365,365,17),(366,'366',2020-01-06,'366',2020-01-06,'COMPLETED',366,366,27),(367,'367',2020-03-06,'367',2020-03-06,'COMPLETED',367,367,41),(368,'368',2020-02-26,'368',2020-02-26,'COMPLETED',368,368,59),(369,'369',2019-08-08,'369',2019-08-08,'COMPLETED',369,369,13),(370,'370',2020-06-04,'370',2020-06-04,'PROCESSING',370,370,3),(371,'371',2019-11-17,'371',2019-11-17,'COMPLETED',371,371,55),(372,'372',2020-01-31,'372',2020-01-31,'COMPLETED',372,372,4),(373,'373',2019-07-20,'373',2019-07-20,'COMPLETED',373,373,10),(374,'374',2020-01-26,'374',2020-01-26,'COMPLETED',374,374,33),(375,'375',2020-05-09,'375',2020-05-09,'COMPLETED',375,375,10),(376,'376',2019-12-26,'376',2019-12-26,'COMPLETED',376,376,19),(377,'377',2019-07-13,'377',2019-07-13,'COMPLETED',377,377,13),(378,'378',2019-07-23,'378',2019-07-23,'COMPLETED',378,378,39),(379,'379',2019-08-10,'379',2019-08-10,'PROCESSING',379,379,55),(380,'380',2020-05-15,'380',2020-05-15,'COMPLETED',380,380,16),(381,'381',2019-08-29,'381',2019-08-29,'SHIPPING',381,381,21),(382,'382',2019-12-24,'382',2019-12-24,'COMPLETED',382,382,36),(383,'383',2020-03-01,'383',2020-03-01,'COMPLETED',383,383,29),(384,'384',2019-08-09,'384',2019-08-09,'COMPLETED',384,384,39),(385,'385',2020-03-27,'385',2020-03-27,'COMPLETED',385,385,7),(386,'386',2020-05-11,'386',2020-05-11,'COMPLETED',386,386,25),(387,'387',2019-09-10,'387',2019-09-10,'COMPLETED',387,387,62),(388,'388',2019-09-18,'388',2019-09-18,'COMPLETED',388,388,4),(389,'389',2019-06-14,'389',2019-06-14,'COMPLETED',389,389,29),(390,'390',2019-11-21,'390',2019-11-21,'COMPLETED',390,390,8),(391,'391',2019-07-26,'391',2019-07-26,'SHIPPING',391,391,57),(392,'392',2019-10-26,'392',2019-10-26,'SHIPPING',392,392,6),(393,'393',2019-11-15,'393',2019-11-15,'COMPLETED',393,393,22),(394,'394',2019-12-05,'394',2019-12-05,'COMPLETED',394,394,12),(395,'395',2019-10-07,'395',2019-10-07,'COMPLETED',395,395,19),(396,'396',2020-01-16,'396',2020-01-16,'COMPLETED',396,396,61),(397,'397',2020-01-26,'397',2020-01-26,'COMPLETED',397,397,61),(398,'398',2019-12-11,'398',2019-12-11,'COMPLETED',398,398,40),(399,'399',2019-12-09,'399',2019-12-09,'COMPLETED',399,399,38),(400,'400',2019-07-05,'400',2019-07-05,'PROCESSING',400,400,20),(401,'401',2019-12-17,'401',2019-12-17,'COMPLETED',401,401,55),(402,'402',2019-07-20,'402',2019-07-20,'COMPLETED',402,402,14),(403,'403',2020-05-17,'403',2020-05-17,'COMPLETED',403,403,53),(404,'404',2020-01-21,'404',2020-01-21,'SHIPPING',404,404,57),(405,'405',2019-11-19,'405',2019-11-19,'SHIPPING',405,405,29),(406,'406',2019-12-29,'406',2019-12-29,'COMPLETED',406,406,32),(407,'407',2020-01-24,'407',2020-01-24,'SHIPPING',407,407,33),(408,'408',2020-03-13,'408',2020-03-13,'COMPLETED',408,408,17),(409,'409',2020-04-28,'409',2020-04-28,'SHIPPING',409,409,30),(410,'410',2020-01-02,'410',2020-01-02,'COMPLETED',410,410,27),(411,'411',2020-03-05,'411',2020-03-05,'COMPLETED',411,411,50),(412,'412',2019-06-26,'412',2019-06-26,'COMPLETED',412,412,27),(413,'413',2020-05-21,'413',2020-05-21,'COMPLETED',413,413,30),(414,'414',2019-08-09,'414',2019-08-09,'PROCESSING',414,414,30),(415,'415',2019-11-24,'415',2019-11-24,'COMPLETED',415,415,16),(416,'416',2019-08-16,'416',2019-08-16,'COMPLETED',416,416,32),(417,'417',2019-09-17,'417',2019-09-17,'PROCESSING',417,417,22),(418,'418',2020-04-14,'418',2020-04-14,'COMPLETED',418,418,19),(419,'419',2019-07-27,'419',2019-07-27,'COMPLETED',419,419,29),(420,'420',2019-12-25,'420',2019-12-25,'COMPLETED',420,420,4),(421,'421',2019-10-01,'421',2019-10-01,'SHIPPING',421,421,17),(422,'422',2020-05-25,'422',2020-05-25,'COMPLETED',422,422,48),(423,'423',2019-12-14,'423',2019-12-14,'SHIPPING',423,423,10),(424,'424',2019-12-31,'424',2019-12-31,'COMPLETED',424,424,14),(425,'425',2019-09-27,'425',2019-09-27,'COMPLETED',425,425,34),(426,'426',2020-01-06,'426',2020-01-06,'COMPLETED',426,426,44),(427,'427',2019-12-02,'427',2019-12-02,'COMPLETED',427,427,57),(428,'428',2019-12-13,'428',2019-12-13,'COMPLETED',428,428,54),(429,'429',2020-02-27,'429',2020-02-27,'COMPLETED',429,429,59),(430,'430',2020-02-12,'430',2020-02-12,'COMPLETED',430,430,24),(431,'431',2019-12-25,'431',2019-12-25,'SHIPPING',431,431,61),(432,'432',2019-06-20,'432',2019-06-20,'SHIPPING',432,432,59),(433,'433',2020-01-25,'433',2020-01-25,'SHIPPING',433,433,5),(434,'434',2019-08-06,'434',2019-08-06,'COMPLETED',434,434,12),(435,'435',2020-03-16,'435',2020-03-16,'COMPLETED',435,435,23),(436,'436',2020-05-24,'436',2020-05-24,'SHIPPING',436,436,49),(437,'437',2020-06-03,'437',2020-06-03,'COMPLETED',437,437,9),(438,'438',2020-03-21,'438',2020-03-21,'COMPLETED',438,438,47),(439,'439',2019-09-10,'439',2019-09-10,'COMPLETED',439,439,12),(440,'440',2020-04-13,'440',2020-04-13,'SHIPPING',440,440,14),(441,'441',2020-05-13,'441',2020-05-13,'COMPLETED',441,441,52),(442,'442',2020-05-26,'442',2020-05-26,'PROCESSING',442,442,30),(443,'443',2019-06-30,'443',2019-06-30,'COMPLETED',443,443,22),(444,'444',2020-03-23,'444',2020-03-23,'COMPLETED',444,444,8),(445,'445',2019-11-21,'445',2019-11-21,'SHIPPING',445,445,25),(446,'446',2019-11-21,'446',2019-11-21,'PROCESSING',446,446,38),(447,'447',2019-06-30,'447',2019-06-30,'COMPLETED',447,447,62),(448,'448',2020-03-04,'448',2020-03-04,'COMPLETED',448,448,8),(449,'449',2019-07-12,'449',2019-07-12,'SHIPPING',449,449,6),(450,'450',2020-02-27,'450',2020-02-27,'PROCESSING',450,450,46),(451,'451',2020-01-01,'451',2020-01-01,'COMPLETED',451,451,40),(452,'452',2020-02-12,'452',2020-02-12,'SHIPPING',452,452,5),(453,'453',2020-05-20,'453',2020-05-20,'COMPLETED',453,453,31),(454,'454',2019-10-18,'454',2019-10-18,'COMPLETED',454,454,53),(455,'455',2019-07-08,'455',2019-07-08,'COMPLETED',455,455,31),(456,'456',2020-04-17,'456',2020-04-17,'SHIPPING',456,456,54),(457,'457',2019-10-19,'457',2019-10-19,'COMPLETED',457,457,12),(458,'458',2019-12-31,'458',2019-12-31,'COMPLETED',458,458,37),(459,'459',2020-03-20,'459',2020-03-20,'COMPLETED',459,459,22),(460,'460',2019-09-06,'460',2019-09-06,'COMPLETED',460,460,16),(461,'461',2019-11-16,'461',2019-11-16,'COMPLETED',461,461,24),(462,'462',2019-08-14,'462',2019-08-14,'SHIPPING',462,462,9),(463,'463',2019-11-14,'463',2019-11-14,'COMPLETED',463,463,31),(464,'464',2019-12-27,'464',2019-12-27,'COMPLETED',464,464,23),(465,'465',2019-06-12,'465',2019-06-12,'COMPLETED',465,465,35),(466,'466',2020-06-05,'466',2020-06-05,'COMPLETED',466,466,7),(467,'467',2019-11-11,'467',2019-11-11,'COMPLETED',467,467,4),(468,'468',2019-11-14,'468',2019-11-14,'COMPLETED',468,468,61),(469,'469',2020-05-03,'469',2020-05-03,'COMPLETED',469,469,42),(470,'470',2020-06-04,'470',2020-06-04,'COMPLETED',470,470,56),(471,'471',2020-03-24,'471',2020-03-24,'COMPLETED',471,471,38),(472,'472',2020-01-12,'472',2020-01-12,'COMPLETED',472,472,31),(473,'473',2019-06-21,'473',2019-06-21,'COMPLETED',473,473,52),(474,'474',2020-02-21,'474',2020-02-21,'COMPLETED',474,474,30),(475,'475',2019-11-02,'475',2019-11-02,'SHIPPING',475,475,58),(476,'476',2020-05-04,'476',2020-05-04,'COMPLETED',476,476,35),(477,'477',2019-11-12,'477',2019-11-12,'COMPLETED',477,477,59),(478,'478',2019-07-14,'478',2019-07-14,'COMPLETED',478,478,54),(479,'479',2019-09-26,'479',2019-09-26,'COMPLETED',479,479,20),(480,'480',2019-08-20,'480',2019-08-20,'COMPLETED',480,480,7),(481,'481',2020-01-06,'481',2020-01-06,'COMPLETED',481,481,11),(482,'482',2020-02-19,'482',2020-02-19,'SHIPPING',482,482,23),(483,'483',2020-05-21,'483',2020-05-21,'COMPLETED',483,483,11),(484,'484',2019-08-13,'484',2019-08-13,'COMPLETED',484,484,6),(485,'485',2019-08-02,'485',2019-08-02,'COMPLETED',485,485,48),(486,'486',2020-05-22,'486',2020-05-22,'COMPLETED',486,486,5),(487,'487',2019-12-08,'487',2019-12-08,'PROCESSING',487,487,42),(488,'488',2019-06-29,'488',2019-06-29,'SHIPPING',488,488,57),(489,'489',2020-04-02,'489',2020-04-02,'SHIPPING',489,489,61),(490,'490',2019-10-07,'490',2019-10-07,'COMPLETED',490,490,29),(491,'491',2019-06-15,'491',2019-06-15,'SHIPPING',491,491,52),(492,'492',2019-09-07,'492',2019-09-07,'SHIPPING',492,492,54),(493,'493',2020-05-06,'493',2020-05-06,'COMPLETED',493,493,61),(494,'494',2020-05-28,'494',2020-05-28,'COMPLETED',494,494,20),(495,'495',2020-03-07,'495',2020-03-07,'COMPLETED',495,495,13),(496,'496',2020-05-20,'496',2020-05-20,'COMPLETED',496,496,25),(497,'497',2020-05-17,'497',2020-05-17,'COMPLETED',497,497,35),(498,'498',2019-11-12,'498',2019-11-12,'COMPLETED',498,498,60),(499,'499',2019-10-18,'499',2019-10-18,'COMPLETED',499,499,43),(500,'500',2019-11-25,'500',2019-11-25,'COMPLETED',500,500,41);

INSERT INTO item (id,created_by,created_date,last_modified_by,last_modified_date,quantity,book_id) VALUES (201,'1',null,'1',null,4,972),(202,'1',null,'1',null,2,292),(203,'1',null,'1',null,3,167),(204,'1',null,'1',null,1,49),(205,'1',null,'1',null,1,242),(206,'1',null,'1',null,1,488),(207,'1',null,'1',null,3,547),(208,'1',null,'1',null,2,418),(209,'1',null,'1',null,2,985),(210,'1',null,'1',null,4,711),(211,'1',null,'1',null,4,328),(212,'1',null,'1',null,1,289),(213,'1',null,'1',null,3,77),(214,'1',null,'1',null,2,967),(215,'1',null,'1',null,2,905),(216,'1',null,'1',null,4,160),(217,'1',null,'1',null,2,609),(218,'1',null,'1',null,3,70),(219,'1',null,'1',null,3,684),(220,'1',null,'1',null,2,358),(221,'1',null,'1',null,1,108),(222,'1',null,'1',null,4,508),(223,'1',null,'1',null,2,97),(224,'1',null,'1',null,2,446),(225,'1',null,'1',null,3,762),(226,'1',null,'1',null,4,291),(227,'1',null,'1',null,3,25),(228,'1',null,'1',null,1,752),(229,'1',null,'1',null,1,960),(230,'1',null,'1',null,4,532),(231,'1',null,'1',null,3,570),(232,'1',null,'1',null,2,742),(233,'1',null,'1',null,4,250),(234,'1',null,'1',null,3,725),(235,'1',null,'1',null,4,739),(236,'1',null,'1',null,2,298),(237,'1',null,'1',null,1,622),(238,'1',null,'1',null,3,205),(239,'1',null,'1',null,3,297),(240,'1',null,'1',null,3,756),(241,'1',null,'1',null,4,850),(242,'1',null,'1',null,1,444),(243,'1',null,'1',null,3,768),(244,'1',null,'1',null,2,639),(245,'1',null,'1',null,2,482),(246,'1',null,'1',null,2,542),(247,'1',null,'1',null,3,867),(248,'1',null,'1',null,2,921),(249,'1',null,'1',null,1,741),(250,'1',null,'1',null,2,830),(251,'1',null,'1',null,3,565),(252,'1',null,'1',null,3,328),(253,'1',null,'1',null,2,424),(254,'1',null,'1',null,3,414),(255,'1',null,'1',null,4,927),(256,'1',null,'1',null,3,161),(257,'1',null,'1',null,2,173),(258,'1',null,'1',null,2,71),(259,'1',null,'1',null,4,426),(260,'1',null,'1',null,4,504),(261,'1',null,'1',null,2,617),(262,'1',null,'1',null,3,547),(263,'1',null,'1',null,2,768),(264,'1',null,'1',null,2,123),(265,'1',null,'1',null,3,74),(266,'1',null,'1',null,3,93),(267,'1',null,'1',null,4,434),(268,'1',null,'1',null,2,122),(269,'1',null,'1',null,1,670),(270,'1',null,'1',null,3,236),(271,'1',null,'1',null,1,191),(272,'1',null,'1',null,4,187),(273,'1',null,'1',null,4,402),(274,'1',null,'1',null,1,344),(275,'1',null,'1',null,1,295),(276,'1',null,'1',null,2,698),(277,'1',null,'1',null,3,954),(278,'1',null,'1',null,4,168),(279,'1',null,'1',null,4,215),(280,'1',null,'1',null,2,88),(281,'1',null,'1',null,3,622),(282,'1',null,'1',null,2,691),(283,'1',null,'1',null,4,58),(284,'1',null,'1',null,2,43),(285,'1',null,'1',null,2,373),(286,'1',null,'1',null,4,701),(287,'1',null,'1',null,3,219),(288,'1',null,'1',null,1,646),(289,'1',null,'1',null,2,509),(290,'1',null,'1',null,1,154),(291,'1',null,'1',null,3,513),(292,'1',null,'1',null,1,429),(293,'1',null,'1',null,2,576),(294,'1',null,'1',null,3,662),(295,'1',null,'1',null,2,359),(296,'1',null,'1',null,2,504),(297,'1',null,'1',null,2,244),(298,'1',null,'1',null,4,828),(299,'1',null,'1',null,4,562),(300,'1',null,'1',null,4,58),(301,'1',null,'1',null,1,538),(302,'1',null,'1',null,2,705),(303,'1',null,'1',null,3,302),(304,'1',null,'1',null,1,856),(305,'1',null,'1',null,4,303),(306,'1',null,'1',null,3,980),(307,'1',null,'1',null,3,479),(308,'1',null,'1',null,4,684),(309,'1',null,'1',null,3,953),(310,'1',null,'1',null,2,772),(311,'1',null,'1',null,4,303),(312,'1',null,'1',null,3,586),(313,'1',null,'1',null,3,350),(314,'1',null,'1',null,2,84),(315,'1',null,'1',null,3,928),(316,'1',null,'1',null,3,992),(317,'1',null,'1',null,3,214),(318,'1',null,'1',null,2,319),(319,'1',null,'1',null,2,962),(320,'1',null,'1',null,2,756),(321,'1',null,'1',null,2,97),(322,'1',null,'1',null,2,995),(323,'1',null,'1',null,4,552),(324,'1',null,'1',null,3,995),(325,'1',null,'1',null,3,321),(326,'1',null,'1',null,4,108),(327,'1',null,'1',null,3,711),(328,'1',null,'1',null,2,19),(329,'1',null,'1',null,2,145),(330,'1',null,'1',null,3,32),(331,'1',null,'1',null,3,279),(332,'1',null,'1',null,2,911),(333,'1',null,'1',null,4,976),(334,'1',null,'1',null,4,462),(335,'1',null,'1',null,2,781),(336,'1',null,'1',null,3,30),(337,'1',null,'1',null,4,843),(338,'1',null,'1',null,2,843),(339,'1',null,'1',null,2,36),(340,'1',null,'1',null,2,269),(341,'1',null,'1',null,3,254),(342,'1',null,'1',null,3,129),(343,'1',null,'1',null,1,893),(344,'1',null,'1',null,2,504),(345,'1',null,'1',null,3,828),(346,'1',null,'1',null,1,854),(347,'1',null,'1',null,3,779),(348,'1',null,'1',null,1,551),(349,'1',null,'1',null,2,573),(350,'1',null,'1',null,2,553),(351,'1',null,'1',null,2,452),(352,'1',null,'1',null,3,590),(353,'1',null,'1',null,2,734),(354,'1',null,'1',null,3,469),(355,'1',null,'1',null,3,943),(356,'1',null,'1',null,1,335),(357,'1',null,'1',null,1,88),(358,'1',null,'1',null,3,197),(359,'1',null,'1',null,1,930),(360,'1',null,'1',null,4,758),(361,'1',null,'1',null,3,162),(362,'1',null,'1',null,1,840),(363,'1',null,'1',null,2,22),(364,'1',null,'1',null,3,343),(365,'1',null,'1',null,1,284),(366,'1',null,'1',null,4,840),(367,'1',null,'1',null,3,260),(368,'1',null,'1',null,3,45),(369,'1',null,'1',null,3,275),(370,'1',null,'1',null,2,986),(371,'1',null,'1',null,4,543),(372,'1',null,'1',null,1,961),(373,'1',null,'1',null,4,849),(374,'1',null,'1',null,2,304),(375,'1',null,'1',null,2,238),(376,'1',null,'1',null,4,491),(377,'1',null,'1',null,3,224),(378,'1',null,'1',null,2,831),(379,'1',null,'1',null,3,780),(380,'1',null,'1',null,2,991),(381,'1',null,'1',null,3,713),(382,'1',null,'1',null,3,762),(383,'1',null,'1',null,3,155),(384,'1',null,'1',null,1,264),(385,'1',null,'1',null,1,358),(386,'1',null,'1',null,3,31),(387,'1',null,'1',null,3,275),(388,'1',null,'1',null,4,769),(389,'1',null,'1',null,3,530),(390,'1',null,'1',null,3,309),(391,'1',null,'1',null,1,811),(392,'1',null,'1',null,3,836),(393,'1',null,'1',null,1,493),(394,'1',null,'1',null,1,912),(395,'1',null,'1',null,2,492),(396,'1',null,'1',null,3,523),(397,'1',null,'1',null,3,210),(398,'1',null,'1',null,2,251),(399,'1',null,'1',null,2,990),(400,'1',null,'1',null,1,938),(401,'1',null,'1',null,3,300),(402,'1',null,'1',null,3,475),(403,'1',null,'1',null,1,250),(404,'1',null,'1',null,2,445),(405,'1',null,'1',null,3,145),(406,'1',null,'1',null,1,269),(407,'1',null,'1',null,2,189),(408,'1',null,'1',null,2,288),(409,'1',null,'1',null,2,710),(410,'1',null,'1',null,1,369),(411,'1',null,'1',null,2,660),(412,'1',null,'1',null,1,389),(413,'1',null,'1',null,2,150),(414,'1',null,'1',null,1,727),(415,'1',null,'1',null,2,608),(416,'1',null,'1',null,2,729),(417,'1',null,'1',null,1,150),(418,'1',null,'1',null,3,745),(419,'1',null,'1',null,3,167),(420,'1',null,'1',null,2,66),(421,'1',null,'1',null,2,827),(422,'1',null,'1',null,2,316),(423,'1',null,'1',null,2,591),(424,'1',null,'1',null,3,48),(425,'1',null,'1',null,1,102),(426,'1',null,'1',null,4,966),(427,'1',null,'1',null,4,501),(428,'1',null,'1',null,3,720),(429,'1',null,'1',null,4,587),(430,'1',null,'1',null,3,822),(431,'1',null,'1',null,3,918),(432,'1',null,'1',null,3,93),(433,'1',null,'1',null,1,998),(434,'1',null,'1',null,1,677),(435,'1',null,'1',null,1,615),(436,'1',null,'1',null,2,577),(437,'1',null,'1',null,3,165),(438,'1',null,'1',null,3,27),(439,'1',null,'1',null,3,41),(440,'1',null,'1',null,4,175),(441,'1',null,'1',null,2,3),(442,'1',null,'1',null,1,91),(443,'1',null,'1',null,2,134),(444,'1',null,'1',null,2,333),(445,'1',null,'1',null,3,831),(446,'1',null,'1',null,2,210),(447,'1',null,'1',null,4,158),(448,'1',null,'1',null,2,751),(449,'1',null,'1',null,4,544),(450,'1',null,'1',null,3,913),(451,'1',null,'1',null,3,176),(452,'1',null,'1',null,4,191),(453,'1',null,'1',null,1,937),(454,'1',null,'1',null,2,440),(455,'1',null,'1',null,4,803),(456,'1',null,'1',null,2,702),(457,'1',null,'1',null,3,93),(458,'1',null,'1',null,3,417),(459,'1',null,'1',null,3,866),(460,'1',null,'1',null,4,651),(461,'1',null,'1',null,3,105),(462,'1',null,'1',null,4,9),(463,'1',null,'1',null,4,904),(464,'1',null,'1',null,3,20),(465,'1',null,'1',null,2,365),(466,'1',null,'1',null,2,649),(467,'1',null,'1',null,3,817),(468,'1',null,'1',null,2,741),(469,'1',null,'1',null,3,446),(470,'1',null,'1',null,2,180),(471,'1',null,'1',null,3,76),(472,'1',null,'1',null,1,686),(473,'1',null,'1',null,4,79),(474,'1',null,'1',null,1,769),(475,'1',null,'1',null,1,997),(476,'1',null,'1',null,4,907),(477,'1',null,'1',null,2,523),(478,'1',null,'1',null,3,179),(479,'1',null,'1',null,3,403),(480,'1',null,'1',null,1,699),(481,'1',null,'1',null,2,117),(482,'1',null,'1',null,2,894),(483,'1',null,'1',null,1,682),(484,'1',null,'1',null,1,567),(485,'1',null,'1',null,1,977),(486,'1',null,'1',null,3,289),(487,'1',null,'1',null,3,899),(488,'1',null,'1',null,3,538),(489,'1',null,'1',null,1,797),(490,'1',null,'1',null,3,255),(491,'1',null,'1',null,3,604),(492,'1',null,'1',null,1,136),(493,'1',null,'1',null,4,991),(494,'1',null,'1',null,4,698),(495,'1',null,'1',null,3,35),(496,'1',null,'1',null,3,148),(497,'1',null,'1',null,3,975),(498,'1',null,'1',null,2,23),(499,'1',null,'1',null,4,895),(500,'1',null,'1',null,2,427),(501,'1',null,'1',null,2,607),(502,'1',null,'1',null,2,605),(503,'1',null,'1',null,4,345),(504,'1',null,'1',null,3,336),(505,'1',null,'1',null,4,545),(506,'1',null,'1',null,2,544),(507,'1',null,'1',null,3,356),(508,'1',null,'1',null,3,651),(509,'1',null,'1',null,1,797),(510,'1',null,'1',null,3,686),(511,'1',null,'1',null,3,1000),(512,'1',null,'1',null,2,133),(513,'1',null,'1',null,2,35),(514,'1',null,'1',null,2,641),(515,'1',null,'1',null,2,897),(516,'1',null,'1',null,3,854),(517,'1',null,'1',null,4,472),(518,'1',null,'1',null,2,740),(519,'1',null,'1',null,2,152),(520,'1',null,'1',null,2,975),(521,'1',null,'1',null,2,503),(522,'1',null,'1',null,1,854),(523,'1',null,'1',null,4,447),(524,'1',null,'1',null,1,301),(525,'1',null,'1',null,1,927),(526,'1',null,'1',null,3,70),(527,'1',null,'1',null,1,331),(528,'1',null,'1',null,4,972),(529,'1',null,'1',null,3,237),(530,'1',null,'1',null,1,667),(531,'1',null,'1',null,2,569),(532,'1',null,'1',null,2,514),(533,'1',null,'1',null,4,439),(534,'1',null,'1',null,2,169),(535,'1',null,'1',null,1,448),(536,'1',null,'1',null,2,192),(537,'1',null,'1',null,3,903),(538,'1',null,'1',null,3,782),(539,'1',null,'1',null,2,672),(540,'1',null,'1',null,1,54),(541,'1',null,'1',null,2,815),(542,'1',null,'1',null,3,565),(543,'1',null,'1',null,1,523),(544,'1',null,'1',null,3,920),(545,'1',null,'1',null,3,849),(546,'1',null,'1',null,4,191),(547,'1',null,'1',null,3,248),(548,'1',null,'1',null,3,678),(549,'1',null,'1',null,3,643),(550,'1',null,'1',null,1,955),(551,'1',null,'1',null,2,915),(552,'1',null,'1',null,3,964),(553,'1',null,'1',null,2,546),(554,'1',null,'1',null,2,524),(555,'1',null,'1',null,4,181),(556,'1',null,'1',null,3,955),(557,'1',null,'1',null,2,894),(558,'1',null,'1',null,2,540),(559,'1',null,'1',null,4,998),(560,'1',null,'1',null,3,419),(561,'1',null,'1',null,2,311),(562,'1',null,'1',null,1,370),(563,'1',null,'1',null,2,226),(564,'1',null,'1',null,1,972),(565,'1',null,'1',null,3,257),(566,'1',null,'1',null,3,858),(567,'1',null,'1',null,3,610),(568,'1',null,'1',null,3,930),(569,'1',null,'1',null,3,873),(570,'1',null,'1',null,3,965),(571,'1',null,'1',null,3,745),(572,'1',null,'1',null,1,464),(573,'1',null,'1',null,1,591),(574,'1',null,'1',null,2,627),(575,'1',null,'1',null,4,372),(576,'1',null,'1',null,3,437),(577,'1',null,'1',null,3,595),(578,'1',null,'1',null,3,909),(579,'1',null,'1',null,2,327),(580,'1',null,'1',null,2,743),(581,'1',null,'1',null,4,207),(582,'1',null,'1',null,1,779),(583,'1',null,'1',null,3,632),(584,'1',null,'1',null,1,751),(585,'1',null,'1',null,3,212),(586,'1',null,'1',null,1,986),(587,'1',null,'1',null,4,44),(588,'1',null,'1',null,1,485),(589,'1',null,'1',null,4,22),(590,'1',null,'1',null,3,107),(591,'1',null,'1',null,2,90),(592,'1',null,'1',null,3,786),(593,'1',null,'1',null,3,511),(594,'1',null,'1',null,2,811),(595,'1',null,'1',null,1,164),(596,'1',null,'1',null,3,841),(597,'1',null,'1',null,1,646),(598,'1',null,'1',null,4,393),(599,'1',null,'1',null,1,97),(600,'1',null,'1',null,3,100),(601,'1',null,'1',null,1,426),(602,'1',null,'1',null,4,666),(603,'1',null,'1',null,2,415),(604,'1',null,'1',null,2,965),(605,'1',null,'1',null,3,486),(606,'1',null,'1',null,2,947),(607,'1',null,'1',null,3,907),(608,'1',null,'1',null,1,15),(609,'1',null,'1',null,2,310),(610,'1',null,'1',null,2,484),(611,'1',null,'1',null,2,305),(612,'1',null,'1',null,2,861),(613,'1',null,'1',null,1,550),(614,'1',null,'1',null,3,419),(615,'1',null,'1',null,4,165),(616,'1',null,'1',null,4,505),(617,'1',null,'1',null,2,460),(618,'1',null,'1',null,2,992),(619,'1',null,'1',null,3,645),(620,'1',null,'1',null,3,619),(621,'1',null,'1',null,3,832),(622,'1',null,'1',null,2,369),(623,'1',null,'1',null,1,577),(624,'1',null,'1',null,1,749),(625,'1',null,'1',null,3,78),(626,'1',null,'1',null,3,264),(627,'1',null,'1',null,2,408),(628,'1',null,'1',null,1,744),(629,'1',null,'1',null,2,151),(630,'1',null,'1',null,3,807),(631,'1',null,'1',null,2,137),(632,'1',null,'1',null,3,773),(633,'1',null,'1',null,2,295),(634,'1',null,'1',null,3,530),(635,'1',null,'1',null,3,426),(636,'1',null,'1',null,2,502),(637,'1',null,'1',null,2,924),(638,'1',null,'1',null,3,798),(639,'1',null,'1',null,3,520),(640,'1',null,'1',null,2,139),(641,'1',null,'1',null,3,755),(642,'1',null,'1',null,1,646),(643,'1',null,'1',null,2,491),(644,'1',null,'1',null,2,904),(645,'1',null,'1',null,2,6),(646,'1',null,'1',null,2,898),(647,'1',null,'1',null,3,973),(648,'1',null,'1',null,2,15),(649,'1',null,'1',null,3,278),(650,'1',null,'1',null,1,936),(651,'1',null,'1',null,3,894),(652,'1',null,'1',null,4,365),(653,'1',null,'1',null,2,546),(654,'1',null,'1',null,4,831),(655,'1',null,'1',null,3,649),(656,'1',null,'1',null,2,449),(657,'1',null,'1',null,4,718),(658,'1',null,'1',null,2,654),(659,'1',null,'1',null,2,999),(660,'1',null,'1',null,3,961),(661,'1',null,'1',null,4,190),(662,'1',null,'1',null,2,703),(663,'1',null,'1',null,2,835),(664,'1',null,'1',null,3,454),(665,'1',null,'1',null,3,28),(666,'1',null,'1',null,3,802),(667,'1',null,'1',null,4,170),(668,'1',null,'1',null,2,592),(669,'1',null,'1',null,2,949),(670,'1',null,'1',null,4,284),(671,'1',null,'1',null,2,548),(672,'1',null,'1',null,3,641),(673,'1',null,'1',null,2,308),(674,'1',null,'1',null,3,403),(675,'1',null,'1',null,2,208),(676,'1',null,'1',null,4,323),(677,'1',null,'1',null,4,8),(678,'1',null,'1',null,2,946),(679,'1',null,'1',null,1,169),(680,'1',null,'1',null,3,487),(681,'1',null,'1',null,4,821),(682,'1',null,'1',null,4,384),(683,'1',null,'1',null,2,652),(684,'1',null,'1',null,2,569),(685,'1',null,'1',null,4,67),(686,'1',null,'1',null,2,296),(687,'1',null,'1',null,4,15),(688,'1',null,'1',null,2,692),(689,'1',null,'1',null,1,738),(690,'1',null,'1',null,4,870),(691,'1',null,'1',null,2,460),(692,'1',null,'1',null,3,293),(693,'1',null,'1',null,1,472),(694,'1',null,'1',null,1,640),(695,'1',null,'1',null,2,177),(696,'1',null,'1',null,4,194),(697,'1',null,'1',null,2,718),(698,'1',null,'1',null,4,939),(699,'1',null,'1',null,4,930),(700,'1',null,'1',null,4,955),(701,'1',null,'1',null,1,205),(702,'1',null,'1',null,3,580),(703,'1',null,'1',null,2,403),(704,'1',null,'1',null,1,495),(705,'1',null,'1',null,3,41),(706,'1',null,'1',null,2,799),(707,'1',null,'1',null,2,239),(708,'1',null,'1',null,3,571),(709,'1',null,'1',null,3,260),(710,'1',null,'1',null,1,905),(711,'1',null,'1',null,3,914),(712,'1',null,'1',null,1,433),(713,'1',null,'1',null,4,361),(714,'1',null,'1',null,3,61),(715,'1',null,'1',null,2,5),(716,'1',null,'1',null,1,909),(717,'1',null,'1',null,2,235),(718,'1',null,'1',null,2,750),(719,'1',null,'1',null,3,396),(720,'1',null,'1',null,4,27),(721,'1',null,'1',null,2,148),(722,'1',null,'1',null,2,583),(723,'1',null,'1',null,3,392),(724,'1',null,'1',null,3,477),(725,'1',null,'1',null,1,443),(726,'1',null,'1',null,3,618),(727,'1',null,'1',null,2,70),(728,'1',null,'1',null,2,989),(729,'1',null,'1',null,3,993),(730,'1',null,'1',null,3,582),(731,'1',null,'1',null,3,958),(732,'1',null,'1',null,2,490),(733,'1',null,'1',null,1,878),(734,'1',null,'1',null,1,186),(735,'1',null,'1',null,2,731),(736,'1',null,'1',null,1,607),(737,'1',null,'1',null,3,863),(738,'1',null,'1',null,3,423),(739,'1',null,'1',null,3,347),(740,'1',null,'1',null,1,119),(741,'1',null,'1',null,2,204),(742,'1',null,'1',null,3,401),(743,'1',null,'1',null,3,575),(744,'1',null,'1',null,2,593),(745,'1',null,'1',null,3,596),(746,'1',null,'1',null,1,710),(747,'1',null,'1',null,1,911),(748,'1',null,'1',null,4,738),(749,'1',null,'1',null,3,958),(750,'1',null,'1',null,3,911),(751,'1',null,'1',null,2,605),(752,'1',null,'1',null,2,424),(753,'1',null,'1',null,2,582),(754,'1',null,'1',null,2,553),(755,'1',null,'1',null,3,123),(756,'1',null,'1',null,1,690),(757,'1',null,'1',null,1,863),(758,'1',null,'1',null,1,906),(759,'1',null,'1',null,1,747),(760,'1',null,'1',null,2,355),(761,'1',null,'1',null,1,112),(762,'1',null,'1',null,1,517),(763,'1',null,'1',null,3,265),(764,'1',null,'1',null,2,723),(765,'1',null,'1',null,2,577),(766,'1',null,'1',null,2,519),(767,'1',null,'1',null,4,533),(768,'1',null,'1',null,3,403),(769,'1',null,'1',null,2,819),(770,'1',null,'1',null,4,51),(771,'1',null,'1',null,1,78),(772,'1',null,'1',null,4,690),(773,'1',null,'1',null,4,404),(774,'1',null,'1',null,2,357),(775,'1',null,'1',null,3,167),(776,'1',null,'1',null,1,355),(777,'1',null,'1',null,3,535),(778,'1',null,'1',null,4,802),(779,'1',null,'1',null,4,88),(780,'1',null,'1',null,3,42),(781,'1',null,'1',null,2,816),(782,'1',null,'1',null,1,805),(783,'1',null,'1',null,3,626),(784,'1',null,'1',null,2,160),(785,'1',null,'1',null,2,461),(786,'1',null,'1',null,3,672),(787,'1',null,'1',null,1,676),(788,'1',null,'1',null,3,708),(789,'1',null,'1',null,3,310),(790,'1',null,'1',null,4,166),(791,'1',null,'1',null,3,96),(792,'1',null,'1',null,2,364),(793,'1',null,'1',null,4,124),(794,'1',null,'1',null,2,212),(795,'1',null,'1',null,4,728),(796,'1',null,'1',null,2,939),(797,'1',null,'1',null,2,583),(798,'1',null,'1',null,3,610),(799,'1',null,'1',null,1,919),(800,'1',null,'1',null,3,967),(801,'1',null,'1',null,2,21),(802,'1',null,'1',null,3,549),(803,'1',null,'1',null,2,139),(804,'1',null,'1',null,3,39),(805,'1',null,'1',null,1,154),(806,'1',null,'1',null,3,406),(807,'1',null,'1',null,3,242),(808,'1',null,'1',null,3,540),(809,'1',null,'1',null,3,234),(810,'1',null,'1',null,2,172),(811,'1',null,'1',null,4,891),(812,'1',null,'1',null,2,237),(813,'1',null,'1',null,3,506),(814,'1',null,'1',null,2,298),(815,'1',null,'1',null,3,150),(816,'1',null,'1',null,1,341),(817,'1',null,'1',null,2,344),(818,'1',null,'1',null,2,417),(819,'1',null,'1',null,1,2),(820,'1',null,'1',null,4,29),(821,'1',null,'1',null,2,501),(822,'1',null,'1',null,2,450),(823,'1',null,'1',null,2,160),(824,'1',null,'1',null,4,219),(825,'1',null,'1',null,2,540),(826,'1',null,'1',null,3,205),(827,'1',null,'1',null,1,592),(828,'1',null,'1',null,1,368),(829,'1',null,'1',null,2,67),(830,'1',null,'1',null,4,483),(831,'1',null,'1',null,4,7),(832,'1',null,'1',null,3,553),(833,'1',null,'1',null,3,534),(834,'1',null,'1',null,2,58),(835,'1',null,'1',null,4,385),(836,'1',null,'1',null,2,165),(837,'1',null,'1',null,4,782),(838,'1',null,'1',null,1,127),(839,'1',null,'1',null,4,192),(840,'1',null,'1',null,1,372),(841,'1',null,'1',null,2,503),(842,'1',null,'1',null,1,82),(843,'1',null,'1',null,2,610),(844,'1',null,'1',null,3,196),(845,'1',null,'1',null,2,254),(846,'1',null,'1',null,3,314),(847,'1',null,'1',null,3,168),(848,'1',null,'1',null,2,810),(849,'1',null,'1',null,4,688),(850,'1',null,'1',null,3,305),(851,'1',null,'1',null,1,330),(852,'1',null,'1',null,2,957),(853,'1',null,'1',null,2,911),(854,'1',null,'1',null,3,42),(855,'1',null,'1',null,4,673),(856,'1',null,'1',null,3,758),(857,'1',null,'1',null,3,696),(858,'1',null,'1',null,2,289),(859,'1',null,'1',null,1,234),(860,'1',null,'1',null,2,814),(861,'1',null,'1',null,2,895),(862,'1',null,'1',null,3,126),(863,'1',null,'1',null,2,987),(864,'1',null,'1',null,2,268),(865,'1',null,'1',null,4,474),(866,'1',null,'1',null,1,333),(867,'1',null,'1',null,3,299),(868,'1',null,'1',null,2,423),(869,'1',null,'1',null,2,340),(870,'1',null,'1',null,3,275),(871,'1',null,'1',null,1,715),(872,'1',null,'1',null,2,532),(873,'1',null,'1',null,4,165),(874,'1',null,'1',null,2,52),(875,'1',null,'1',null,3,801),(876,'1',null,'1',null,2,460),(877,'1',null,'1',null,3,605),(878,'1',null,'1',null,4,778),(879,'1',null,'1',null,3,744),(880,'1',null,'1',null,1,915),(881,'1',null,'1',null,4,836),(882,'1',null,'1',null,2,116),(883,'1',null,'1',null,2,502),(884,'1',null,'1',null,3,168),(885,'1',null,'1',null,2,879),(886,'1',null,'1',null,4,596),(887,'1',null,'1',null,3,961),(888,'1',null,'1',null,3,216),(889,'1',null,'1',null,2,934),(890,'1',null,'1',null,3,745),(891,'1',null,'1',null,4,543),(892,'1',null,'1',null,1,978),(893,'1',null,'1',null,2,247),(894,'1',null,'1',null,2,171),(895,'1',null,'1',null,2,913),(896,'1',null,'1',null,2,509),(897,'1',null,'1',null,3,224),(898,'1',null,'1',null,4,285),(899,'1',null,'1',null,1,450),(900,'1',null,'1',null,3,217),(901,'1',null,'1',null,1,811),(902,'1',null,'1',null,3,536),(903,'1',null,'1',null,1,340),(904,'1',null,'1',null,2,388),(905,'1',null,'1',null,2,345),(906,'1',null,'1',null,2,12),(907,'1',null,'1',null,3,433),(908,'1',null,'1',null,4,176),(909,'1',null,'1',null,1,361),(910,'1',null,'1',null,1,30),(911,'1',null,'1',null,3,777),(912,'1',null,'1',null,3,582),(913,'1',null,'1',null,2,356),(914,'1',null,'1',null,3,30),(915,'1',null,'1',null,3,763),(916,'1',null,'1',null,4,770),(917,'1',null,'1',null,2,648),(918,'1',null,'1',null,4,836),(919,'1',null,'1',null,4,590),(920,'1',null,'1',null,1,393),(921,'1',null,'1',null,3,491),(922,'1',null,'1',null,2,268),(923,'1',null,'1',null,3,349),(924,'1',null,'1',null,1,193),(925,'1',null,'1',null,4,144),(926,'1',null,'1',null,4,824),(927,'1',null,'1',null,3,32),(928,'1',null,'1',null,4,269),(929,'1',null,'1',null,2,465),(930,'1',null,'1',null,2,132),(931,'1',null,'1',null,3,706),(932,'1',null,'1',null,4,893),(933,'1',null,'1',null,4,506),(934,'1',null,'1',null,4,863),(935,'1',null,'1',null,3,120),(936,'1',null,'1',null,3,684),(937,'1',null,'1',null,2,843),(938,'1',null,'1',null,3,52),(939,'1',null,'1',null,3,894),(940,'1',null,'1',null,2,499),(941,'1',null,'1',null,2,442),(942,'1',null,'1',null,1,135),(943,'1',null,'1',null,4,915),(944,'1',null,'1',null,2,277),(945,'1',null,'1',null,3,253),(946,'1',null,'1',null,3,197),(947,'1',null,'1',null,2,334),(948,'1',null,'1',null,3,898),(949,'1',null,'1',null,4,165),(950,'1',null,'1',null,4,59),(951,'1',null,'1',null,2,285),(952,'1',null,'1',null,3,416),(953,'1',null,'1',null,2,477),(954,'1',null,'1',null,2,889),(955,'1',null,'1',null,2,660),(956,'1',null,'1',null,3,237),(957,'1',null,'1',null,2,117),(958,'1',null,'1',null,2,273),(959,'1',null,'1',null,4,320),(960,'1',null,'1',null,3,302),(961,'1',null,'1',null,4,294),(962,'1',null,'1',null,2,51),(963,'1',null,'1',null,4,239),(964,'1',null,'1',null,4,446),(965,'1',null,'1',null,3,86),(966,'1',null,'1',null,1,76),(967,'1',null,'1',null,2,849),(968,'1',null,'1',null,3,236),(969,'1',null,'1',null,3,244),(970,'1',null,'1',null,3,468),(971,'1',null,'1',null,2,489),(972,'1',null,'1',null,3,755),(973,'1',null,'1',null,3,386),(974,'1',null,'1',null,2,259),(975,'1',null,'1',null,1,670),(976,'1',null,'1',null,1,857),(977,'1',null,'1',null,3,293),(978,'1',null,'1',null,4,281),(979,'1',null,'1',null,2,744),(980,'1',null,'1',null,2,562),(981,'1',null,'1',null,4,35),(982,'1',null,'1',null,2,790),(983,'1',null,'1',null,3,431),(984,'1',null,'1',null,3,955),(985,'1',null,'1',null,3,494),(986,'1',null,'1',null,3,164),(987,'1',null,'1',null,3,147),(988,'1',null,'1',null,1,804),(989,'1',null,'1',null,4,556),(990,'1',null,'1',null,3,680),(991,'1',null,'1',null,2,437),(992,'1',null,'1',null,3,508),(993,'1',null,'1',null,3,463),(994,'1',null,'1',null,2,439),(995,'1',null,'1',null,2,534),(996,'1',null,'1',null,2,624),(997,'1',null,'1',null,3,926),(998,'1',null,'1',null,3,629),(999,'1',null,'1',null,4,486),(1000,'1',null,'1',null,1,29),(1001,'1',null,'1',null,4,466),(1002,'1',null,'1',null,1,327),(1003,'1',null,'1',null,3,671),(1004,'1',null,'1',null,1,554),(1005,'1',null,'1',null,4,734),(1006,'1',null,'1',null,2,73),(1007,'1',null,'1',null,1,926),(1008,'1',null,'1',null,2,608),(1009,'1',null,'1',null,2,496),(1010,'1',null,'1',null,1,972),(1011,'1',null,'1',null,4,962),(1012,'1',null,'1',null,2,696),(1013,'1',null,'1',null,3,705),(1014,'1',null,'1',null,3,237),(1015,'1',null,'1',null,2,348),(1016,'1',null,'1',null,4,396),(1017,'1',null,'1',null,2,600),(1018,'1',null,'1',null,2,758),(1019,'1',null,'1',null,2,700),(1020,'1',null,'1',null,2,412),(1021,'1',null,'1',null,3,1000),(1022,'1',null,'1',null,3,687),(1023,'1',null,'1',null,4,681),(1024,'1',null,'1',null,2,463),(1025,'1',null,'1',null,3,503),(1026,'1',null,'1',null,2,281),(1027,'1',null,'1',null,3,226),(1028,'1',null,'1',null,1,660),(1029,'1',null,'1',null,3,371),(1030,'1',null,'1',null,2,524),(1031,'1',null,'1',null,2,758),(1032,'1',null,'1',null,4,962),(1033,'1',null,'1',null,2,63),(1034,'1',null,'1',null,2,241),(1035,'1',null,'1',null,2,878),(1036,'1',null,'1',null,4,645),(1037,'1',null,'1',null,3,746),(1038,'1',null,'1',null,4,200),(1039,'1',null,'1',null,4,458),(1040,'1',null,'1',null,2,288),(1041,'1',null,'1',null,3,882),(1042,'1',null,'1',null,4,776),(1043,'1',null,'1',null,2,683),(1044,'1',null,'1',null,2,446),(1045,'1',null,'1',null,2,663),(1046,'1',null,'1',null,1,402),(1047,'1',null,'1',null,2,515),(1048,'1',null,'1',null,4,510),(1049,'1',null,'1',null,2,80),(1050,'1',null,'1',null,3,180),(1051,'1',null,'1',null,4,418),(1052,'1',null,'1',null,3,176),(1053,'1',null,'1',null,3,116),(1054,'1',null,'1',null,3,481),(1055,'1',null,'1',null,4,673),(1056,'1',null,'1',null,2,44),(1057,'1',null,'1',null,1,895),(1058,'1',null,'1',null,3,952),(1059,'1',null,'1',null,2,484),(1060,'1',null,'1',null,2,242),(1061,'1',null,'1',null,1,922),(1062,'1',null,'1',null,3,146),(1063,'1',null,'1',null,3,609),(1064,'1',null,'1',null,2,802),(1065,'1',null,'1',null,3,511),(1066,'1',null,'1',null,1,230),(1067,'1',null,'1',null,2,822),(1068,'1',null,'1',null,2,427),(1069,'1',null,'1',null,2,430),(1070,'1',null,'1',null,1,104),(1071,'1',null,'1',null,3,890),(1072,'1',null,'1',null,3,519),(1073,'1',null,'1',null,4,362),(1074,'1',null,'1',null,4,639),(1075,'1',null,'1',null,4,249),(1076,'1',null,'1',null,2,212),(1077,'1',null,'1',null,1,50),(1078,'1',null,'1',null,2,745),(1079,'1',null,'1',null,3,241),(1080,'1',null,'1',null,4,136),(1081,'1',null,'1',null,1,503),(1082,'1',null,'1',null,2,120),(1083,'1',null,'1',null,3,330),(1084,'1',null,'1',null,2,784),(1085,'1',null,'1',null,3,274),(1086,'1',null,'1',null,3,372),(1087,'1',null,'1',null,3,193),(1088,'1',null,'1',null,2,20),(1089,'1',null,'1',null,3,942),(1090,'1',null,'1',null,2,741),(1091,'1',null,'1',null,2,57),(1092,'1',null,'1',null,2,67),(1093,'1',null,'1',null,3,272),(1094,'1',null,'1',null,1,489),(1095,'1',null,'1',null,4,526),(1096,'1',null,'1',null,4,778),(1097,'1',null,'1',null,1,577),(1098,'1',null,'1',null,4,197),(1099,'1',null,'1',null,2,775),(1100,'1',null,'1',null,3,438),(1101,'1',null,'1',null,2,796),(1102,'1',null,'1',null,2,175),(1103,'1',null,'1',null,2,715),(1104,'1',null,'1',null,2,935),(1105,'1',null,'1',null,3,914),(1106,'1',null,'1',null,3,558),(1107,'1',null,'1',null,1,639),(1108,'1',null,'1',null,1,602),(1109,'1',null,'1',null,3,290),(1110,'1',null,'1',null,3,728),(1111,'1',null,'1',null,3,550),(1112,'1',null,'1',null,1,37),(1113,'1',null,'1',null,3,509),(1114,'1',null,'1',null,4,251),(1115,'1',null,'1',null,2,811),(1116,'1',null,'1',null,3,597),(1117,'1',null,'1',null,2,209),(1118,'1',null,'1',null,1,540),(1119,'1',null,'1',null,1,997),(1120,'1',null,'1',null,2,118),(1121,'1',null,'1',null,4,551),(1122,'1',null,'1',null,3,906),(1123,'1',null,'1',null,2,271),(1124,'1',null,'1',null,3,977),(1125,'1',null,'1',null,4,919),(1126,'1',null,'1',null,4,569),(1127,'1',null,'1',null,1,684),(1128,'1',null,'1',null,3,809),(1129,'1',null,'1',null,4,627),(1130,'1',null,'1',null,4,846),(1131,'1',null,'1',null,2,454),(1132,'1',null,'1',null,3,320),(1133,'1',null,'1',null,2,827),(1134,'1',null,'1',null,4,780),(1135,'1',null,'1',null,2,400),(1136,'1',null,'1',null,3,781),(1137,'1',null,'1',null,3,385),(1138,'1',null,'1',null,2,255),(1139,'1',null,'1',null,2,44),(1140,'1',null,'1',null,2,410),(1141,'1',null,'1',null,1,100),(1142,'1',null,'1',null,3,806),(1143,'1',null,'1',null,3,105),(1144,'1',null,'1',null,2,362),(1145,'1',null,'1',null,4,898),(1146,'1',null,'1',null,2,159),(1147,'1',null,'1',null,4,819),(1148,'1',null,'1',null,2,433),(1149,'1',null,'1',null,2,337),(1150,'1',null,'1',null,3,262),(1151,'1',null,'1',null,2,131),(1152,'1',null,'1',null,3,661),(1153,'1',null,'1',null,4,662),(1154,'1',null,'1',null,3,202),(1155,'1',null,'1',null,2,831),(1156,'1',null,'1',null,3,139),(1157,'1',null,'1',null,2,76),(1158,'1',null,'1',null,4,439),(1159,'1',null,'1',null,4,869),(1160,'1',null,'1',null,3,85),(1161,'1',null,'1',null,1,330),(1162,'1',null,'1',null,1,607),(1163,'1',null,'1',null,2,413),(1164,'1',null,'1',null,1,159),(1165,'1',null,'1',null,4,176),(1166,'1',null,'1',null,4,483),(1167,'1',null,'1',null,3,252),(1168,'1',null,'1',null,3,956),(1169,'1',null,'1',null,3,929),(1170,'1',null,'1',null,1,503),(1171,'1',null,'1',null,4,575),(1172,'1',null,'1',null,2,744),(1173,'1',null,'1',null,2,872),(1174,'1',null,'1',null,3,725),(1175,'1',null,'1',null,3,357),(1176,'1',null,'1',null,1,748),(1177,'1',null,'1',null,4,955),(1178,'1',null,'1',null,1,291),(1179,'1',null,'1',null,3,402),(1180,'1',null,'1',null,1,819),(1181,'1',null,'1',null,3,587),(1182,'1',null,'1',null,1,929),(1183,'1',null,'1',null,3,24),(1184,'1',null,'1',null,3,926),(1185,'1',null,'1',null,1,732),(1186,'1',null,'1',null,2,951),(1187,'1',null,'1',null,2,524),(1188,'1',null,'1',null,3,996),(1189,'1',null,'1',null,2,551),(1190,'1',null,'1',null,3,278),(1191,'1',null,'1',null,4,978),(1192,'1',null,'1',null,3,926);

INSERT INTO pedido_items (order_id,items_id) VALUES (1,201),(2,202),(2,203),(3,204),(3,205),(3,206),(4,207),(4,208),(5,209),(5,210),(5,211),(6,212),(6,213),(6,214),(7,215),(7,216),(8,217),(9,218),(9,219),(10,220),(10,221),(10,222),(11,223),(11,224),(12,225),(12,226),(12,227),(13,228),(13,229),(14,230),(14,231),(15,232),(15,233),(16,234),(16,235),(17,236),(17,237),(18,238),(18,239),(19,240),(19,241),(20,242),(20,243),(21,244),(22,245),(22,246),(22,247),(23,248),(23,249),(24,250),(24,251),(24,252),(25,253),(26,254),(27,255),(27,256),(28,257),(28,258),(29,259),(29,260),(30,261),(30,262),(31,263),(31,264),(32,265),(32,266),(32,267),(33,268),(33,269),(33,270),(34,271),(34,272),(34,273),(35,274),(35,275),(36,276),(36,277),(36,278),(37,279),(37,280),(38,281),(38,282),(38,283),(39,284),(39,285),(40,286),(40,287),(40,288),(41,289),(41,290),(41,291),(42,292),(43,293),(43,294),(44,295),(44,296),(45,297),(45,298),(45,299),(46,300),(46,301),(47,302),(47,303),(47,304),(48,305),(48,306),(49,307),(49,308),(50,309),(50,310),(50,311),(51,312),(51,313),(51,314),(52,315),(52,316),(53,317),(53,318),(54,319),(54,320),(55,321),(55,322),(56,323),(56,324),(57,325),(57,326),(58,327),(59,328),(59,329),(60,330),(61,331),(62,332),(62,333),(63,334),(64,335),(65,336),(65,337),(66,338),(66,339),(67,340),(68,341),(68,342),(68,343),(69,344),(69,345),(70,346),(70,347),(71,348),(71,349),(72,350),(72,351),(73,352),(73,353),(73,354),(74,355),(74,356),(74,357),(75,358),(75,359),(76,360),(76,361),(77,362),(77,363),(78,364),(78,365),(79,366),(79,367),(80,368),(80,369),(81,370),(81,371),(81,372),(82,373),(83,374),(83,375),(83,376),(84,377),(84,378),(85,379),(86,380),(86,381),(87,382),(87,383),(88,384),(89,385),(89,386),(90,387),(90,388),(91,389),(91,390),(92,391),(92,392),(92,393),(93,394),(94,395),(94,396),(95,397),(95,398),(96,399),(96,400),(97,401),(98,402),(99,403),(99,404),(99,405),(100,406),(101,407),(101,408),(102,409),(102,410),(102,411),(103,412),(103,413),(104,414),(105,415),(105,416),(106,417),(107,418),(107,419),(107,420),(108,421),(109,422),(109,423),(110,424),(111,425),(111,426),(111,427),(112,428),(112,429),(113,430),(114,431),(114,432),(114,433),(115,434),(115,435),(116,436),(116,437),(117,438),(117,439),(118,440),(118,441),(119,442),(119,443),(120,444),(120,445),(121,446),(121,447),(122,448),(123,449),(123,450),(123,451),(124,452),(124,453),(124,454),(125,455),(125,456),(125,457),(126,458),(126,459),(127,460),(127,461),(128,462),(128,463),(129,464),(129,465),(129,466),(130,467),(130,468),(131,469),(131,470),(131,471),(132,472),(133,473),(133,474),(134,475),(134,476),(135,477),(135,478),(135,479),(136,480),(136,481),(136,482),(137,483),(137,484),(137,485),(138,486),(138,487),(139,488),(139,489),(140,490),(141,491),(141,492),(142,493),(143,494),(143,495),(144,496),(144,497),(145,498),(146,499),(147,500),(147,501),(148,502),(148,503),(149,504),(149,505),(150,506),(150,507),(151,508),(151,509),(152,510),(153,511),(154,512),(154,513),(154,514),(155,515),(155,516),(156,517),(156,518),(157,519),(157,520),(158,521),(158,522),(159,523),(159,524),(160,525),(160,526),(160,527),(161,528),(161,529),(162,530),(162,531),(163,532),(163,533),(163,534),(164,535),(164,536),(165,537),(165,538),(165,539),(166,540),(166,541),(167,542),(167,543),(168,544),(168,545),(169,546),(170,547),(170,548),(171,549),(171,550),(172,551),(172,552),(172,553),(173,554),(174,555),(174,556),(175,557),(175,558),(176,559),(177,560),(177,561),(178,562),(178,563),(179,564),(179,565),(180,566),(181,567),(181,568),(181,569),(182,570),(182,571),(183,572),(183,573),(183,574),(184,575),(184,576),(185,577),(185,578),(185,579),(186,580),(186,581),(186,582),(187,583),(187,584),(187,585),(188,586),(189,587),(189,588),(190,589),(190,590),(190,591),(191,592),(191,593),(192,594),(192,595),(193,596),(193,597),(194,598),(194,599),(195,600),(195,601),(195,602),(196,603),(197,604),(197,605),(198,606),(198,607),(199,608),(200,609),(200,610),(201,611),(201,612),(202,613),(203,614),(203,615),(203,616),(204,617),(204,618),(205,619),(205,620),(206,621),(207,622),(207,623),(208,624),(208,625),(208,626),(209,627),(210,628),(210,629),(211,630),(211,631),(212,632),(212,633),(213,634),(213,635),(214,636),(214,637),(215,638),(215,639),(216,640),(216,641),(217,642),(217,643),(218,644),(219,645),(220,646),(221,647),(222,648),(222,649),(223,650),(223,651),(224,652),(224,653),(225,654),(226,655),(227,656),(227,657),(227,658),(228,659),(228,660),(229,661),(229,662),(230,663),(230,664),(231,665),(231,666),(232,667),(233,668),(233,669),(234,670),(234,671),(234,672),(235,673),(236,674),(236,675),(237,676),(238,677),(238,678),(239,679),(239,680),(239,681),(240,682),(240,683),(240,684),(241,685),(241,686),(242,687),(242,688),(243,689),(243,690),(244,691),(245,692),(245,693),(246,694),(247,695),(247,696),(248,697),(248,698),(249,699),(249,700),(250,701),(250,702),(251,703),(252,704),(253,705),(254,706),(254,707),(254,708),(255,709),(255,710),(256,711),(256,712),(257,713),(257,714),(258,715),(258,716),(259,717),(260,718),(261,719),(261,720),(261,721),(262,722),(262,723),(263,724),(263,725),(264,726),(264,727),(265,728),(265,729),(266,730),(266,731),(266,732),(267,733),(267,734),(268,735),(269,736),(269,737),(270,738),(271,739),(271,740),(272,741),(272,742),(273,743),(273,744),(274,745),(274,746),(275,747),(276,748),(277,749),(278,750),(278,751),(279,752),(279,753),(280,754),(280,755),(281,756),(281,757),(282,758),(282,759),(283,760),(283,761),(284,762),(284,763),(285,764),(285,765),(286,766),(287,767),(288,768),(288,769),(289,770),(290,771),(290,772),(291,773),(291,774),(292,775),(292,776),(293,777),(293,778),(294,779),(294,780),(295,781),(295,782),(296,783),(296,784),(297,785),(297,786),(297,787),(298,788),(298,789),(298,790),(299,791),(299,792),(300,793),(301,794),(301,795),(302,796),(302,797),(303,798),(303,799),(304,800),(304,801),(305,802),(306,803),(306,804),(307,805),(307,806),(308,807),(308,808),(308,809),(309,810),(309,811),(309,812),(310,813),(310,814),(311,815),(312,816),(312,817),(313,818),(313,819),(314,820),(314,821),(314,822),(315,823),(315,824),(316,825),(316,826),(317,827),(317,828),(317,829),(318,830),(319,831),(319,832),(319,833),(320,834),(320,835),(321,836),(321,837),(322,838),(322,839),(323,840),(324,841),(324,842),(324,843),(325,844),(325,845),(326,846),(326,847),(326,848),(327,849),(328,850),(328,851),(329,852),(330,853),(331,854),(331,855),(331,856),(332,857),(332,858),(332,859),(333,860),(333,861),(334,862),(334,863),(335,864),(335,865),(336,866),(336,867),(337,868),(337,869),(338,870),(338,871),(338,872),(339,873),(339,874),(339,875),(340,876),(341,877),(341,878),(341,879),(342,880),(342,881),(343,882),(343,883),(343,884),(344,885),(344,886),(345,887),(346,888),(346,889),(346,890),(347,891),(347,892),(347,893),(348,894),(348,895),(348,896),(349,897),(349,898),(350,899),(350,900),(351,901),(352,902),(352,903),(353,904),(353,905),(353,906),(354,907),(354,908),(354,909),(355,910),(355,911),(356,912),(356,913),(356,914),(357,915),(357,916),(358,917),(358,918),(358,919),(359,920),(360,921),(360,922),(361,923),(361,924),(361,925),(362,926),(363,927),(363,928),(364,929),(364,930),(365,931),(365,932),(365,933),(366,934),(367,935),(367,936),(367,937),(368,938),(368,939),(368,940),(369,941),(369,942),(369,943),(370,944),(371,945),(371,946),(372,947),(372,948),(373,949),(373,950),(374,951),(374,952),(375,953),(375,954),(375,955),(376,956),(376,957),(377,958),(377,959),(378,960),(379,961),(380,962),(381,963),(381,964),(382,965),(383,966),(383,967),(384,968),(384,969),(385,970),(385,971),(386,972),(386,973),(387,974),(388,975),(388,976),(388,977),(389,978),(389,979),(390,980),(390,981),(391,982),(391,983),(392,984),(392,985),(393,986),(393,987),(394,988),(394,989),(395,990),(395,991),(396,992),(396,993),(397,994),(397,995),(398,996),(399,997),(399,998),(399,999),(400,1000),(400,1001),(400,1002),(401,1003),(401,1004),(402,1005),(402,1006),(403,1007),(403,1008),(404,1009),(404,1010),(404,1011),(405,1012),(405,1013),(405,1014),(406,1015),(406,1016),(406,1017),(407,1018),(407,1019),(407,1020),(408,1021),(409,1022),(409,1023),(410,1024),(410,1025),(411,1026),(412,1027),(412,1028),(412,1029),(413,1030),(413,1031),(413,1032),(414,1033),(415,1034),(416,1035),(416,1036),(417,1037),(418,1038),(419,1039),(419,1040),(420,1041),(421,1042),(421,1043),(422,1044),(422,1045),(423,1046),(423,1047),(424,1048),(424,1049),(425,1050),(425,1051),(426,1052),(426,1053),(427,1054),(427,1055),(428,1056),(428,1057),(428,1058),(429,1059),(429,1060),(429,1061),(430,1062),(430,1063),(431,1064),(431,1065),(432,1066),(432,1067),(433,1068),(433,1069),(434,1070),(434,1071),(435,1072),(436,1073),(436,1074),(437,1075),(437,1076),(438,1077),(439,1078),(439,1079),(440,1080),(440,1081),(441,1082),(441,1083),(442,1084),(442,1085),(443,1086),(444,1087),(444,1088),(445,1089),(446,1090),(446,1091),(447,1092),(447,1093),(448,1094),(448,1095),(449,1096),(449,1097),(450,1098),(451,1099),(451,1100),(452,1101),(453,1102),(454,1103),(455,1104),(455,1105),(456,1106),(457,1107),(457,1108),(458,1109),(458,1110),(459,1111),(459,1112),(460,1113),(460,1114),(461,1115),(461,1116),(461,1117),(462,1118),(462,1119),(463,1120),(463,1121),(464,1122),(464,1123),(465,1124),(465,1125),(466,1126),(467,1127),(468,1128),(468,1129),(469,1130),(469,1131),(470,1132),(470,1133),(471,1134),(471,1135),(472,1136),(473,1137),(473,1138),(473,1139),(474,1140),(474,1141),(475,1142),(475,1143),(476,1144),(476,1145),(477,1146),(478,1147),(478,1148),(479,1149),(480,1150),(480,1151),(481,1152),(482,1153),(482,1154),(482,1155),(483,1156),(483,1157),(483,1158),(484,1159),(484,1160),(485,1161),(485,1162),(485,1163),(486,1164),(486,1165),(487,1166),(487,1167),(487,1168),(488,1169),(488,1170),(489,1171),(489,1172),(490,1173),(490,1174),(490,1175),(491,1176),(491,1177),(492,1178),(493,1179),(493,1180),(494,1181),(495,1182),(495,1183),(496,1184),(497,1185),(497,1186),(498,1187),(498,1188),(498,1189),(499,1190),(500,1191),(500,1192);
