INSERT INTO item (id,created_by,created_date,last_modified_by,last_modified_date,quantity,book_id) VALUES (1,'1','2019-06-23 21:56:17','1','2019-06-23 21:56:17',2,991),(2,'1','2019-09-14 21:56:17','1','2019-09-14 21:56:17',2,839),(3,'1','2017-09-15 21:56:17','1','2017-09-15 21:56:17',3,17),(4,'1','2019-10-19 21:56:17','1','2019-10-19 21:56:17',4,681),(5,'1','2020-03-28 21:56:17','1','2020-03-28 21:56:17',2,954),(6,'1','2019-02-07 21:56:17','1','2019-02-07 21:56:17',2,936),(7,'1','2018-06-16 21:56:17','1','2018-06-16 21:56:17',1,385),(8,'1','2019-06-09 21:56:17','1','2019-06-09 21:56:17',3,824),(9,'1','2018-01-03 21:56:17','1','2018-01-03 21:56:17',2,154),(10,'1','2020-03-04 21:56:17','1','2020-03-04 21:56:17',2,711),(11,'1','2018-01-30 21:56:17','1','2018-01-30 21:56:17',2,132),(12,'1','2018-10-21 21:56:17','1','2018-10-21 21:56:17',1,235),(13,'1','2019-01-27 21:56:17','1','2019-01-27 21:56:17',1,99),(14,'1','2018-06-06 21:56:17','1','2018-06-06 21:56:17',3,943),(15,'1','2019-11-11 21:56:17','1','2019-11-11 21:56:17',4,874),(16,'1','2020-04-22 21:56:17','1','2020-04-22 21:56:17',2,641),(17,'1','2019-01-10 21:56:17','1','2019-01-10 21:56:17',3,767),(18,'1','2018-12-15 21:56:17','1','2018-12-15 21:56:17',2,831),(19,'1','2020-01-17 21:56:17','1','2020-01-17 21:56:17',3,877),(20,'1','2019-07-28 21:56:17','1','2019-07-28 21:56:17',2,247),(21,'1','2018-06-11 21:56:17','1','2018-06-11 21:56:17',2,905),(22,'1','2017-12-21 21:56:17','1','2017-12-21 21:56:17',3,128),(23,'1','2017-10-03 21:56:17','1','2017-10-03 21:56:17',3,991),(24,'1','2018-09-28 21:56:17','1','2018-09-28 21:56:17',2,649),(25,'1','2018-08-08 21:56:17','1','2018-08-08 21:56:17',2,852),(26,'1','2018-12-28 21:56:17','1','2018-12-28 21:56:17',4,758),(27,'1','2018-01-26 21:56:17','1','2018-01-26 21:56:17',4,891),(28,'1','2020-05-07 21:56:17','1','2020-05-07 21:56:17',4,457),(29,'1','2017-12-19 21:56:17','1','2017-12-19 21:56:17',1,205),(30,'1','2018-10-05 21:56:17','1','2018-10-05 21:56:17',1,666),(31,'1','2017-11-09 21:56:17','1','2017-11-09 21:56:17',2,882),(32,'1','2020-05-18 21:56:17','1','2020-05-18 21:56:17',3,856),(33,'1','2019-07-26 21:56:17','1','2019-07-26 21:56:17',1,959),(34,'1','2020-05-01 21:56:17','1','2020-05-01 21:56:17',2,443),(35,'1','2018-05-11 21:56:17','1','2018-05-11 21:56:17',4,856),(36,'1','2018-05-11 21:56:17','1','2018-05-11 21:56:17',4,872),(37,'1','2019-06-15 21:56:17','1','2019-06-15 21:56:17',3,392),(38,'1','2019-07-30 21:56:17','1','2019-07-30 21:56:17',1,680),(39,'1','2019-09-30 21:56:17','1','2019-09-30 21:56:17',1,208),(40,'1','2018-08-15 21:56:17','1','2018-08-15 21:56:17',2,616),(41,'1','2018-12-20 21:56:17','1','2018-12-20 21:56:17',4,992),(42,'1','2019-06-17 21:56:17','1','2019-06-17 21:56:17',1,989),(43,'1','2019-03-11 21:56:17','1','2019-03-11 21:56:17',3,563),(44,'1','2020-02-24 21:56:17','1','2020-02-24 21:56:17',4,512),(45,'1','2017-10-04 21:56:17','1','2017-10-04 21:56:17',4,51),(46,'1','2020-05-02 21:56:17','1','2020-05-02 21:56:17',2,215),(47,'1','2019-11-18 21:56:17','1','2019-11-18 21:56:17',1,62),(48,'1','2019-05-11 21:56:17','1','2019-05-11 21:56:17',4,212),(49,'1','2017-12-05 21:56:17','1','2017-12-05 21:56:17',2,244),(50,'1','2020-01-15 21:56:17','1','2020-01-15 21:56:17',2,551),(51,'1','2018-12-03 21:56:17','1','2018-12-03 21:56:17',1,678),(52,'1','2018-04-11 21:56:17','1','2018-04-11 21:56:17',2,808),(53,'1','2017-09-17 21:56:17','1','2017-09-17 21:56:17',4,545),(54,'1','2019-07-02 21:56:17','1','2019-07-02 21:56:17',4,46),(55,'1','2019-02-15 21:56:17','1','2019-02-15 21:56:17',1,629),(56,'1','2018-08-11 21:56:17','1','2018-08-11 21:56:17',2,846),(57,'1','2019-11-27 21:56:17','1','2019-11-27 21:56:17',4,214),(58,'1','2018-09-30 21:56:17','1','2018-09-30 21:56:17',1,336),(59,'1','2018-12-01 21:56:17','1','2018-12-01 21:56:17',3,360),(60,'1','2018-03-11 21:56:17','1','2018-03-11 21:56:17',3,729),(61,'1','2018-02-18 21:56:17','1','2018-02-18 21:56:17',4,280),(62,'1','2018-01-21 21:56:17','1','2018-01-21 21:56:17',3,437),(63,'1','2018-03-17 21:56:17','1','2018-03-17 21:56:17',2,852),(64,'1','2019-05-23 21:56:17','1','2019-05-23 21:56:17',1,206),(65,'1','2018-06-16 21:56:17','1','2018-06-16 21:56:17',4,53),(66,'1','2019-06-03 21:56:17','1','2019-06-03 21:56:17',3,950),(67,'1','2018-02-07 21:56:17','1','2018-02-07 21:56:17',4,107),(68,'1','2017-11-04 21:56:17','1','2017-11-04 21:56:17',1,883),(69,'1','2018-06-06 21:56:17','1','2018-06-06 21:56:17',3,575),(70,'1','2020-01-08 21:56:17','1','2020-01-08 21:56:17',2,201),(71,'1','2019-04-25 21:56:17','1','2019-04-25 21:56:17',4,620),(72,'1','2020-01-10 21:56:17','1','2020-01-10 21:56:17',3,10),(73,'1','2018-07-21 21:56:17','1','2018-07-21 21:56:17',2,670),(74,'1','2018-08-06 21:56:17','1','2018-08-06 21:56:17',2,576),(75,'1','2019-11-15 21:56:17','1','2019-11-15 21:56:17',2,468),(76,'1','2019-10-28 21:56:17','1','2019-10-28 21:56:17',2,191),(77,'1','2020-04-20 21:56:17','1','2020-04-20 21:56:17',1,365),(78,'1','2018-09-24 21:56:17','1','2018-09-24 21:56:17',1,660),(79,'1','2018-08-12 21:56:17','1','2018-08-12 21:56:17',2,232),(80,'1','2017-11-09 21:56:17','1','2017-11-09 21:56:17',4,232),(81,'1','2019-11-16 21:56:17','1','2019-11-16 21:56:17',4,877),(82,'1','2019-11-04 21:56:17','1','2019-11-04 21:56:17',3,687),(83,'1','2019-04-06 21:56:17','1','2019-04-06 21:56:17',3,523),(84,'1','2018-03-30 21:56:17','1','2018-03-30 21:56:17',1,869),(85,'1','2018-06-04 21:56:17','1','2018-06-04 21:56:17',3,157),(86,'1','2017-10-14 21:56:17','1','2017-10-14 21:56:17',4,375),(87,'1','2020-04-23 21:56:17','1','2020-04-23 21:56:17',2,160),(88,'1','2019-06-14 21:56:17','1','2019-06-14 21:56:17',3,880),(89,'1','2018-08-06 21:56:17','1','2018-08-06 21:56:17',1,94),(90,'1','2018-07-21 21:56:17','1','2018-07-21 21:56:17',4,305),(91,'1','2019-10-31 21:56:17','1','2019-10-31 21:56:17',3,238),(92,'1','2019-08-10 21:56:17','1','2019-08-10 21:56:17',3,818),(93,'1','2019-09-14 21:56:17','1','2019-09-14 21:56:17',3,956),(94,'1','2019-09-25 21:56:17','1','2019-09-25 21:56:17',1,735),(95,'1','2019-12-12 21:56:17','1','2019-12-12 21:56:17',3,358),(96,'1','2020-05-14 21:56:17','1','2020-05-14 21:56:17',2,543),(97,'1','2020-05-13 21:56:17','1','2020-05-13 21:56:17',2,477),(98,'1','2018-09-23 21:56:17','1','2018-09-23 21:56:17',2,25),(99,'1','2019-06-25 21:56:17','1','2019-06-25 21:56:17',3,110),(100,'1','2019-05-09 21:56:17','1','2019-05-09 21:56:17',3,662),(101,'1','2017-11-19 21:56:17','1','2017-11-19 21:56:17',1,109),(102,'1','2019-01-11 21:56:17','1','2019-01-11 21:56:17',2,778),(103,'1','2019-02-11 21:56:17','1','2019-02-11 21:56:17',2,648),(104,'1','2018-04-22 21:56:17','1','2018-04-22 21:56:17',4,79),(105,'1','2018-04-09 21:56:17','1','2018-04-09 21:56:17',2,526),(106,'1','2019-04-15 21:56:17','1','2019-04-15 21:56:17',3,271),(107,'1','2018-09-28 21:56:17','1','2018-09-28 21:56:17',3,725),(108,'1','2019-05-19 21:56:17','1','2019-05-19 21:56:17',3,20),(109,'1','2019-04-25 21:56:17','1','2019-04-25 21:56:17',3,252),(110,'1','2018-09-01 21:56:17','1','2018-09-01 21:56:17',1,833),(111,'1','2017-12-04 21:56:17','1','2017-12-04 21:56:17',3,925),(112,'1','2018-06-23 21:56:17','1','2018-06-23 21:56:17',1,153),(113,'1','2020-05-04 21:56:17','1','2020-05-04 21:56:17',3,499),(114,'1','2019-02-18 21:56:17','1','2019-02-18 21:56:17',2,542),(115,'1','2019-06-13 21:56:17','1','2019-06-13 21:56:17',3,122),(116,'1','2017-10-02 21:56:17','1','2017-10-02 21:56:17',3,777),(117,'1','2017-10-13 21:56:17','1','2017-10-13 21:56:17',4,840),(118,'1','2017-12-25 21:56:17','1','2017-12-25 21:56:17',2,845),(119,'1','2018-08-09 21:56:17','1','2018-08-09 21:56:17',2,202),(120,'1','2019-09-23 21:56:17','1','2019-09-23 21:56:17',3,510),(121,'1','2018-08-20 21:56:17','1','2018-08-20 21:56:17',1,206),(122,'1','2018-03-19 21:56:17','1','2018-03-19 21:56:17',3,600),(123,'1','2019-07-04 21:56:17','1','2019-07-04 21:56:17',3,83),(124,'1','2018-12-15 21:56:17','1','2018-12-15 21:56:17',3,413),(125,'1','2018-05-29 21:56:17','1','2018-05-29 21:56:17',1,914),(126,'1','2019-10-07 21:56:17','1','2019-10-07 21:56:17',3,496),(127,'1','2018-02-02 21:56:17','1','2018-02-02 21:56:17',2,757),(128,'1','2018-05-24 21:56:17','1','2018-05-24 21:56:17',1,177),(129,'1','2018-10-12 21:56:17','1','2018-10-12 21:56:17',1,12),(130,'1','2018-08-07 21:56:17','1','2018-08-07 21:56:17',3,851),(131,'1','2019-07-18 21:56:17','1','2019-07-18 21:56:17',2,766),(132,'1','2019-03-04 21:56:17','1','2019-03-04 21:56:17',2,668),(133,'1','2018-01-30 21:56:17','1','2018-01-30 21:56:17',3,103),(134,'1','2019-04-12 21:56:17','1','2019-04-12 21:56:17',3,464),(135,'1','2018-11-12 21:56:17','1','2018-11-12 21:56:17',3,901),(136,'1','2019-08-18 21:56:17','1','2019-08-18 21:56:17',3,988),(137,'1','2017-11-23 21:56:17','1','2017-11-23 21:56:17',1,116),(138,'1','2017-12-02 21:56:17','1','2017-12-02 21:56:17',3,394),(139,'1','2018-05-19 21:56:17','1','2018-05-19 21:56:17',2,291),(140,'1','2019-02-02 21:56:17','1','2019-02-02 21:56:17',3,106),(141,'1','2019-02-25 21:56:17','1','2019-02-25 21:56:17',3,16),(142,'1','2019-03-17 21:56:17','1','2019-03-17 21:56:17',4,439),(143,'1','2018-02-26 21:56:17','1','2018-02-26 21:56:17',3,108),(144,'1','2018-01-06 21:56:17','1','2018-01-06 21:56:17',4,123),(145,'1','2018-03-15 21:56:17','1','2018-03-15 21:56:17',2,441),(146,'1','2019-09-15 21:56:17','1','2019-09-15 21:56:17',1,455),(147,'1','2019-12-23 21:56:17','1','2019-12-23 21:56:17',2,174),(148,'1','2020-01-16 21:56:17','1','2020-01-16 21:56:17',4,350),(149,'1','2018-01-22 21:56:17','1','2018-01-22 21:56:17',4,513),(150,'1','2018-01-14 21:56:17','1','2018-01-14 21:56:17',2,732),(151,'1','2019-09-16 21:56:17','1','2019-09-16 21:56:17',2,533),(152,'1','2017-12-06 21:56:17','1','2017-12-06 21:56:17',1,557),(153,'1','2017-10-12 21:56:17','1','2017-10-12 21:56:17',4,692),(154,'1','2018-09-09 21:56:17','1','2018-09-09 21:56:17',3,214),(155,'1','2019-03-28 21:56:17','1','2019-03-28 21:56:17',4,748),(156,'1','2019-01-03 21:56:17','1','2019-01-03 21:56:17',2,48),(157,'1','2019-08-20 21:56:17','1','2019-08-20 21:56:17',2,522),(158,'1','2020-01-17 21:56:17','1','2020-01-17 21:56:17',3,611),(159,'1','2018-09-26 21:56:17','1','2018-09-26 21:56:17',2,192),(160,'1','2018-06-28 21:56:17','1','2018-06-28 21:56:17',4,610),(161,'1','2017-09-20 21:56:17','1','2017-09-20 21:56:17',4,427),(162,'1','2019-12-08 21:56:17','1','2019-12-08 21:56:17',3,223),(163,'1','2018-01-15 21:56:17','1','2018-01-15 21:56:17',1,966),(164,'1','2019-12-04 21:56:17','1','2019-12-04 21:56:17',2,849),(165,'1','2020-02-16 21:56:17','1','2020-02-16 21:56:17',3,368),(166,'1','2018-06-23 21:56:17','1','2018-06-23 21:56:17',1,692),(167,'1','2019-05-05 21:56:17','1','2019-05-05 21:56:17',2,284),(168,'1','2018-07-06 21:56:17','1','2018-07-06 21:56:17',1,996),(169,'1','2018-09-12 21:56:17','1','2018-09-12 21:56:17',2,193),(170,'1','2018-05-02 21:56:17','1','2018-05-02 21:56:17',3,930),(171,'1','2018-04-25 21:56:17','1','2018-04-25 21:56:17',3,197),(172,'1','2017-12-24 21:56:17','1','2017-12-24 21:56:17',2,948),(173,'1','2019-03-31 21:56:17','1','2019-03-31 21:56:17',2,811),(174,'1','2017-11-14 21:56:17','1','2017-11-14 21:56:17',1,7),(175,'1','2019-11-18 21:56:17','1','2019-11-18 21:56:17',2,444),(176,'1','2019-09-14 21:56:17','1','2019-09-14 21:56:17',3,47),(177,'1','2020-03-19 21:56:17','1','2020-03-19 21:56:17',3,78),(178,'1','2017-10-11 21:56:17','1','2017-10-11 21:56:17',3,5),(179,'1','2020-05-10 21:56:17','1','2020-05-10 21:56:17',1,929),(180,'1','2019-06-24 21:56:17','1','2019-06-24 21:56:17',4,968),(181,'1','2019-05-08 21:56:17','1','2019-05-08 21:56:17',3,241),(182,'1','2018-06-09 21:56:17','1','2018-06-09 21:56:17',2,594),(183,'1','2018-10-05 21:56:17','1','2018-10-05 21:56:17',3,925),(184,'1','2019-03-09 21:56:17','1','2019-03-09 21:56:17',3,30),(185,'1','2018-09-25 21:56:17','1','2018-09-25 21:56:17',4,225),(186,'1','2018-01-23 21:56:17','1','2018-01-23 21:56:17',2,469),(187,'1','2018-04-09 21:56:17','1','2018-04-09 21:56:17',3,505),(188,'1','2019-09-06 21:56:17','1','2019-09-06 21:56:17',3,259),(189,'1','2018-09-05 21:56:17','1','2018-09-05 21:56:17',3,724),(190,'1','2018-10-11 21:56:17','1','2018-10-11 21:56:17',4,730),(191,'1','2018-08-02 21:56:17','1','2018-08-02 21:56:17',2,984),(192,'1','2020-03-09 21:56:17','1','2020-03-09 21:56:17',3,730),(193,'1','2019-05-26 21:56:17','1','2019-05-26 21:56:17',2,149),(194,'1','2019-12-31 21:56:17','1','2019-12-31 21:56:17',3,866),(195,'1','2019-06-08 21:56:17','1','2019-06-08 21:56:17',3,273),(196,'1','2019-02-24 21:56:17','1','2019-02-24 21:56:17',2,861),(197,'1','2018-05-15 21:56:17','1','2018-05-15 21:56:17',1,864),(198,'1','2018-09-27 21:56:17','1','2018-09-27 21:56:17',3,142),(199,'1','2019-07-12 21:56:17','1','2019-07-12 21:56:17',3,959),(200,'1','2017-10-17 21:56:17','1','2017-10-17 21:56:17',3,709);

INSERT INTO cart (id,created_by,created_date,last_modified_by,last_modified_date,is_committed,stripe_client_secret,stripe_payment_intent_id) VALUES
(1,'1',null,'1',null,false,null,null),
(2,'1',null,'1',null,false,null,null),
(3,'1',null,'1',null,false,null,null),
(4,'1',null,'1',null,false,null,null),
(5,'1',null,'1',null,false,null,null),
(6,'1',null,'1',null,false,null,null),
(7,'1',null,'1',null,false,null,null),
(8,'1',null,'1',null,false,null,null),
(9,'1',null,'1',null,false,null,null),
(10,'1',null,'1',null,false,null,null),
(11,'1',null,'1',null,false,null,null),
(12,'1',null,'1',null,false,null,null),
(13,'1',null,'1',null,false,null,null),
(14,'1',null,'1',null,false,null,null),
(15,'1',null,'1',null,false,null,null),
(16,'1',null,'1',null,false,null,null),
(17,'1',null,'1',null,false,null,null),
(18,'1',null,'1',null,false,null,null),
(19,'1',null,'1',null,false,null,null),
(20,'1',null,'1',null,false,null,null),
(21,'1',null,'1',null,false,null,null),
(22,'1',null,'1',null,false,null,null),
(23,'1',null,'1',null,false,null,null),
(24,'1',null,'1',null,false,null,null),
(25,'1',null,'1',null,false,null,null),
(26,'1',null,'1',null,false,null,null),
(27,'1',null,'1',null,false,null,null),
(28,'1',null,'1',null,false,null,null),
(29,'1',null,'1',null,false,null,null),
(30,'1',null,'1',null,false,null,null),
(31,'1',null,'1',null,false,null,null),
(32,'1',null,'1',null,false,null,null),
(33,'1',null,'1',null,false,null,null),
(34,'1',null,'1',null,false,null,null),
(35,'1',null,'1',null,false,null,null),
(36,'1',null,'1',null,false,null,null),
(37,'1',null,'1',null,false,null,null),
(38,'1',null,'1',null,false,null,null),
(39,'1',null,'1',null,false,null,null),
(40,'1',null,'1',null,false,null,null),
(41,'1',null,'1',null,false,null,null),
(42,'1',null,'1',null,false,null,null),
(43,'1',null,'1',null,false,null,null),
(44,'1',null,'1',null,false,null,null),
(45,'1',null,'1',null,false,null,null),
(46,'1',null,'1',null,false,null,null),
(47,'1',null,'1',null,false,null,null),
(48,'1',null,'1',null,false,null,null),
(49,'1',null,'1',null,false,null,null),
(50,'1',null,'1',null,false,null,null),
(51,'1',null,'1',null,false,null,null),
(52,'1',null,'1',null,false,null,null),
(53,'1',null,'1',null,false,null,null),
(54,'1',null,'1',null,false,null,null),
(55,'1',null,'1',null,false,null,null),
(56,'1',null,'1',null,false,null,null),
(57,'1',null,'1',null,false,null,null),
(58,'1',null,'1',null,false,null,null),
(59,'1',null,'1',null,false,null,null),
(60,'1',null,'1',null,false,null,null),
(61,'1',null,'1',null,false,null,null),
(62,'1',null,'1',null,false,null,null),
(63,'1',null,'1',null,false,null,null),
(64,'1',null,'1',null,false,null,null);

INSERT INTO cart_items (cart_id,items_id) VALUES (63,1),(14,2),(16,3),(13,4),(4,5),(28,6),(63,7),(38,8),(60,9),(20,10),(52,11),(20,12),(27,13),(4,14),(49,15),(5,16),(18,17),(58,18),(7,19),(4,20),(25,21),(37,22),(44,23),(29,24),(52,25),(21,26),(13,27),(55,28),(36,29),(59,30),(21,31),(28,32),(12,33),(53,34),(17,35),(60,36),(25,37),(17,38),(50,39),(27,40),(29,41),(43,42),(40,43),(25,44),(43,45),(38,46),(60,47),(29,48),(5,49),(26,50),(24,51),(43,52),(18,53),(17,54),(19,55),(41,56),(46,57),(45,58),(42,59),(37,60),(37,61),(44,62),(15,63),(42,64),(39,65),(4,66),(6,67),(53,68),(26,69),(40,70),(63,71),(50,72),(6,73),(16,74),(61,75),(38,76),(34,77),(24,78),(34,79),(36,80),(41,81),(51,82),(25,83),(22,84),(59,85),(43,86),(46,87),(51,88),(16,89),(11,90),(14,91),(57,92),(22,93),(58,94),(5,95),(52,96),(33,97),(28,98),(39,99),(34,100),(58,101),(58,102),(46,103),(5,104),(6,105),(51,106),(46,107),(26,108),(62,109),(58,110),(21,111),(10,112),(54,113),(39,114),(27,115),(51,116),(13,117),(51,118),(60,119),(38,120),(53,121),(32,122),(28,123),(8,124),(29,125),(7,126),(35,127),(20,128),(4,129),(36,130),(17,131),(3,132),(42,133),(36,134),(17,135),(42,136),(26,137),(63,138),(36,139),(58,140),(4,141),(41,142),(36,143),(60,144),(56,145),(56,146),(64,147),(13,148),(29,149),(40,150),(28,151),(21,152),(5,153),(8,154),(48,155),(55,156),(3,157),(36,158),(32,159),(39,160),(2,161),(38,162),(8,163),(3,164),(24,165),(20,166),(21,167),(33,168),(13,169),(8,170),(56,171),(39,172),(39,173),(11,174),(63,175),(23,176),(40,177),(35,178),(45,179),(56,180),(22,181),(63,182),(48,183),(62,184),(37,185),(29,186),(11,187),(25,188),(18,189),(44,190),(23,191),(48,192),(50,193),(5,194),(29,195),(27,196),(5,197),(40,198),(29,199),(48,200);

INSERT INTO profile (id,created_by,created_date,last_modified_by,last_modified_date,birth_date,first_name,gender,last_name,phone) VALUES
(1,'1',null,'1',null,null,'firstmarket','UNDEFINED','admin','123456789'),
(2,'1',null,'1',null,'22-12-1958','Peter','MALE','Parker','123456789'),
(3,'1',null,'1',null,'29-04-1995','Marco','MALE','Polo','123456789'),
(4,'1',null,'1',null,'04-10-1987','Misrraim','MALE','Suárez Pérez','123456789'),
(5,'1',null,'1',null,'09-05-1987','Lucinda','FEMALE','Lages','123456789'),
(6,'1',null,'1',null,'12-10-1976','Luis','MALE','Vizcaíno Dávila','123456789'),
(7,'1',null,'1',null,'31-08-1945','Marta','FEMALE','Piñero','123456789'),
(8,'1',null,'1',null,'04-12-2005','Tomas','MALE','Pérez','123456789'),
(9,'1',null,'1',null,'11-03-1993','Carlos','MALE','Gómez','123456789'),
(10,'1',null,'1',null,'04-02-1958','Jabel','MALE','Suárez','123456789'),
(11,'1',null,'1',null,'13-06-1939','Irene','FEMALE','Hernández','123456789'),
(12,'1',null,'1',null,'19-08-1951','Felix','MALE','El Gato','123456789'),
(13,'1',null,'1',null,'18-10-1968','Alicia','FEMALE','Escudero','123456789'),
(14,'1',null,'1',null,'16-09-1964','Debora','FEMALE','Hombres','123456789'),
(15,'1',null,'1',null,'04-10-1975','Jon','MALE','McBill','123456789'),
(16,'1',null,'1',null,'03-12-1989','Karl','MALE','Gauss','123456789'),
(17,'1',null,'1',null,'03-03-1998','Gupta','MALE','Arjani','123456789'),
(18,'1',null,'1',null,'01-01-1986','Amesh','FEMALE','Sinhtra','123456789'),
(19,'1',null,'1',null,'06-12-1998','Giancarlo','MALE','Ponzo','123456789'),
(20,'1',null,'1',null,'30-12-1983','Mauricio','MALE','Lemos','123456789'),
(21,'1',null,'1',null,'22-04-1974','Tobbias','MALE','Hunter','123456789'),
(22,'1',null,'1',null,'25-06-1997','Fátima','FEMALE','Pérez','123456789'),
(23,'1',null,'1',null,'29-07-1961','César','MALE','Suárez','123456789'),
(24,'1',null,'1',null,'28-10-1973','Francisco','MALE','Marhuenda','123456789'),
(25,'1',null,'1',null,'19-03-1973','Arima','FEMALE','Vega','123456789'),
(26,'1',null,'1',null,'17-05-2007','Rosa','FEMALE','Pérez','123456789'),
(27,'1',null,'1',null,'17-04-1995','Sebastián','MALE','Pérez','123456789'),
(28,'1',null,'1',null,'30-09-1949','Gabriel','MALE','Suárez','123456789'),
(29,'1',null,'1',null,'26-10-1947','Josefa','FEMALE','Polo','123456789'),
(30,'1',null,'1',null,'08-03-1992','María','FEMALE','Hernández','123456789'),
(31,'1',null,'1',null,'14-08-1964','Gazmira','FEMALE','Suárez','123456789'),
(32,'1',null,'1',null,'02-03-1989','Enzo','MALE','Benítez','123456789'),
(33,'1',null,'1',null,'26-02-2006','Fabricio','MALE','Benítez','123456789'),
(34,'1',null,'1',null,'30-08-1999','Manuel','MALE','Suárez','123456789'),
(35,'1',null,'1',null,'31-07-1996','Aarón','MALE','Suárez','123456789'),
(36,'1',null,'1',null,null,'Jacob','MALE','Travieso','123456789'),
(37,'1',null,'1',null,'29-06-1985','Moises','MALE','Suárez','123456789'),
(38,'1',null,'1',null,null,'Ramses','MALE','Segundo','123456789'),
(39,'1',null,'1',null,'12-05-2001','Aníbal','MALE','Lekter','123456789'),
(40,'1',null,'1',null,null,'Jonathan','MALE','Abrante Tejera','123456789'),
(41,'1',null,'1',null,'06-09-2000','Magdalena','FEMALE','Gutiérrez','123456789'),
(42,'1',null,'1',null,null,'Samantha','FEMALE','Polo','123456789'),
(43,'1',null,'1',null,'01-03-2004','Ágata','FEMALE','Dos Reis','123456789'),
(44,'1',null,'1',null,null,'Arminda','FEMALE','Rainha','123456789'),
(45,'1',null,'1',null,'05-10-1956','Doramas','MALE','Rey','123456789'),
(46,'1',null,'1',null,null,'Francisco','MALE','Vega','123456789'),
(47,'1',null,'1',null,'20-02-1993','José','MALE','Pérez','123456789'),
(48,'1',null,'1',null,null,'Jesús','MALE','De Nazaret','123456789'),
(49,'1',null,'1',null,'11-11-2010','Antonio','MALE','Morales','123456789'),
(50,'1',null,'1',null,null,'Antonio','MALE','Piñero','123456789'),
(51,'1',null,'1',null,'08-11-1980','Óscar','MALE','Rojo','123456789'),
(52,'1',null,'1',null,null,'Jon','MALE','Smith','123456789'),
(53,'1',null,'1',null,'09-01-1972','Barry','MALE','Lambert','123456789'),
(54,'1',null,'1',null,null,'Claude','MALE','Demond','123456789'),
(55,'1',null,'1',null,'03-12-1987','Mariana','FEMALE','Cándida','123456789'),
(56,'1',null,'1',null,null,'Arley','MALE','Mauricio','123456789'),
(57,'1',null,'1',null,'23-04-1999','Pamela','FEMALE','Anderson','123456789'),
(58,'1',null,'1',null,null,'Fernando','MALE','Leite','123456789'),
(59,'1',null,'1',null,'02-10-1983','Cristina','FEMALE','Pedroche','123456789'),
(60,'1',null,'1',null,null,'Emmanuel','MALE','Solana','123456789'),
(61,'1',null,'1',null,null,'Ainara','FEMALE','Samperio','123456789'),
(62,'1',null,'1',null,'04-11-1967','Iker','MALE','Casillas','123456789'),
(63,'1',null,'1',null,null,'Diamantino','MALE','Peixoto','123456789'),
(64,'1',null,'1',null,null,'Duarte','MALE','Fernandes','123456789');


INSERT INTO usuario (id,created_by,created_date,last_modified_by,last_modified_date,email,completed,suspended,account_locked,account_expired,credentials_expired,password,cart_id,profile_id) VALUES
(1,'1','2019-06-23 23:56:17','1',null,'admin@fm.com',true,false,false,false,false,'$2a$10$b6cNYRchyum58sJw3BrS2OYRm9GiqRYDwlHTLKFY3fdD/kRS2GL0G',1,1),
(2,'1','2019-06-23 22:56:17','1',null,'peter2@fm.com',true,false,false,false,false,'$2a$10$b6cNYRchyum58sJw3BrS2OYRm9GiqRYDwlHTLKFY3fdD/kRS2GL0G',2,2),
(3,'1','2019-06-23 21:16:17','1',null,'marco3@fm.com',true,false,false,false,false,'$2a$10$b6cNYRchyum58sJw3BrS2OYRm9GiqRYDwlHTLKFY3fdD/kRS2GL0G',3,3),
(4,'1','2019-06-23 21:26:17','1',null,'misrraimsp@gmail.com',true,false,false,false,false,'$2a$10$b6cNYRchyum58sJw3BrS2OYRm9GiqRYDwlHTLKFY3fdD/kRS2GL0G',4,4),
(5,'1','2019-06-23 21:36:17','1',null,'pentagono5@fm.com',true,false,false,false,false,'$2a$10$b6cNYRchyum58sJw3BrS2OYRm9GiqRYDwlHTLKFY3fdD/kRS2GL0G',5,5),
(6,'1','2019-06-23 21:46:17','1',null,'xavi6@fm.com',true,false,false,false,false,'$2a$10$b6cNYRchyum58sJw3BrS2OYRm9GiqRYDwlHTLKFY3fdD/kRS2GL0G',6,6),
(7,'1','2019-06-23 21:56:57','1',null,'magic7@fm.com',true,false,false,false,false,'$2a$10$b6cNYRchyum58sJw3BrS2OYRm9GiqRYDwlHTLKFY3fdD/kRS2GL0G',7,7),
(8,'1','2019-06-23 21:56:47','1',null,'oito8@fm.com',true,false,false,false,false,'$2a$10$b6cNYRchyum58sJw3BrS2OYRm9GiqRYDwlHTLKFY3fdD/kRS2GL0G',8,8),
(9,'1','2019-06-23 21:56:37','1',null,'nou9@fm.com',true,false,false,false,false,'$2a$10$b6cNYRchyum58sJw3BrS2OYRm9GiqRYDwlHTLKFY3fdD/kRS2GL0G',9,9),
(10,'1','2019-06-23 21:56:36','1',null,'tenten10@fm.com',true,false,false,false,false,'$2a$10$b6cNYRchyum58sJw3BrS2OYRm9GiqRYDwlHTLKFY3fdD/kRS2GL0G',10,10),
(11,'1','2019-06-23 21:56:35','1',null,'eleven11@fm.com',true,false,false,false,false,'$2a$10$b6cNYRchyum58sJw3BrS2OYRm9GiqRYDwlHTLKFY3fdD/kRS2GL0G',11,11),
(12,'1','2019-06-23 21:56:34','1',null,'twelve12@fm.com',true,false,false,false,false,'$2a$10$b6cNYRchyum58sJw3BrS2OYRm9GiqRYDwlHTLKFY3fdD/kRS2GL0G',12,12),
(13,'1','2019-06-23 21:56:33','1',null,'crystal13@fm.com',true,false,false,false,false,'$2a$10$b6cNYRchyum58sJw3BrS2OYRm9GiqRYDwlHTLKFY3fdD/kRS2GL0G',13,13),
(14,'1','2019-06-23 21:56:32','1',null,'tambaro14@fm.com',true,false,false,false,false,'$2a$10$b6cNYRchyum58sJw3BrS2OYRm9GiqRYDwlHTLKFY3fdD/kRS2GL0G',14,14),
(15,'1','2019-06-23 21:56:31','1',null,'megamail15@fm.com',true,false,false,false,false,'$2a$10$b6cNYRchyum58sJw3BrS2OYRm9GiqRYDwlHTLKFY3fdD/kRS2GL0G',15,15),
(16,'1','2019-06-23 21:56:30','1',null,'pitoniso16@fm.com',true,false,false,false,false,'$2a$10$b6cNYRchyum58sJw3BrS2OYRm9GiqRYDwlHTLKFY3fdD/kRS2GL0G',16,16),
(17,'1','2019-06-23 21:56:29','1',null,'pythonis17@fm.com',true,false,false,false,false,'$2a$10$b6cNYRchyum58sJw3BrS2OYRm9GiqRYDwlHTLKFY3fdD/kRS2GL0G',17,17),
(18,'1','2019-06-23 21:56:28','1',null,'javais4u18@fm.com',true,false,false,false,false,'$2a$10$b6cNYRchyum58sJw3BrS2OYRm9GiqRYDwlHTLKFY3fdD/kRS2GL0G',18,18),
(19,'1','2019-06-23 21:56:27','1',null,'someaddress19@fm.com',true,false,false,false,false,'$2a$10$b6cNYRchyum58sJw3BrS2OYRm9GiqRYDwlHTLKFY3fdD/kRS2GL0G',19,19),
(20,'1','2019-06-23 21:56:26','1',null,'el20@fm.com',true,false,false,false,false,'$2a$10$b6cNYRchyum58sJw3BrS2OYRm9GiqRYDwlHTLKFY3fdD/kRS2GL0G',20,20),
(21,'1','2019-06-23 21:56:25','1',null,'hlopus21@fm.com',true,false,false,false,false,'$2a$10$b6cNYRchyum58sJw3BrS2OYRm9GiqRYDwlHTLKFY3fdD/kRS2GL0G',21,21),
(22,'1','2019-06-23 21:56:24','1',null,'harrison22@fm.com',true,false,false,false,false,'$2a$10$b6cNYRchyum58sJw3BrS2OYRm9GiqRYDwlHTLKFY3fdD/kRS2GL0G',22,22),
(23,'1','2019-06-23 21:56:23','1',null,'lucia23@fm.com',true,false,false,false,false,'$2a$10$b6cNYRchyum58sJw3BrS2OYRm9GiqRYDwlHTLKFY3fdD/kRS2GL0G',23,23),
(24,'1','2019-06-23 21:56:22','1',null,'mis24@fm.com',true,false,false,false,false,'$2a$10$b6cNYRchyum58sJw3BrS2OYRm9GiqRYDwlHTLKFY3fdD/kRS2GL0G',24,24),
(25,'1','2019-06-23 21:56:21','1',null,'mailrandom25@fm.com',true,false,false,false,false,'$2a$10$b6cNYRchyum58sJw3BrS2OYRm9GiqRYDwlHTLKFY3fdD/kRS2GL0G',25,25),
(26,'1','2019-06-23 21:56:20','1',null,'randommail26@fm.com',true,false,false,false,false,'$2a$10$b6cNYRchyum58sJw3BrS2OYRm9GiqRYDwlHTLKFY3fdD/kRS2GL0G',26,26),
(27,'1','2019-06-23 21:56:19','1',null,'java4u27@fm.com',true,false,false,false,false,'$2a$10$b6cNYRchyum58sJw3BrS2OYRm9GiqRYDwlHTLKFY3fdD/kRS2GL0G',27,27),
(28,'1','2019-06-23 21:56:18','1',null,'problemon28@fm.com',true,false,false,false,false,'$2a$10$b6cNYRchyum58sJw3BrS2OYRm9GiqRYDwlHTLKFY3fdD/kRS2GL0G',28,28),
(29,'1','2019-10-23 21:56:17','1',null,'namibia29@fm.com',true,false,false,false,false,'$2a$10$b6cNYRchyum58sJw3BrS2OYRm9GiqRYDwlHTLKFY3fdD/kRS2GL0G',29,29),
(30,'1','2019-09-23 21:56:17','1',null,'konakri30@fm.com',true,false,false,false,false,'$2a$10$b6cNYRchyum58sJw3BrS2OYRm9GiqRYDwlHTLKFY3fdD/kRS2GL0G',30,30),
(31,'1','2019-08-23 21:56:17','1',null,'cayuko31@fm.com',true,false,false,false,false,'$2a$10$b6cNYRchyum58sJw3BrS2OYRm9GiqRYDwlHTLKFY3fdD/kRS2GL0G',31,31),
(32,'1','2019-07-23 21:56:17','1',null,'patera32@fm.com',true,false,false,false,false,'$2a$10$b6cNYRchyum58sJw3BrS2OYRm9GiqRYDwlHTLKFY3fdD/kRS2GL0G',32,32),
(33,'1','2010-06-23 21:56:17','1',null,'charco33@fm.com',true,false,false,false,false,'$2a$10$b6cNYRchyum58sJw3BrS2OYRm9GiqRYDwlHTLKFY3fdD/kRS2GL0G',33,33),
(34,'1','2011-06-23 21:56:17','1',null,'laspalmas34@fm.com',true,false,false,false,false,'$2a$10$b6cNYRchyum58sJw3BrS2OYRm9GiqRYDwlHTLKFY3fdD/kRS2GL0G',34,34),
(35,'1','2012-06-23 21:56:17','1',null,'noteimporta35@fm.com',true,false,false,false,false,'$2a$10$b6cNYRchyum58sJw3BrS2OYRm9GiqRYDwlHTLKFY3fdD/kRS2GL0G',35,35),
(36,'1','2013-06-23 21:56:17','1',null,'somemail36@fm.com',true,false,false,false,false,'$2a$10$b6cNYRchyum58sJw3BrS2OYRm9GiqRYDwlHTLKFY3fdD/kRS2GL0G',36,36),
(37,'1','2014-06-23 21:56:17','1',null,'abascal37@fm.com',true,false,false,false,false,'$2a$10$b6cNYRchyum58sJw3BrS2OYRm9GiqRYDwlHTLKFY3fdD/kRS2GL0G',37,37),
(38,'1','2015-06-23 21:56:17','1',null,'echenike38@fm.com',true,false,false,false,false,'$2a$10$b6cNYRchyum58sJw3BrS2OYRm9GiqRYDwlHTLKFY3fdD/kRS2GL0G',38,38),
(39,'1','2016-06-23 21:56:17','1',null,'errejon39@fm.com',true,false,false,false,false,'$2a$10$b6cNYRchyum58sJw3BrS2OYRm9GiqRYDwlHTLKFY3fdD/kRS2GL0G',39,39),
(40,'1','2017-06-23 21:56:17','1',null,'rufian40@fm.com',true,false,false,false,false,'$2a$10$b6cNYRchyum58sJw3BrS2OYRm9GiqRYDwlHTLKFY3fdD/kRS2GL0G',40,40),
(41,'1','2018-06-23 21:56:17','1',null,'superlopez41@fm.com',true,false,false,false,false,'$2a$10$b6cNYRchyum58sJw3BrS2OYRm9GiqRYDwlHTLKFY3fdD/kRS2GL0G',41,41),
(42,'1','2019-01-23 21:56:17','1',null,'wesley42@fm.com',true,false,false,false,false,'$2a$10$b6cNYRchyum58sJw3BrS2OYRm9GiqRYDwlHTLKFY3fdD/kRS2GL0G',42,42),
(43,'1','2019-02-23 21:56:17','1',null,'pp43@fm.com',true,false,false,false,false,'$2a$10$b6cNYRchyum58sJw3BrS2OYRm9GiqRYDwlHTLKFY3fdD/kRS2GL0G',43,43),
(44,'1','2019-03-23 21:56:17','1',null,'lapatri44@fm.com',true,false,false,false,false,'$2a$10$b6cNYRchyum58sJw3BrS2OYRm9GiqRYDwlHTLKFY3fdD/kRS2GL0G',44,44),
(45,'1','2019-04-23 21:56:17','1',null,'casavigo45@fm.com',true,false,false,false,false,'$2a$10$b6cNYRchyum58sJw3BrS2OYRm9GiqRYDwlHTLKFY3fdD/kRS2GL0G',45,45),
(46,'1','2019-05-23 21:56:17','1',null,'akiahora46@fm.com',true,false,false,false,false,'$2a$10$b6cNYRchyum58sJw3BrS2OYRm9GiqRYDwlHTLKFY3fdD/kRS2GL0G',46,46),
(47,'1','2019-06-20 21:56:17','1',null,'xmas4u47@fm.com',true,false,false,false,false,'$2a$10$b6cNYRchyum58sJw3BrS2OYRm9GiqRYDwlHTLKFY3fdD/kRS2GL0G',47,47),
(48,'1','2019-06-21 21:56:17','1',null,'luciernaga48@fm.com',true,false,false,false,false,'$2a$10$b6cNYRchyum58sJw3BrS2OYRm9GiqRYDwlHTLKFY3fdD/kRS2GL0G',48,48),
(49,'1','2019-06-22 21:56:17','1',null,'luciernaga49@fm.com',true,false,false,false,false,'$2a$10$b6cNYRchyum58sJw3BrS2OYRm9GiqRYDwlHTLKFY3fdD/kRS2GL0G',49,49),
(50,'1','2019-06-23 20:56:17','1',null,'heroku50@fm.com',true,false,false,false,false,'$2a$10$b6cNYRchyum58sJw3BrS2OYRm9GiqRYDwlHTLKFY3fdD/kRS2GL0G',50,50),
(51,'1','2019-06-23 21:50:17','1',null,'paan51@fm.com',true,false,false,false,false,'$2a$10$b6cNYRchyum58sJw3BrS2OYRm9GiqRYDwlHTLKFY3fdD/kRS2GL0G',51,51),
(52,'1','2019-06-23 21:51:17','1',null,'panpan52@fm.com',true,false,false,false,false,'$2a$10$b6cNYRchyum58sJw3BrS2OYRm9GiqRYDwlHTLKFY3fdD/kRS2GL0G',52,52),
(53,'1','2019-06-23 21:52:17','1',null,'enero53@fm.com',true,false,false,false,false,'$2a$10$b6cNYRchyum58sJw3BrS2OYRm9GiqRYDwlHTLKFY3fdD/kRS2GL0G',53,53),
(54,'1','2019-06-23 21:53:17','1',null,'cristina54@fm.com',true,false,false,false,false,'$2a$10$b6cNYRchyum58sJw3BrS2OYRm9GiqRYDwlHTLKFY3fdD/kRS2GL0G',54,54),
(55,'1','2019-06-23 21:54:17','1',null,'muffin55@fm.com',true,false,false,false,false,'$2a$10$b6cNYRchyum58sJw3BrS2OYRm9GiqRYDwlHTLKFY3fdD/kRS2GL0G',55,55),
(56,'1','2019-06-23 21:55:17','1',null,'horsewithnoname56@fm.com',true,false,false,false,false,'$2a$10$b6cNYRchyum58sJw3BrS2OYRm9GiqRYDwlHTLKFY3fdD/kRS2GL0G',56,56),
(57,'1','2019-06-23 21:56:10','1',null,'lover57@fm.com',true,false,false,false,false,'$2a$10$b6cNYRchyum58sJw3BrS2OYRm9GiqRYDwlHTLKFY3fdD/kRS2GL0G',57,57),
(58,'1','2019-06-23 21:56:11','1',null,'killer58@fm.com',true,false,false,false,false,'$2a$10$b6cNYRchyum58sJw3BrS2OYRm9GiqRYDwlHTLKFY3fdD/kRS2GL0G',58,58),
(59,'1','2019-06-23 21:56:12','1',null,'rajoy59@fm.com',true,false,false,false,false,'$2a$10$b6cNYRchyum58sJw3BrS2OYRm9GiqRYDwlHTLKFY3fdD/kRS2GL0G',59,59),
(60,'1','2019-06-23 21:56:13','1',null,'goku60@fm.com',true,false,false,false,false,'$2a$10$b6cNYRchyum58sJw3BrS2OYRm9GiqRYDwlHTLKFY3fdD/kRS2GL0G',60,60),
(61,'1','2019-06-23 21:56:14','1',null,'doraemon61@fm.com',true,false,false,false,false,'$2a$10$b6cNYRchyum58sJw3BrS2OYRm9GiqRYDwlHTLKFY3fdD/kRS2GL0G',61,61),
(62,'1','2019-06-23 21:56:15','1',null,'pikachu62@fm.com',true,false,false,false,false,'$2a$10$b6cNYRchyum58sJw3BrS2OYRm9GiqRYDwlHTLKFY3fdD/kRS2GL0G',62,62),
(63,'1','2019-06-23 21:56:16','1',null,'lucas63@fm.com',true,false,false,false,false,'$2a$10$b6cNYRchyum58sJw3BrS2OYRm9GiqRYDwlHTLKFY3fdD/kRS2GL0G',63,63),
(64,'1','2019-06-23 21:56:17','1',null,'paco64@fm.com',true,false,false,false,false,'$2a$10$b6cNYRchyum58sJw3BrS2OYRm9GiqRYDwlHTLKFY3fdD/kRS2GL0G',64,64);

INSERT INTO role (id,created_by,created_date,last_modified_by,last_modified_date,name) VALUES
(1,'1',null,'1',null,'ROLE_ADMIN'),
(2,'1',null,'1',null,'ROLE_USER');

INSERT INTO usuarios_roles (user_id,role_id) VALUES
(1,1),
(2,2),
(3,2),
(4,2),
(5,2),
(6,2),
(7,2),
(8,2),
(9,2),
(10,2),
(11,2),
(12,2),
(13,2),
(14,2),
(15,2),
(16,2),
(17,2),
(18,2),
(19,2),
(20,2),
(21,2),
(22,2),
(23,2),
(24,2),
(25,2),
(26,2),
(27,2),
(28,2),
(29,2),
(30,2),
(31,2),
(32,2),
(33,2),
(34,2),
(35,2),
(36,2),
(37,2),
(38,2),
(39,2),
(40,2),
(41,2),
(42,2),
(43,2),
(44,2),
(45,2),
(46,2),
(47,2),
(48,2),
(49,2),
(50,2),
(51,2),
(52,2),
(53,2),
(54,2),
(55,2),
(56,2),
(57,2),
(58,2),
(59,2),
(60,2),
(61,2),
(62,2),
(63,2),
(64,2);