INSERT INTO address (id,city,country,line1,line2,postal_code,province) VALUES
(1,'Arrecife','España','calle Galicia, 13','puerta 2','35500','Las Palmas'),
(2,'Las Palmas de Gran Canaria','España','calle Magdalena, 14',null,'35018','Las Palmas'),
(3,'LOllería','España','avenida Diputación, 35','piso 3, puerta 8','46850','Valencia'),
(4,'Wrocław','Poland','Pawła Włodkowica 11',null,'50-072',null),
(5,'Beşiktaş/İstanbul','Turkey','Kalıpçı Sokağı No:36',null,'34357','Muradiye'),
(6,'Porto','Portugal','Travessa da Regeneração, 206',null,'4000-410',null);

INSERT INTO shipping_info (id,carrier,name,phone,tracking_number,address_id) VALUES (1,'carrier','name','phone','tracking_number',5),(2,'carrier','name','phone','tracking_number',2),(3,'carrier','name','phone','tracking_number',2),(4,'carrier','name','phone','tracking_number',3),(5,'carrier','name','phone','tracking_number',6),(6,'carrier','name','phone','tracking_number',5),(7,'carrier','name','phone','tracking_number',6),(8,'carrier','name','phone','tracking_number',2),(9,'carrier','name','phone','tracking_number',4),(10,'carrier','name','phone','tracking_number',5),(11,'carrier','name','phone','tracking_number',5),(12,'carrier','name','phone','tracking_number',4),(13,'carrier','name','phone','tracking_number',2),(14,'carrier','name','phone','tracking_number',3),(15,'carrier','name','phone','tracking_number',3),(16,'carrier','name','phone','tracking_number',3),(17,'carrier','name','phone','tracking_number',3),(18,'carrier','name','phone','tracking_number',3),(19,'carrier','name','phone','tracking_number',6),(20,'carrier','name','phone','tracking_number',6),(21,'carrier','name','phone','tracking_number',4),(22,'carrier','name','phone','tracking_number',2),(23,'carrier','name','phone','tracking_number',3),(24,'carrier','name','phone','tracking_number',2),(25,'carrier','name','phone','tracking_number',1),(26,'carrier','name','phone','tracking_number',5),(27,'carrier','name','phone','tracking_number',4),(28,'carrier','name','phone','tracking_number',6),(29,'carrier','name','phone','tracking_number',6),(30,'carrier','name','phone','tracking_number',3),(31,'carrier','name','phone','tracking_number',2),(32,'carrier','name','phone','tracking_number',5),(33,'carrier','name','phone','tracking_number',5),(34,'carrier','name','phone','tracking_number',2),(35,'carrier','name','phone','tracking_number',2),(36,'carrier','name','phone','tracking_number',6),(37,'carrier','name','phone','tracking_number',6),(38,'carrier','name','phone','tracking_number',2),(39,'carrier','name','phone','tracking_number',5),(40,'carrier','name','phone','tracking_number',4),(41,'carrier','name','phone','tracking_number',2),(42,'carrier','name','phone','tracking_number',5),(43,'carrier','name','phone','tracking_number',4),(44,'carrier','name','phone','tracking_number',3),(45,'carrier','name','phone','tracking_number',5),(46,'carrier','name','phone','tracking_number',4),(47,'carrier','name','phone','tracking_number',6),(48,'carrier','name','phone','tracking_number',2),(49,'carrier','name','phone','tracking_number',6),(50,'carrier','name','phone','tracking_number',4),(51,'carrier','name','phone','tracking_number',3),(52,'carrier','name','phone','tracking_number',4),(53,'carrier','name','phone','tracking_number',3),(54,'carrier','name','phone','tracking_number',6),(55,'carrier','name','phone','tracking_number',6),(56,'carrier','name','phone','tracking_number',5),(57,'carrier','name','phone','tracking_number',3),(58,'carrier','name','phone','tracking_number',3),(59,'carrier','name','phone','tracking_number',4),(60,'carrier','name','phone','tracking_number',4),(61,'carrier','name','phone','tracking_number',2),(62,'carrier','name','phone','tracking_number',1),(63,'carrier','name','phone','tracking_number',5),(64,'carrier','name','phone','tracking_number',5),(65,'carrier','name','phone','tracking_number',2),(66,'carrier','name','phone','tracking_number',2),(67,'carrier','name','phone','tracking_number',5),(68,'carrier','name','phone','tracking_number',5),(69,'carrier','name','phone','tracking_number',5),(70,'carrier','name','phone','tracking_number',1),(71,'carrier','name','phone','tracking_number',4),(72,'carrier','name','phone','tracking_number',4),(73,'carrier','name','phone','tracking_number',1),(74,'carrier','name','phone','tracking_number',6),(75,'carrier','name','phone','tracking_number',2),(76,'carrier','name','phone','tracking_number',3),(77,'carrier','name','phone','tracking_number',2),(78,'carrier','name','phone','tracking_number',6),(79,'carrier','name','phone','tracking_number',5),(80,'carrier','name','phone','tracking_number',6),(81,'carrier','name','phone','tracking_number',5),(82,'carrier','name','phone','tracking_number',4),(83,'carrier','name','phone','tracking_number',3),(84,'carrier','name','phone','tracking_number',2),(85,'carrier','name','phone','tracking_number',6),(86,'carrier','name','phone','tracking_number',2),(87,'carrier','name','phone','tracking_number',3),(88,'carrier','name','phone','tracking_number',3),(89,'carrier','name','phone','tracking_number',4),(90,'carrier','name','phone','tracking_number',5),(91,'carrier','name','phone','tracking_number',1),(92,'carrier','name','phone','tracking_number',5),(93,'carrier','name','phone','tracking_number',6),(94,'carrier','name','phone','tracking_number',2),(95,'carrier','name','phone','tracking_number',4),(96,'carrier','name','phone','tracking_number',1),(97,'carrier','name','phone','tracking_number',3),(98,'carrier','name','phone','tracking_number',1),(99,'carrier','name','phone','tracking_number',5),(100,'carrier','name','phone','tracking_number',6),(101,'carrier','name','phone','tracking_number',4),(102,'carrier','name','phone','tracking_number',2),(103,'carrier','name','phone','tracking_number',3),(104,'carrier','name','phone','tracking_number',5),(105,'carrier','name','phone','tracking_number',3),(106,'carrier','name','phone','tracking_number',4),(107,'carrier','name','phone','tracking_number',6),(108,'carrier','name','phone','tracking_number',2),(109,'carrier','name','phone','tracking_number',2),(110,'carrier','name','phone','tracking_number',3),(111,'carrier','name','phone','tracking_number',2),(112,'carrier','name','phone','tracking_number',5),(113,'carrier','name','phone','tracking_number',5),(114,'carrier','name','phone','tracking_number',5),(115,'carrier','name','phone','tracking_number',2),(116,'carrier','name','phone','tracking_number',2),(117,'carrier','name','phone','tracking_number',3),(118,'carrier','name','phone','tracking_number',6),(119,'carrier','name','phone','tracking_number',4),(120,'carrier','name','phone','tracking_number',5),(121,'carrier','name','phone','tracking_number',3),(122,'carrier','name','phone','tracking_number',3),(123,'carrier','name','phone','tracking_number',2),(124,'carrier','name','phone','tracking_number',4),(125,'carrier','name','phone','tracking_number',2),(126,'carrier','name','phone','tracking_number',1),(127,'carrier','name','phone','tracking_number',1),(128,'carrier','name','phone','tracking_number',3),(129,'carrier','name','phone','tracking_number',2),(130,'carrier','name','phone','tracking_number',4),(131,'carrier','name','phone','tracking_number',1),(132,'carrier','name','phone','tracking_number',6),(133,'carrier','name','phone','tracking_number',6),(134,'carrier','name','phone','tracking_number',5),(135,'carrier','name','phone','tracking_number',5),(136,'carrier','name','phone','tracking_number',6),(137,'carrier','name','phone','tracking_number',1),(138,'carrier','name','phone','tracking_number',6),(139,'carrier','name','phone','tracking_number',3),(140,'carrier','name','phone','tracking_number',6),(141,'carrier','name','phone','tracking_number',3),(142,'carrier','name','phone','tracking_number',5),(143,'carrier','name','phone','tracking_number',4),(144,'carrier','name','phone','tracking_number',2),(145,'carrier','name','phone','tracking_number',6),(146,'carrier','name','phone','tracking_number',2),(147,'carrier','name','phone','tracking_number',1),(148,'carrier','name','phone','tracking_number',6),(149,'carrier','name','phone','tracking_number',5),(150,'carrier','name','phone','tracking_number',2),(151,'carrier','name','phone','tracking_number',5),(152,'carrier','name','phone','tracking_number',1),(153,'carrier','name','phone','tracking_number',4),(154,'carrier','name','phone','tracking_number',2),(155,'carrier','name','phone','tracking_number',3),(156,'carrier','name','phone','tracking_number',4),(157,'carrier','name','phone','tracking_number',5),(158,'carrier','name','phone','tracking_number',3),(159,'carrier','name','phone','tracking_number',2),(160,'carrier','name','phone','tracking_number',5),(161,'carrier','name','phone','tracking_number',6),(162,'carrier','name','phone','tracking_number',4),(163,'carrier','name','phone','tracking_number',2),(164,'carrier','name','phone','tracking_number',2),(165,'carrier','name','phone','tracking_number',1),(166,'carrier','name','phone','tracking_number',3),(167,'carrier','name','phone','tracking_number',2),(168,'carrier','name','phone','tracking_number',6),(169,'carrier','name','phone','tracking_number',6),(170,'carrier','name','phone','tracking_number',3),(171,'carrier','name','phone','tracking_number',5),(172,'carrier','name','phone','tracking_number',2),(173,'carrier','name','phone','tracking_number',3),(174,'carrier','name','phone','tracking_number',2),(175,'carrier','name','phone','tracking_number',5),(176,'carrier','name','phone','tracking_number',4),(177,'carrier','name','phone','tracking_number',3),(178,'carrier','name','phone','tracking_number',6),(179,'carrier','name','phone','tracking_number',2),(180,'carrier','name','phone','tracking_number',1),(181,'carrier','name','phone','tracking_number',3),(182,'carrier','name','phone','tracking_number',3),(183,'carrier','name','phone','tracking_number',2),(184,'carrier','name','phone','tracking_number',2),(185,'carrier','name','phone','tracking_number',6),(186,'carrier','name','phone','tracking_number',4),(187,'carrier','name','phone','tracking_number',5),(188,'carrier','name','phone','tracking_number',4),(189,'carrier','name','phone','tracking_number',3),(190,'carrier','name','phone','tracking_number',2),(191,'carrier','name','phone','tracking_number',5),(192,'carrier','name','phone','tracking_number',4),(193,'carrier','name','phone','tracking_number',6),(194,'carrier','name','phone','tracking_number',6),(195,'carrier','name','phone','tracking_number',1),(196,'carrier','name','phone','tracking_number',5),(197,'carrier','name','phone','tracking_number',5),(198,'carrier','name','phone','tracking_number',3),(199,'carrier','name','phone','tracking_number',4),(200,'carrier','name','phone','tracking_number',6),(201,'carrier','name','phone','tracking_number',3),(202,'carrier','name','phone','tracking_number',2),(203,'carrier','name','phone','tracking_number',4),(204,'carrier','name','phone','tracking_number',4),(205,'carrier','name','phone','tracking_number',5),(206,'carrier','name','phone','tracking_number',4),(207,'carrier','name','phone','tracking_number',4),(208,'carrier','name','phone','tracking_number',4),(209,'carrier','name','phone','tracking_number',5),(210,'carrier','name','phone','tracking_number',2),(211,'carrier','name','phone','tracking_number',1),(212,'carrier','name','phone','tracking_number',2),(213,'carrier','name','phone','tracking_number',5),(214,'carrier','name','phone','tracking_number',4),(215,'carrier','name','phone','tracking_number',5),(216,'carrier','name','phone','tracking_number',2),(217,'carrier','name','phone','tracking_number',6),(218,'carrier','name','phone','tracking_number',4),(219,'carrier','name','phone','tracking_number',3),(220,'carrier','name','phone','tracking_number',2),(221,'carrier','name','phone','tracking_number',2),(222,'carrier','name','phone','tracking_number',3),(223,'carrier','name','phone','tracking_number',3),(224,'carrier','name','phone','tracking_number',5),(225,'carrier','name','phone','tracking_number',2),(226,'carrier','name','phone','tracking_number',2),(227,'carrier','name','phone','tracking_number',6),(228,'carrier','name','phone','tracking_number',5),(229,'carrier','name','phone','tracking_number',3),(230,'carrier','name','phone','tracking_number',5),(231,'carrier','name','phone','tracking_number',4),(232,'carrier','name','phone','tracking_number',6),(233,'carrier','name','phone','tracking_number',2),(234,'carrier','name','phone','tracking_number',3),(235,'carrier','name','phone','tracking_number',3),(236,'carrier','name','phone','tracking_number',2),(237,'carrier','name','phone','tracking_number',5),(238,'carrier','name','phone','tracking_number',2),(239,'carrier','name','phone','tracking_number',5),(240,'carrier','name','phone','tracking_number',3),(241,'carrier','name','phone','tracking_number',4),(242,'carrier','name','phone','tracking_number',4),(243,'carrier','name','phone','tracking_number',2),(244,'carrier','name','phone','tracking_number',2),(245,'carrier','name','phone','tracking_number',2),(246,'carrier','name','phone','tracking_number',5),(247,'carrier','name','phone','tracking_number',5),(248,'carrier','name','phone','tracking_number',3),(249,'carrier','name','phone','tracking_number',1),(250,'carrier','name','phone','tracking_number',4),(251,'carrier','name','phone','tracking_number',3),(252,'carrier','name','phone','tracking_number',1),(253,'carrier','name','phone','tracking_number',1),(254,'carrier','name','phone','tracking_number',3),(255,'carrier','name','phone','tracking_number',6),(256,'carrier','name','phone','tracking_number',5),(257,'carrier','name','phone','tracking_number',4),(258,'carrier','name','phone','tracking_number',3),(259,'carrier','name','phone','tracking_number',4),(260,'carrier','name','phone','tracking_number',2),(261,'carrier','name','phone','tracking_number',6),(262,'carrier','name','phone','tracking_number',3),(263,'carrier','name','phone','tracking_number',1),(264,'carrier','name','phone','tracking_number',4),(265,'carrier','name','phone','tracking_number',5),(266,'carrier','name','phone','tracking_number',2),(267,'carrier','name','phone','tracking_number',3),(268,'carrier','name','phone','tracking_number',2),(269,'carrier','name','phone','tracking_number',6),(270,'carrier','name','phone','tracking_number',5),(271,'carrier','name','phone','tracking_number',1),(272,'carrier','name','phone','tracking_number',6),(273,'carrier','name','phone','tracking_number',5),(274,'carrier','name','phone','tracking_number',4),(275,'carrier','name','phone','tracking_number',3),(276,'carrier','name','phone','tracking_number',1),(277,'carrier','name','phone','tracking_number',5),(278,'carrier','name','phone','tracking_number',3),(279,'carrier','name','phone','tracking_number',3),(280,'carrier','name','phone','tracking_number',3),(281,'carrier','name','phone','tracking_number',2),(282,'carrier','name','phone','tracking_number',4),(283,'carrier','name','phone','tracking_number',2),(284,'carrier','name','phone','tracking_number',4),(285,'carrier','name','phone','tracking_number',6),(286,'carrier','name','phone','tracking_number',2),(287,'carrier','name','phone','tracking_number',2),(288,'carrier','name','phone','tracking_number',3),(289,'carrier','name','phone','tracking_number',4),(290,'carrier','name','phone','tracking_number',5),(291,'carrier','name','phone','tracking_number',6),(292,'carrier','name','phone','tracking_number',2),(293,'carrier','name','phone','tracking_number',6),(294,'carrier','name','phone','tracking_number',1),(295,'carrier','name','phone','tracking_number',2),(296,'carrier','name','phone','tracking_number',4),(297,'carrier','name','phone','tracking_number',1),(298,'carrier','name','phone','tracking_number',5),(299,'carrier','name','phone','tracking_number',4),(300,'carrier','name','phone','tracking_number',4),(301,'carrier','name','phone','tracking_number',6),(302,'carrier','name','phone','tracking_number',5),(303,'carrier','name','phone','tracking_number',4),(304,'carrier','name','phone','tracking_number',2),(305,'carrier','name','phone','tracking_number',3),(306,'carrier','name','phone','tracking_number',1),(307,'carrier','name','phone','tracking_number',3),(308,'carrier','name','phone','tracking_number',3),(309,'carrier','name','phone','tracking_number',6),(310,'carrier','name','phone','tracking_number',1),(311,'carrier','name','phone','tracking_number',2),(312,'carrier','name','phone','tracking_number',3),(313,'carrier','name','phone','tracking_number',3),(314,'carrier','name','phone','tracking_number',4),(315,'carrier','name','phone','tracking_number',4),(316,'carrier','name','phone','tracking_number',1),(317,'carrier','name','phone','tracking_number',6),(318,'carrier','name','phone','tracking_number',5),(319,'carrier','name','phone','tracking_number',1),(320,'carrier','name','phone','tracking_number',2),(321,'carrier','name','phone','tracking_number',4),(322,'carrier','name','phone','tracking_number',4),(323,'carrier','name','phone','tracking_number',5),(324,'carrier','name','phone','tracking_number',4),(325,'carrier','name','phone','tracking_number',5),(326,'carrier','name','phone','tracking_number',6),(327,'carrier','name','phone','tracking_number',5),(328,'carrier','name','phone','tracking_number',2),(329,'carrier','name','phone','tracking_number',4),(330,'carrier','name','phone','tracking_number',2),(331,'carrier','name','phone','tracking_number',2),(332,'carrier','name','phone','tracking_number',2),(333,'carrier','name','phone','tracking_number',1),(334,'carrier','name','phone','tracking_number',1),(335,'carrier','name','phone','tracking_number',2),(336,'carrier','name','phone','tracking_number',1),(337,'carrier','name','phone','tracking_number',4),(338,'carrier','name','phone','tracking_number',2),(339,'carrier','name','phone','tracking_number',4),(340,'carrier','name','phone','tracking_number',3),(341,'carrier','name','phone','tracking_number',4),(342,'carrier','name','phone','tracking_number',4),(343,'carrier','name','phone','tracking_number',4),(344,'carrier','name','phone','tracking_number',3),(345,'carrier','name','phone','tracking_number',2),(346,'carrier','name','phone','tracking_number',3),(347,'carrier','name','phone','tracking_number',1),(348,'carrier','name','phone','tracking_number',6),(349,'carrier','name','phone','tracking_number',2),(350,'carrier','name','phone','tracking_number',1),(351,'carrier','name','phone','tracking_number',3),(352,'carrier','name','phone','tracking_number',3),(353,'carrier','name','phone','tracking_number',2),(354,'carrier','name','phone','tracking_number',5),(355,'carrier','name','phone','tracking_number',3),(356,'carrier','name','phone','tracking_number',3),(357,'carrier','name','phone','tracking_number',5),(358,'carrier','name','phone','tracking_number',3),(359,'carrier','name','phone','tracking_number',5),(360,'carrier','name','phone','tracking_number',5),(361,'carrier','name','phone','tracking_number',2),(362,'carrier','name','phone','tracking_number',2),(363,'carrier','name','phone','tracking_number',4),(364,'carrier','name','phone','tracking_number',4),(365,'carrier','name','phone','tracking_number',4),(366,'carrier','name','phone','tracking_number',3),(367,'carrier','name','phone','tracking_number',4),(368,'carrier','name','phone','tracking_number',4),(369,'carrier','name','phone','tracking_number',3),(370,'carrier','name','phone','tracking_number',2),(371,'carrier','name','phone','tracking_number',5),(372,'carrier','name','phone','tracking_number',2),(373,'carrier','name','phone','tracking_number',2),(374,'carrier','name','phone','tracking_number',4),(375,'carrier','name','phone','tracking_number',3),(376,'carrier','name','phone','tracking_number',2),(377,'carrier','name','phone','tracking_number',3),(378,'carrier','name','phone','tracking_number',5),(379,'carrier','name','phone','tracking_number',6),(380,'carrier','name','phone','tracking_number',2),(381,'carrier','name','phone','tracking_number',3),(382,'carrier','name','phone','tracking_number',6),(383,'carrier','name','phone','tracking_number',4),(384,'carrier','name','phone','tracking_number',2),(385,'carrier','name','phone','tracking_number',4),(386,'carrier','name','phone','tracking_number',1),(387,'carrier','name','phone','tracking_number',3),(388,'carrier','name','phone','tracking_number',5),(389,'carrier','name','phone','tracking_number',4),(390,'carrier','name','phone','tracking_number',2),(391,'carrier','name','phone','tracking_number',1),(392,'carrier','name','phone','tracking_number',2),(393,'carrier','name','phone','tracking_number',5),(394,'carrier','name','phone','tracking_number',4),(395,'carrier','name','phone','tracking_number',4),(396,'carrier','name','phone','tracking_number',4),(397,'carrier','name','phone','tracking_number',2),(398,'carrier','name','phone','tracking_number',5),(399,'carrier','name','phone','tracking_number',4),(400,'carrier','name','phone','tracking_number',2),(401,'carrier','name','phone','tracking_number',6),(402,'carrier','name','phone','tracking_number',5),(403,'carrier','name','phone','tracking_number',5),(404,'carrier','name','phone','tracking_number',3),(405,'carrier','name','phone','tracking_number',2),(406,'carrier','name','phone','tracking_number',4),(407,'carrier','name','phone','tracking_number',2),(408,'carrier','name','phone','tracking_number',5),(409,'carrier','name','phone','tracking_number',5),(410,'carrier','name','phone','tracking_number',2),(411,'carrier','name','phone','tracking_number',5),(412,'carrier','name','phone','tracking_number',6),(413,'carrier','name','phone','tracking_number',5),(414,'carrier','name','phone','tracking_number',4),(415,'carrier','name','phone','tracking_number',5),(416,'carrier','name','phone','tracking_number',2),(417,'carrier','name','phone','tracking_number',6),(418,'carrier','name','phone','tracking_number',1),(419,'carrier','name','phone','tracking_number',3),(420,'carrier','name','phone','tracking_number',2),(421,'carrier','name','phone','tracking_number',4),(422,'carrier','name','phone','tracking_number',5),(423,'carrier','name','phone','tracking_number',3),(424,'carrier','name','phone','tracking_number',2),(425,'carrier','name','phone','tracking_number',1),(426,'carrier','name','phone','tracking_number',2),(427,'carrier','name','phone','tracking_number',2),(428,'carrier','name','phone','tracking_number',6),(429,'carrier','name','phone','tracking_number',2),(430,'carrier','name','phone','tracking_number',5),(431,'carrier','name','phone','tracking_number',3),(432,'carrier','name','phone','tracking_number',3),(433,'carrier','name','phone','tracking_number',5),(434,'carrier','name','phone','tracking_number',3),(435,'carrier','name','phone','tracking_number',1),(436,'carrier','name','phone','tracking_number',2),(437,'carrier','name','phone','tracking_number',6),(438,'carrier','name','phone','tracking_number',4),(439,'carrier','name','phone','tracking_number',6),(440,'carrier','name','phone','tracking_number',2),(441,'carrier','name','phone','tracking_number',3),(442,'carrier','name','phone','tracking_number',4),(443,'carrier','name','phone','tracking_number',1),(444,'carrier','name','phone','tracking_number',6),(445,'carrier','name','phone','tracking_number',4),(446,'carrier','name','phone','tracking_number',2),(447,'carrier','name','phone','tracking_number',4),(448,'carrier','name','phone','tracking_number',6),(449,'carrier','name','phone','tracking_number',5),(450,'carrier','name','phone','tracking_number',1),(451,'carrier','name','phone','tracking_number',6),(452,'carrier','name','phone','tracking_number',4),(453,'carrier','name','phone','tracking_number',5),(454,'carrier','name','phone','tracking_number',2),(455,'carrier','name','phone','tracking_number',3),(456,'carrier','name','phone','tracking_number',4),(457,'carrier','name','phone','tracking_number',1),(458,'carrier','name','phone','tracking_number',1),(459,'carrier','name','phone','tracking_number',6),(460,'carrier','name','phone','tracking_number',2),(461,'carrier','name','phone','tracking_number',2),(462,'carrier','name','phone','tracking_number',5),(463,'carrier','name','phone','tracking_number',3),(464,'carrier','name','phone','tracking_number',4),(465,'carrier','name','phone','tracking_number',3),(466,'carrier','name','phone','tracking_number',5),(467,'carrier','name','phone','tracking_number',1),(468,'carrier','name','phone','tracking_number',3),(469,'carrier','name','phone','tracking_number',3),(470,'carrier','name','phone','tracking_number',2),(471,'carrier','name','phone','tracking_number',6),(472,'carrier','name','phone','tracking_number',2),(473,'carrier','name','phone','tracking_number',5),(474,'carrier','name','phone','tracking_number',4),(475,'carrier','name','phone','tracking_number',1),(476,'carrier','name','phone','tracking_number',2),(477,'carrier','name','phone','tracking_number',2),(478,'carrier','name','phone','tracking_number',1),(479,'carrier','name','phone','tracking_number',1),(480,'carrier','name','phone','tracking_number',2),(481,'carrier','name','phone','tracking_number',3),(482,'carrier','name','phone','tracking_number',5),(483,'carrier','name','phone','tracking_number',4),(484,'carrier','name','phone','tracking_number',2),(485,'carrier','name','phone','tracking_number',6),(486,'carrier','name','phone','tracking_number',5),(487,'carrier','name','phone','tracking_number',6),(488,'carrier','name','phone','tracking_number',3),(489,'carrier','name','phone','tracking_number',2),(490,'carrier','name','phone','tracking_number',3),(491,'carrier','name','phone','tracking_number',2),(492,'carrier','name','phone','tracking_number',3),(493,'carrier','name','phone','tracking_number',2),(494,'carrier','name','phone','tracking_number',2),(495,'carrier','name','phone','tracking_number',4),(496,'carrier','name','phone','tracking_number',5),(497,'carrier','name','phone','tracking_number',2),(498,'carrier','name','phone','tracking_number',5),(499,'carrier','name','phone','tracking_number',6),(500,'carrier','name','phone','tracking_number',2);

INSERT INTO payment (id,amount,currency,description,stripe_payment_intent_id) VALUES (1,1,'eur','test payment number 1','stripe_payment_intent_id number 1'),(2,1,'eur','test payment number 2','stripe_payment_intent_id number 2'),(3,1,'eur','test payment number 3','stripe_payment_intent_id number 3'),(4,1,'eur','test payment number 4','stripe_payment_intent_id number 4'),(5,1,'eur','test payment number 5','stripe_payment_intent_id number 5'),(6,1,'eur','test payment number 6','stripe_payment_intent_id number 6'),(7,1,'eur','test payment number 7','stripe_payment_intent_id number 7'),(8,1,'eur','test payment number 8','stripe_payment_intent_id number 8'),(9,1,'eur','test payment number 9','stripe_payment_intent_id number 9'),(10,1,'eur','test payment number 10','stripe_payment_intent_id number 10'),(11,1,'eur','test payment number 11','stripe_payment_intent_id number 11'),(12,1,'eur','test payment number 12','stripe_payment_intent_id number 12'),(13,1,'eur','test payment number 13','stripe_payment_intent_id number 13'),(14,1,'eur','test payment number 14','stripe_payment_intent_id number 14'),(15,1,'eur','test payment number 15','stripe_payment_intent_id number 15'),(16,1,'eur','test payment number 16','stripe_payment_intent_id number 16'),(17,1,'eur','test payment number 17','stripe_payment_intent_id number 17'),(18,1,'eur','test payment number 18','stripe_payment_intent_id number 18'),(19,1,'eur','test payment number 19','stripe_payment_intent_id number 19'),(20,1,'eur','test payment number 20','stripe_payment_intent_id number 20'),(21,1,'eur','test payment number 21','stripe_payment_intent_id number 21'),(22,1,'eur','test payment number 22','stripe_payment_intent_id number 22'),(23,1,'eur','test payment number 23','stripe_payment_intent_id number 23'),(24,1,'eur','test payment number 24','stripe_payment_intent_id number 24'),(25,1,'eur','test payment number 25','stripe_payment_intent_id number 25'),(26,1,'eur','test payment number 26','stripe_payment_intent_id number 26'),(27,1,'eur','test payment number 27','stripe_payment_intent_id number 27'),(28,1,'eur','test payment number 28','stripe_payment_intent_id number 28'),(29,1,'eur','test payment number 29','stripe_payment_intent_id number 29'),(30,1,'eur','test payment number 30','stripe_payment_intent_id number 30'),(31,1,'eur','test payment number 31','stripe_payment_intent_id number 31'),(32,1,'eur','test payment number 32','stripe_payment_intent_id number 32'),(33,1,'eur','test payment number 33','stripe_payment_intent_id number 33'),(34,1,'eur','test payment number 34','stripe_payment_intent_id number 34'),(35,1,'eur','test payment number 35','stripe_payment_intent_id number 35'),(36,1,'eur','test payment number 36','stripe_payment_intent_id number 36'),(37,1,'eur','test payment number 37','stripe_payment_intent_id number 37'),(38,1,'eur','test payment number 38','stripe_payment_intent_id number 38'),(39,1,'eur','test payment number 39','stripe_payment_intent_id number 39'),(40,1,'eur','test payment number 40','stripe_payment_intent_id number 40'),(41,1,'eur','test payment number 41','stripe_payment_intent_id number 41'),(42,1,'eur','test payment number 42','stripe_payment_intent_id number 42'),(43,1,'eur','test payment number 43','stripe_payment_intent_id number 43'),(44,1,'eur','test payment number 44','stripe_payment_intent_id number 44'),(45,1,'eur','test payment number 45','stripe_payment_intent_id number 45'),(46,1,'eur','test payment number 46','stripe_payment_intent_id number 46'),(47,1,'eur','test payment number 47','stripe_payment_intent_id number 47'),(48,1,'eur','test payment number 48','stripe_payment_intent_id number 48'),(49,1,'eur','test payment number 49','stripe_payment_intent_id number 49'),(50,1,'eur','test payment number 50','stripe_payment_intent_id number 50'),(51,1,'eur','test payment number 51','stripe_payment_intent_id number 51'),(52,1,'eur','test payment number 52','stripe_payment_intent_id number 52'),(53,1,'eur','test payment number 53','stripe_payment_intent_id number 53'),(54,1,'eur','test payment number 54','stripe_payment_intent_id number 54'),(55,1,'eur','test payment number 55','stripe_payment_intent_id number 55'),(56,1,'eur','test payment number 56','stripe_payment_intent_id number 56'),(57,1,'eur','test payment number 57','stripe_payment_intent_id number 57'),(58,1,'eur','test payment number 58','stripe_payment_intent_id number 58'),(59,1,'eur','test payment number 59','stripe_payment_intent_id number 59'),(60,1,'eur','test payment number 60','stripe_payment_intent_id number 60'),(61,1,'eur','test payment number 61','stripe_payment_intent_id number 61'),(62,1,'eur','test payment number 62','stripe_payment_intent_id number 62'),(63,1,'eur','test payment number 63','stripe_payment_intent_id number 63'),(64,1,'eur','test payment number 64','stripe_payment_intent_id number 64'),(65,1,'eur','test payment number 65','stripe_payment_intent_id number 65'),(66,1,'eur','test payment number 66','stripe_payment_intent_id number 66'),(67,1,'eur','test payment number 67','stripe_payment_intent_id number 67'),(68,1,'eur','test payment number 68','stripe_payment_intent_id number 68'),(69,1,'eur','test payment number 69','stripe_payment_intent_id number 69'),(70,1,'eur','test payment number 70','stripe_payment_intent_id number 70'),(71,1,'eur','test payment number 71','stripe_payment_intent_id number 71'),(72,1,'eur','test payment number 72','stripe_payment_intent_id number 72'),(73,1,'eur','test payment number 73','stripe_payment_intent_id number 73'),(74,1,'eur','test payment number 74','stripe_payment_intent_id number 74'),(75,1,'eur','test payment number 75','stripe_payment_intent_id number 75'),(76,1,'eur','test payment number 76','stripe_payment_intent_id number 76'),(77,1,'eur','test payment number 77','stripe_payment_intent_id number 77'),(78,1,'eur','test payment number 78','stripe_payment_intent_id number 78'),(79,1,'eur','test payment number 79','stripe_payment_intent_id number 79'),(80,1,'eur','test payment number 80','stripe_payment_intent_id number 80'),(81,1,'eur','test payment number 81','stripe_payment_intent_id number 81'),(82,1,'eur','test payment number 82','stripe_payment_intent_id number 82'),(83,1,'eur','test payment number 83','stripe_payment_intent_id number 83'),(84,1,'eur','test payment number 84','stripe_payment_intent_id number 84'),(85,1,'eur','test payment number 85','stripe_payment_intent_id number 85'),(86,1,'eur','test payment number 86','stripe_payment_intent_id number 86'),(87,1,'eur','test payment number 87','stripe_payment_intent_id number 87'),(88,1,'eur','test payment number 88','stripe_payment_intent_id number 88'),(89,1,'eur','test payment number 89','stripe_payment_intent_id number 89'),(90,1,'eur','test payment number 90','stripe_payment_intent_id number 90'),(91,1,'eur','test payment number 91','stripe_payment_intent_id number 91'),(92,1,'eur','test payment number 92','stripe_payment_intent_id number 92'),(93,1,'eur','test payment number 93','stripe_payment_intent_id number 93'),(94,1,'eur','test payment number 94','stripe_payment_intent_id number 94'),(95,1,'eur','test payment number 95','stripe_payment_intent_id number 95'),(96,1,'eur','test payment number 96','stripe_payment_intent_id number 96'),(97,1,'eur','test payment number 97','stripe_payment_intent_id number 97'),(98,1,'eur','test payment number 98','stripe_payment_intent_id number 98'),(99,1,'eur','test payment number 99','stripe_payment_intent_id number 99'),(100,1,'eur','test payment number 100','stripe_payment_intent_id number 100'),(101,1,'eur','test payment number 101','stripe_payment_intent_id number 101'),(102,1,'eur','test payment number 102','stripe_payment_intent_id number 102'),(103,1,'eur','test payment number 103','stripe_payment_intent_id number 103'),(104,1,'eur','test payment number 104','stripe_payment_intent_id number 104'),(105,1,'eur','test payment number 105','stripe_payment_intent_id number 105'),(106,1,'eur','test payment number 106','stripe_payment_intent_id number 106'),(107,1,'eur','test payment number 107','stripe_payment_intent_id number 107'),(108,1,'eur','test payment number 108','stripe_payment_intent_id number 108'),(109,1,'eur','test payment number 109','stripe_payment_intent_id number 109'),(110,1,'eur','test payment number 110','stripe_payment_intent_id number 110'),(111,1,'eur','test payment number 111','stripe_payment_intent_id number 111'),(112,1,'eur','test payment number 112','stripe_payment_intent_id number 112'),(113,1,'eur','test payment number 113','stripe_payment_intent_id number 113'),(114,1,'eur','test payment number 114','stripe_payment_intent_id number 114'),(115,1,'eur','test payment number 115','stripe_payment_intent_id number 115'),(116,1,'eur','test payment number 116','stripe_payment_intent_id number 116'),(117,1,'eur','test payment number 117','stripe_payment_intent_id number 117'),(118,1,'eur','test payment number 118','stripe_payment_intent_id number 118'),(119,1,'eur','test payment number 119','stripe_payment_intent_id number 119'),(120,1,'eur','test payment number 120','stripe_payment_intent_id number 120'),(121,1,'eur','test payment number 121','stripe_payment_intent_id number 121'),(122,1,'eur','test payment number 122','stripe_payment_intent_id number 122'),(123,1,'eur','test payment number 123','stripe_payment_intent_id number 123'),(124,1,'eur','test payment number 124','stripe_payment_intent_id number 124'),(125,1,'eur','test payment number 125','stripe_payment_intent_id number 125'),(126,1,'eur','test payment number 126','stripe_payment_intent_id number 126'),(127,1,'eur','test payment number 127','stripe_payment_intent_id number 127'),(128,1,'eur','test payment number 128','stripe_payment_intent_id number 128'),(129,1,'eur','test payment number 129','stripe_payment_intent_id number 129'),(130,1,'eur','test payment number 130','stripe_payment_intent_id number 130'),(131,1,'eur','test payment number 131','stripe_payment_intent_id number 131'),(132,1,'eur','test payment number 132','stripe_payment_intent_id number 132'),(133,1,'eur','test payment number 133','stripe_payment_intent_id number 133'),(134,1,'eur','test payment number 134','stripe_payment_intent_id number 134'),(135,1,'eur','test payment number 135','stripe_payment_intent_id number 135'),(136,1,'eur','test payment number 136','stripe_payment_intent_id number 136'),(137,1,'eur','test payment number 137','stripe_payment_intent_id number 137'),(138,1,'eur','test payment number 138','stripe_payment_intent_id number 138'),(139,1,'eur','test payment number 139','stripe_payment_intent_id number 139'),(140,1,'eur','test payment number 140','stripe_payment_intent_id number 140'),(141,1,'eur','test payment number 141','stripe_payment_intent_id number 141'),(142,1,'eur','test payment number 142','stripe_payment_intent_id number 142'),(143,1,'eur','test payment number 143','stripe_payment_intent_id number 143'),(144,1,'eur','test payment number 144','stripe_payment_intent_id number 144'),(145,1,'eur','test payment number 145','stripe_payment_intent_id number 145'),(146,1,'eur','test payment number 146','stripe_payment_intent_id number 146'),(147,1,'eur','test payment number 147','stripe_payment_intent_id number 147'),(148,1,'eur','test payment number 148','stripe_payment_intent_id number 148'),(149,1,'eur','test payment number 149','stripe_payment_intent_id number 149'),(150,1,'eur','test payment number 150','stripe_payment_intent_id number 150'),(151,1,'eur','test payment number 151','stripe_payment_intent_id number 151'),(152,1,'eur','test payment number 152','stripe_payment_intent_id number 152'),(153,1,'eur','test payment number 153','stripe_payment_intent_id number 153'),(154,1,'eur','test payment number 154','stripe_payment_intent_id number 154'),(155,1,'eur','test payment number 155','stripe_payment_intent_id number 155'),(156,1,'eur','test payment number 156','stripe_payment_intent_id number 156'),(157,1,'eur','test payment number 157','stripe_payment_intent_id number 157'),(158,1,'eur','test payment number 158','stripe_payment_intent_id number 158'),(159,1,'eur','test payment number 159','stripe_payment_intent_id number 159'),(160,1,'eur','test payment number 160','stripe_payment_intent_id number 160'),(161,1,'eur','test payment number 161','stripe_payment_intent_id number 161'),(162,1,'eur','test payment number 162','stripe_payment_intent_id number 162'),(163,1,'eur','test payment number 163','stripe_payment_intent_id number 163'),(164,1,'eur','test payment number 164','stripe_payment_intent_id number 164'),(165,1,'eur','test payment number 165','stripe_payment_intent_id number 165'),(166,1,'eur','test payment number 166','stripe_payment_intent_id number 166'),(167,1,'eur','test payment number 167','stripe_payment_intent_id number 167'),(168,1,'eur','test payment number 168','stripe_payment_intent_id number 168'),(169,1,'eur','test payment number 169','stripe_payment_intent_id number 169'),(170,1,'eur','test payment number 170','stripe_payment_intent_id number 170'),(171,1,'eur','test payment number 171','stripe_payment_intent_id number 171'),(172,1,'eur','test payment number 172','stripe_payment_intent_id number 172'),(173,1,'eur','test payment number 173','stripe_payment_intent_id number 173'),(174,1,'eur','test payment number 174','stripe_payment_intent_id number 174'),(175,1,'eur','test payment number 175','stripe_payment_intent_id number 175'),(176,1,'eur','test payment number 176','stripe_payment_intent_id number 176'),(177,1,'eur','test payment number 177','stripe_payment_intent_id number 177'),(178,1,'eur','test payment number 178','stripe_payment_intent_id number 178'),(179,1,'eur','test payment number 179','stripe_payment_intent_id number 179'),(180,1,'eur','test payment number 180','stripe_payment_intent_id number 180'),(181,1,'eur','test payment number 181','stripe_payment_intent_id number 181'),(182,1,'eur','test payment number 182','stripe_payment_intent_id number 182'),(183,1,'eur','test payment number 183','stripe_payment_intent_id number 183'),(184,1,'eur','test payment number 184','stripe_payment_intent_id number 184'),(185,1,'eur','test payment number 185','stripe_payment_intent_id number 185'),(186,1,'eur','test payment number 186','stripe_payment_intent_id number 186'),(187,1,'eur','test payment number 187','stripe_payment_intent_id number 187'),(188,1,'eur','test payment number 188','stripe_payment_intent_id number 188'),(189,1,'eur','test payment number 189','stripe_payment_intent_id number 189'),(190,1,'eur','test payment number 190','stripe_payment_intent_id number 190'),(191,1,'eur','test payment number 191','stripe_payment_intent_id number 191'),(192,1,'eur','test payment number 192','stripe_payment_intent_id number 192'),(193,1,'eur','test payment number 193','stripe_payment_intent_id number 193'),(194,1,'eur','test payment number 194','stripe_payment_intent_id number 194'),(195,1,'eur','test payment number 195','stripe_payment_intent_id number 195'),(196,1,'eur','test payment number 196','stripe_payment_intent_id number 196'),(197,1,'eur','test payment number 197','stripe_payment_intent_id number 197'),(198,1,'eur','test payment number 198','stripe_payment_intent_id number 198'),(199,1,'eur','test payment number 199','stripe_payment_intent_id number 199'),(200,1,'eur','test payment number 200','stripe_payment_intent_id number 200'),(201,1,'eur','test payment number 201','stripe_payment_intent_id number 201'),(202,1,'eur','test payment number 202','stripe_payment_intent_id number 202'),(203,1,'eur','test payment number 203','stripe_payment_intent_id number 203'),(204,1,'eur','test payment number 204','stripe_payment_intent_id number 204'),(205,1,'eur','test payment number 205','stripe_payment_intent_id number 205'),(206,1,'eur','test payment number 206','stripe_payment_intent_id number 206'),(207,1,'eur','test payment number 207','stripe_payment_intent_id number 207'),(208,1,'eur','test payment number 208','stripe_payment_intent_id number 208'),(209,1,'eur','test payment number 209','stripe_payment_intent_id number 209'),(210,1,'eur','test payment number 210','stripe_payment_intent_id number 210'),(211,1,'eur','test payment number 211','stripe_payment_intent_id number 211'),(212,1,'eur','test payment number 212','stripe_payment_intent_id number 212'),(213,1,'eur','test payment number 213','stripe_payment_intent_id number 213'),(214,1,'eur','test payment number 214','stripe_payment_intent_id number 214'),(215,1,'eur','test payment number 215','stripe_payment_intent_id number 215'),(216,1,'eur','test payment number 216','stripe_payment_intent_id number 216'),(217,1,'eur','test payment number 217','stripe_payment_intent_id number 217'),(218,1,'eur','test payment number 218','stripe_payment_intent_id number 218'),(219,1,'eur','test payment number 219','stripe_payment_intent_id number 219'),(220,1,'eur','test payment number 220','stripe_payment_intent_id number 220'),(221,1,'eur','test payment number 221','stripe_payment_intent_id number 221'),(222,1,'eur','test payment number 222','stripe_payment_intent_id number 222'),(223,1,'eur','test payment number 223','stripe_payment_intent_id number 223'),(224,1,'eur','test payment number 224','stripe_payment_intent_id number 224'),(225,1,'eur','test payment number 225','stripe_payment_intent_id number 225'),(226,1,'eur','test payment number 226','stripe_payment_intent_id number 226'),(227,1,'eur','test payment number 227','stripe_payment_intent_id number 227'),(228,1,'eur','test payment number 228','stripe_payment_intent_id number 228'),(229,1,'eur','test payment number 229','stripe_payment_intent_id number 229'),(230,1,'eur','test payment number 230','stripe_payment_intent_id number 230'),(231,1,'eur','test payment number 231','stripe_payment_intent_id number 231'),(232,1,'eur','test payment number 232','stripe_payment_intent_id number 232'),(233,1,'eur','test payment number 233','stripe_payment_intent_id number 233'),(234,1,'eur','test payment number 234','stripe_payment_intent_id number 234'),(235,1,'eur','test payment number 235','stripe_payment_intent_id number 235'),(236,1,'eur','test payment number 236','stripe_payment_intent_id number 236'),(237,1,'eur','test payment number 237','stripe_payment_intent_id number 237'),(238,1,'eur','test payment number 238','stripe_payment_intent_id number 238'),(239,1,'eur','test payment number 239','stripe_payment_intent_id number 239'),(240,1,'eur','test payment number 240','stripe_payment_intent_id number 240'),(241,1,'eur','test payment number 241','stripe_payment_intent_id number 241'),(242,1,'eur','test payment number 242','stripe_payment_intent_id number 242'),(243,1,'eur','test payment number 243','stripe_payment_intent_id number 243'),(244,1,'eur','test payment number 244','stripe_payment_intent_id number 244'),(245,1,'eur','test payment number 245','stripe_payment_intent_id number 245'),(246,1,'eur','test payment number 246','stripe_payment_intent_id number 246'),(247,1,'eur','test payment number 247','stripe_payment_intent_id number 247'),(248,1,'eur','test payment number 248','stripe_payment_intent_id number 248'),(249,1,'eur','test payment number 249','stripe_payment_intent_id number 249'),(250,1,'eur','test payment number 250','stripe_payment_intent_id number 250'),(251,1,'eur','test payment number 251','stripe_payment_intent_id number 251'),(252,1,'eur','test payment number 252','stripe_payment_intent_id number 252'),(253,1,'eur','test payment number 253','stripe_payment_intent_id number 253'),(254,1,'eur','test payment number 254','stripe_payment_intent_id number 254'),(255,1,'eur','test payment number 255','stripe_payment_intent_id number 255'),(256,1,'eur','test payment number 256','stripe_payment_intent_id number 256'),(257,1,'eur','test payment number 257','stripe_payment_intent_id number 257'),(258,1,'eur','test payment number 258','stripe_payment_intent_id number 258'),(259,1,'eur','test payment number 259','stripe_payment_intent_id number 259'),(260,1,'eur','test payment number 260','stripe_payment_intent_id number 260'),(261,1,'eur','test payment number 261','stripe_payment_intent_id number 261'),(262,1,'eur','test payment number 262','stripe_payment_intent_id number 262'),(263,1,'eur','test payment number 263','stripe_payment_intent_id number 263'),(264,1,'eur','test payment number 264','stripe_payment_intent_id number 264'),(265,1,'eur','test payment number 265','stripe_payment_intent_id number 265'),(266,1,'eur','test payment number 266','stripe_payment_intent_id number 266'),(267,1,'eur','test payment number 267','stripe_payment_intent_id number 267'),(268,1,'eur','test payment number 268','stripe_payment_intent_id number 268'),(269,1,'eur','test payment number 269','stripe_payment_intent_id number 269'),(270,1,'eur','test payment number 270','stripe_payment_intent_id number 270'),(271,1,'eur','test payment number 271','stripe_payment_intent_id number 271'),(272,1,'eur','test payment number 272','stripe_payment_intent_id number 272'),(273,1,'eur','test payment number 273','stripe_payment_intent_id number 273'),(274,1,'eur','test payment number 274','stripe_payment_intent_id number 274'),(275,1,'eur','test payment number 275','stripe_payment_intent_id number 275'),(276,1,'eur','test payment number 276','stripe_payment_intent_id number 276'),(277,1,'eur','test payment number 277','stripe_payment_intent_id number 277'),(278,1,'eur','test payment number 278','stripe_payment_intent_id number 278'),(279,1,'eur','test payment number 279','stripe_payment_intent_id number 279'),(280,1,'eur','test payment number 280','stripe_payment_intent_id number 280'),(281,1,'eur','test payment number 281','stripe_payment_intent_id number 281'),(282,1,'eur','test payment number 282','stripe_payment_intent_id number 282'),(283,1,'eur','test payment number 283','stripe_payment_intent_id number 283'),(284,1,'eur','test payment number 284','stripe_payment_intent_id number 284'),(285,1,'eur','test payment number 285','stripe_payment_intent_id number 285'),(286,1,'eur','test payment number 286','stripe_payment_intent_id number 286'),(287,1,'eur','test payment number 287','stripe_payment_intent_id number 287'),(288,1,'eur','test payment number 288','stripe_payment_intent_id number 288'),(289,1,'eur','test payment number 289','stripe_payment_intent_id number 289'),(290,1,'eur','test payment number 290','stripe_payment_intent_id number 290'),(291,1,'eur','test payment number 291','stripe_payment_intent_id number 291'),(292,1,'eur','test payment number 292','stripe_payment_intent_id number 292'),(293,1,'eur','test payment number 293','stripe_payment_intent_id number 293'),(294,1,'eur','test payment number 294','stripe_payment_intent_id number 294'),(295,1,'eur','test payment number 295','stripe_payment_intent_id number 295'),(296,1,'eur','test payment number 296','stripe_payment_intent_id number 296'),(297,1,'eur','test payment number 297','stripe_payment_intent_id number 297'),(298,1,'eur','test payment number 298','stripe_payment_intent_id number 298'),(299,1,'eur','test payment number 299','stripe_payment_intent_id number 299'),(300,1,'eur','test payment number 300','stripe_payment_intent_id number 300'),(301,1,'eur','test payment number 301','stripe_payment_intent_id number 301'),(302,1,'eur','test payment number 302','stripe_payment_intent_id number 302'),(303,1,'eur','test payment number 303','stripe_payment_intent_id number 303'),(304,1,'eur','test payment number 304','stripe_payment_intent_id number 304'),(305,1,'eur','test payment number 305','stripe_payment_intent_id number 305'),(306,1,'eur','test payment number 306','stripe_payment_intent_id number 306'),(307,1,'eur','test payment number 307','stripe_payment_intent_id number 307'),(308,1,'eur','test payment number 308','stripe_payment_intent_id number 308'),(309,1,'eur','test payment number 309','stripe_payment_intent_id number 309'),(310,1,'eur','test payment number 310','stripe_payment_intent_id number 310'),(311,1,'eur','test payment number 311','stripe_payment_intent_id number 311'),(312,1,'eur','test payment number 312','stripe_payment_intent_id number 312'),(313,1,'eur','test payment number 313','stripe_payment_intent_id number 313'),(314,1,'eur','test payment number 314','stripe_payment_intent_id number 314'),(315,1,'eur','test payment number 315','stripe_payment_intent_id number 315'),(316,1,'eur','test payment number 316','stripe_payment_intent_id number 316'),(317,1,'eur','test payment number 317','stripe_payment_intent_id number 317'),(318,1,'eur','test payment number 318','stripe_payment_intent_id number 318'),(319,1,'eur','test payment number 319','stripe_payment_intent_id number 319'),(320,1,'eur','test payment number 320','stripe_payment_intent_id number 320'),(321,1,'eur','test payment number 321','stripe_payment_intent_id number 321'),(322,1,'eur','test payment number 322','stripe_payment_intent_id number 322'),(323,1,'eur','test payment number 323','stripe_payment_intent_id number 323'),(324,1,'eur','test payment number 324','stripe_payment_intent_id number 324'),(325,1,'eur','test payment number 325','stripe_payment_intent_id number 325'),(326,1,'eur','test payment number 326','stripe_payment_intent_id number 326'),(327,1,'eur','test payment number 327','stripe_payment_intent_id number 327'),(328,1,'eur','test payment number 328','stripe_payment_intent_id number 328'),(329,1,'eur','test payment number 329','stripe_payment_intent_id number 329'),(330,1,'eur','test payment number 330','stripe_payment_intent_id number 330'),(331,1,'eur','test payment number 331','stripe_payment_intent_id number 331'),(332,1,'eur','test payment number 332','stripe_payment_intent_id number 332'),(333,1,'eur','test payment number 333','stripe_payment_intent_id number 333'),(334,1,'eur','test payment number 334','stripe_payment_intent_id number 334'),(335,1,'eur','test payment number 335','stripe_payment_intent_id number 335'),(336,1,'eur','test payment number 336','stripe_payment_intent_id number 336'),(337,1,'eur','test payment number 337','stripe_payment_intent_id number 337'),(338,1,'eur','test payment number 338','stripe_payment_intent_id number 338'),(339,1,'eur','test payment number 339','stripe_payment_intent_id number 339'),(340,1,'eur','test payment number 340','stripe_payment_intent_id number 340'),(341,1,'eur','test payment number 341','stripe_payment_intent_id number 341'),(342,1,'eur','test payment number 342','stripe_payment_intent_id number 342'),(343,1,'eur','test payment number 343','stripe_payment_intent_id number 343'),(344,1,'eur','test payment number 344','stripe_payment_intent_id number 344'),(345,1,'eur','test payment number 345','stripe_payment_intent_id number 345'),(346,1,'eur','test payment number 346','stripe_payment_intent_id number 346'),(347,1,'eur','test payment number 347','stripe_payment_intent_id number 347'),(348,1,'eur','test payment number 348','stripe_payment_intent_id number 348'),(349,1,'eur','test payment number 349','stripe_payment_intent_id number 349'),(350,1,'eur','test payment number 350','stripe_payment_intent_id number 350'),(351,1,'eur','test payment number 351','stripe_payment_intent_id number 351'),(352,1,'eur','test payment number 352','stripe_payment_intent_id number 352'),(353,1,'eur','test payment number 353','stripe_payment_intent_id number 353'),(354,1,'eur','test payment number 354','stripe_payment_intent_id number 354'),(355,1,'eur','test payment number 355','stripe_payment_intent_id number 355'),(356,1,'eur','test payment number 356','stripe_payment_intent_id number 356'),(357,1,'eur','test payment number 357','stripe_payment_intent_id number 357'),(358,1,'eur','test payment number 358','stripe_payment_intent_id number 358'),(359,1,'eur','test payment number 359','stripe_payment_intent_id number 359'),(360,1,'eur','test payment number 360','stripe_payment_intent_id number 360'),(361,1,'eur','test payment number 361','stripe_payment_intent_id number 361'),(362,1,'eur','test payment number 362','stripe_payment_intent_id number 362'),(363,1,'eur','test payment number 363','stripe_payment_intent_id number 363'),(364,1,'eur','test payment number 364','stripe_payment_intent_id number 364'),(365,1,'eur','test payment number 365','stripe_payment_intent_id number 365'),(366,1,'eur','test payment number 366','stripe_payment_intent_id number 366'),(367,1,'eur','test payment number 367','stripe_payment_intent_id number 367'),(368,1,'eur','test payment number 368','stripe_payment_intent_id number 368'),(369,1,'eur','test payment number 369','stripe_payment_intent_id number 369'),(370,1,'eur','test payment number 370','stripe_payment_intent_id number 370'),(371,1,'eur','test payment number 371','stripe_payment_intent_id number 371'),(372,1,'eur','test payment number 372','stripe_payment_intent_id number 372'),(373,1,'eur','test payment number 373','stripe_payment_intent_id number 373'),(374,1,'eur','test payment number 374','stripe_payment_intent_id number 374'),(375,1,'eur','test payment number 375','stripe_payment_intent_id number 375'),(376,1,'eur','test payment number 376','stripe_payment_intent_id number 376'),(377,1,'eur','test payment number 377','stripe_payment_intent_id number 377'),(378,1,'eur','test payment number 378','stripe_payment_intent_id number 378'),(379,1,'eur','test payment number 379','stripe_payment_intent_id number 379'),(380,1,'eur','test payment number 380','stripe_payment_intent_id number 380'),(381,1,'eur','test payment number 381','stripe_payment_intent_id number 381'),(382,1,'eur','test payment number 382','stripe_payment_intent_id number 382'),(383,1,'eur','test payment number 383','stripe_payment_intent_id number 383'),(384,1,'eur','test payment number 384','stripe_payment_intent_id number 384'),(385,1,'eur','test payment number 385','stripe_payment_intent_id number 385'),(386,1,'eur','test payment number 386','stripe_payment_intent_id number 386'),(387,1,'eur','test payment number 387','stripe_payment_intent_id number 387'),(388,1,'eur','test payment number 388','stripe_payment_intent_id number 388'),(389,1,'eur','test payment number 389','stripe_payment_intent_id number 389'),(390,1,'eur','test payment number 390','stripe_payment_intent_id number 390'),(391,1,'eur','test payment number 391','stripe_payment_intent_id number 391'),(392,1,'eur','test payment number 392','stripe_payment_intent_id number 392'),(393,1,'eur','test payment number 393','stripe_payment_intent_id number 393'),(394,1,'eur','test payment number 394','stripe_payment_intent_id number 394'),(395,1,'eur','test payment number 395','stripe_payment_intent_id number 395'),(396,1,'eur','test payment number 396','stripe_payment_intent_id number 396'),(397,1,'eur','test payment number 397','stripe_payment_intent_id number 397'),(398,1,'eur','test payment number 398','stripe_payment_intent_id number 398'),(399,1,'eur','test payment number 399','stripe_payment_intent_id number 399'),(400,1,'eur','test payment number 400','stripe_payment_intent_id number 400'),(401,1,'eur','test payment number 401','stripe_payment_intent_id number 401'),(402,1,'eur','test payment number 402','stripe_payment_intent_id number 402'),(403,1,'eur','test payment number 403','stripe_payment_intent_id number 403'),(404,1,'eur','test payment number 404','stripe_payment_intent_id number 404'),(405,1,'eur','test payment number 405','stripe_payment_intent_id number 405'),(406,1,'eur','test payment number 406','stripe_payment_intent_id number 406'),(407,1,'eur','test payment number 407','stripe_payment_intent_id number 407'),(408,1,'eur','test payment number 408','stripe_payment_intent_id number 408'),(409,1,'eur','test payment number 409','stripe_payment_intent_id number 409'),(410,1,'eur','test payment number 410','stripe_payment_intent_id number 410'),(411,1,'eur','test payment number 411','stripe_payment_intent_id number 411'),(412,1,'eur','test payment number 412','stripe_payment_intent_id number 412'),(413,1,'eur','test payment number 413','stripe_payment_intent_id number 413'),(414,1,'eur','test payment number 414','stripe_payment_intent_id number 414'),(415,1,'eur','test payment number 415','stripe_payment_intent_id number 415'),(416,1,'eur','test payment number 416','stripe_payment_intent_id number 416'),(417,1,'eur','test payment number 417','stripe_payment_intent_id number 417'),(418,1,'eur','test payment number 418','stripe_payment_intent_id number 418'),(419,1,'eur','test payment number 419','stripe_payment_intent_id number 419'),(420,1,'eur','test payment number 420','stripe_payment_intent_id number 420'),(421,1,'eur','test payment number 421','stripe_payment_intent_id number 421'),(422,1,'eur','test payment number 422','stripe_payment_intent_id number 422'),(423,1,'eur','test payment number 423','stripe_payment_intent_id number 423'),(424,1,'eur','test payment number 424','stripe_payment_intent_id number 424'),(425,1,'eur','test payment number 425','stripe_payment_intent_id number 425'),(426,1,'eur','test payment number 426','stripe_payment_intent_id number 426'),(427,1,'eur','test payment number 427','stripe_payment_intent_id number 427'),(428,1,'eur','test payment number 428','stripe_payment_intent_id number 428'),(429,1,'eur','test payment number 429','stripe_payment_intent_id number 429'),(430,1,'eur','test payment number 430','stripe_payment_intent_id number 430'),(431,1,'eur','test payment number 431','stripe_payment_intent_id number 431'),(432,1,'eur','test payment number 432','stripe_payment_intent_id number 432'),(433,1,'eur','test payment number 433','stripe_payment_intent_id number 433'),(434,1,'eur','test payment number 434','stripe_payment_intent_id number 434'),(435,1,'eur','test payment number 435','stripe_payment_intent_id number 435'),(436,1,'eur','test payment number 436','stripe_payment_intent_id number 436'),(437,1,'eur','test payment number 437','stripe_payment_intent_id number 437'),(438,1,'eur','test payment number 438','stripe_payment_intent_id number 438'),(439,1,'eur','test payment number 439','stripe_payment_intent_id number 439'),(440,1,'eur','test payment number 440','stripe_payment_intent_id number 440'),(441,1,'eur','test payment number 441','stripe_payment_intent_id number 441'),(442,1,'eur','test payment number 442','stripe_payment_intent_id number 442'),(443,1,'eur','test payment number 443','stripe_payment_intent_id number 443'),(444,1,'eur','test payment number 444','stripe_payment_intent_id number 444'),(445,1,'eur','test payment number 445','stripe_payment_intent_id number 445'),(446,1,'eur','test payment number 446','stripe_payment_intent_id number 446'),(447,1,'eur','test payment number 447','stripe_payment_intent_id number 447'),(448,1,'eur','test payment number 448','stripe_payment_intent_id number 448'),(449,1,'eur','test payment number 449','stripe_payment_intent_id number 449'),(450,1,'eur','test payment number 450','stripe_payment_intent_id number 450'),(451,1,'eur','test payment number 451','stripe_payment_intent_id number 451'),(452,1,'eur','test payment number 452','stripe_payment_intent_id number 452'),(453,1,'eur','test payment number 453','stripe_payment_intent_id number 453'),(454,1,'eur','test payment number 454','stripe_payment_intent_id number 454'),(455,1,'eur','test payment number 455','stripe_payment_intent_id number 455'),(456,1,'eur','test payment number 456','stripe_payment_intent_id number 456'),(457,1,'eur','test payment number 457','stripe_payment_intent_id number 457'),(458,1,'eur','test payment number 458','stripe_payment_intent_id number 458'),(459,1,'eur','test payment number 459','stripe_payment_intent_id number 459'),(460,1,'eur','test payment number 460','stripe_payment_intent_id number 460'),(461,1,'eur','test payment number 461','stripe_payment_intent_id number 461'),(462,1,'eur','test payment number 462','stripe_payment_intent_id number 462'),(463,1,'eur','test payment number 463','stripe_payment_intent_id number 463'),(464,1,'eur','test payment number 464','stripe_payment_intent_id number 464'),(465,1,'eur','test payment number 465','stripe_payment_intent_id number 465'),(466,1,'eur','test payment number 466','stripe_payment_intent_id number 466'),(467,1,'eur','test payment number 467','stripe_payment_intent_id number 467'),(468,1,'eur','test payment number 468','stripe_payment_intent_id number 468'),(469,1,'eur','test payment number 469','stripe_payment_intent_id number 469'),(470,1,'eur','test payment number 470','stripe_payment_intent_id number 470'),(471,1,'eur','test payment number 471','stripe_payment_intent_id number 471'),(472,1,'eur','test payment number 472','stripe_payment_intent_id number 472'),(473,1,'eur','test payment number 473','stripe_payment_intent_id number 473'),(474,1,'eur','test payment number 474','stripe_payment_intent_id number 474'),(475,1,'eur','test payment number 475','stripe_payment_intent_id number 475'),(476,1,'eur','test payment number 476','stripe_payment_intent_id number 476'),(477,1,'eur','test payment number 477','stripe_payment_intent_id number 477'),(478,1,'eur','test payment number 478','stripe_payment_intent_id number 478'),(479,1,'eur','test payment number 479','stripe_payment_intent_id number 479'),(480,1,'eur','test payment number 480','stripe_payment_intent_id number 480'),(481,1,'eur','test payment number 481','stripe_payment_intent_id number 481'),(482,1,'eur','test payment number 482','stripe_payment_intent_id number 482'),(483,1,'eur','test payment number 483','stripe_payment_intent_id number 483'),(484,1,'eur','test payment number 484','stripe_payment_intent_id number 484'),(485,1,'eur','test payment number 485','stripe_payment_intent_id number 485'),(486,1,'eur','test payment number 486','stripe_payment_intent_id number 486'),(487,1,'eur','test payment number 487','stripe_payment_intent_id number 487'),(488,1,'eur','test payment number 488','stripe_payment_intent_id number 488'),(489,1,'eur','test payment number 489','stripe_payment_intent_id number 489'),(490,1,'eur','test payment number 490','stripe_payment_intent_id number 490'),(491,1,'eur','test payment number 491','stripe_payment_intent_id number 491'),(492,1,'eur','test payment number 492','stripe_payment_intent_id number 492'),(493,1,'eur','test payment number 493','stripe_payment_intent_id number 493'),(494,1,'eur','test payment number 494','stripe_payment_intent_id number 494'),(495,1,'eur','test payment number 495','stripe_payment_intent_id number 495'),(496,1,'eur','test payment number 496','stripe_payment_intent_id number 496'),(497,1,'eur','test payment number 497','stripe_payment_intent_id number 497'),(498,1,'eur','test payment number 498','stripe_payment_intent_id number 498'),(499,1,'eur','test payment number 499','stripe_payment_intent_id number 499'),(500,1,'eur','test payment number 500','stripe_payment_intent_id number 500');

INSERT INTO pedido (id,date,payment_id,shipping_info_id,user_id) VALUES (1,'2020-02-14',1,1,34),(2,'2019-06-27',2,2,15),(3,'2020-01-25',3,3,42),(4,'2019-11-18',4,4,18),(5,'2020-02-29',5,5,63),(6,'2019-12-19',6,6,11),(7,'2020-04-10',7,7,26),(8,'2019-09-29',8,8,46),(9,'2019-07-02',9,9,43),(10,'2019-09-12',10,10,34),(11,'2019-08-29',11,11,25),(12,'2019-07-13',12,12,52),(13,'2019-11-26',13,13,32),(14,'2020-02-15',14,14,38),(15,'2020-03-24',15,15,24),(16,'2019-08-24',16,16,28),(17,'2020-05-25',17,17,17),(18,'2019-08-26',18,18,5),(19,'2020-02-07',19,19,21),(20,'2019-12-14',20,20,61),(21,'2020-03-29',21,21,48),(22,'2019-07-06',22,22,20),(23,'2020-05-15',23,23,31),(24,'2020-05-21',24,24,52),(25,'2019-06-05',25,25,38),(26,'2020-04-21',26,26,21),(27,'2020-01-18',27,27,57),(28,'2019-07-14',28,28,10),(29,'2019-12-19',29,29,5),(30,'2019-08-28',30,30,15),(31,'2019-06-07',31,31,13),(32,'2019-12-31',32,32,2),(33,'2020-04-13',33,33,10),(34,'2020-03-18',34,34,3),(35,'2019-07-27',35,35,37),(36,'2020-05-20',36,36,49),(37,'2019-12-22',37,37,24),(38,'2019-11-13',38,38,15),(39,'2020-03-29',39,39,17),(40,'2020-05-16',40,40,35),(41,'2020-05-23',41,41,29),(42,'2020-04-11',42,42,45),(43,'2020-04-23',43,43,48),(44,'2019-07-17',44,44,39),(45,'2020-05-13',45,45,35),(46,'2019-12-19',46,46,23),(47,'2020-03-23',47,47,49),(48,'2020-03-14',48,48,6),(49,'2020-05-20',49,49,17),(50,'2019-06-06',50,50,42),(51,'2020-01-31',51,51,24),(52,'2020-03-13',52,52,12),(53,'2019-12-10',53,53,34),(54,'2020-05-19',54,54,19),(55,'2019-09-30',55,55,40),(56,'2019-06-17',56,56,52),(57,'2019-07-24',57,57,17),(58,'2019-11-01',58,58,47),(59,'2019-08-16',59,59,56),(60,'2020-02-04',60,60,22),(61,'2019-06-27',61,61,32),(62,'2019-11-20',62,62,64),(63,'2019-08-18',63,63,8),(64,'2019-11-16',64,64,10),(65,'2019-11-09',65,65,28),(66,'2019-12-09',66,66,28),(67,'2020-05-09',67,67,35),(68,'2019-12-31',68,68,55),(69,'2019-09-25',69,69,9),(70,'2020-05-11',70,70,33),(71,'2020-05-31',71,71,55),(72,'2020-02-03',72,72,14),(73,'2019-11-04',73,73,5),(74,'2019-10-27',74,74,26),(75,'2019-07-21',75,75,28),(76,'2020-03-22',76,76,48),(77,'2020-02-28',77,77,56),(78,'2019-09-27',78,78,5),(79,'2020-02-21',79,79,26),(80,'2019-09-05',80,80,37),(81,'2019-09-05',81,81,8),(82,'2020-04-18',82,82,30),(83,'2020-05-03',83,83,8),(84,'2019-08-03',84,84,23),(85,'2020-03-23',85,85,33),(86,'2019-10-01',86,86,35),(87,'2020-04-07',87,87,54),(88,'2020-04-11',88,88,30),(89,'2019-11-20',89,89,23),(90,'2020-04-29',90,90,23),(91,'2019-06-25',91,91,47),(92,'2020-02-02',92,92,53),(93,'2020-02-12',93,93,23),(94,'2019-11-10',94,94,53),(95,'2019-09-21',95,95,39),(96,'2020-03-19',96,96,30),(97,'2019-09-06',97,97,18),(98,'2019-10-31',98,98,17),(99,'2020-05-25',99,99,33),(100,'2019-11-05',100,100,36),(101,'2019-08-31',101,101,55),(102,'2020-02-16',102,102,54),(103,'2019-07-18',103,103,59),(104,'2020-04-04',104,104,40),(105,'2019-07-19',105,105,18),(106,'2019-07-12',106,106,5),(107,'2019-10-17',107,107,25),(108,'2019-11-17',108,108,54),(109,'2019-10-05',109,109,26),(110,'2020-03-03',110,110,17),(111,'2019-06-08',111,111,9),(112,'2019-06-11',112,112,37),(113,'2019-10-20',113,113,52),(114,'2019-11-26',114,114,59),(115,'2019-11-14',115,115,20),(116,'2019-10-09',116,116,63),(117,'2019-10-28',117,117,44),(118,'2019-09-20',118,118,21),(119,'2020-05-20',119,119,51),(120,'2019-06-21',120,120,53),(121,'2019-07-27',121,121,16),(122,'2019-10-12',122,122,62),(123,'2019-12-24',123,123,37),(124,'2019-11-15',124,124,41),(125,'2019-09-10',125,125,37),(126,'2019-11-13',126,126,10),(127,'2019-12-26',127,127,33),(128,'2020-03-15',128,128,48),(129,'2020-01-13',129,129,21),(130,'2019-06-05',130,130,6),(131,'2020-05-09',131,131,55),(132,'2019-09-07',132,132,9),(133,'2020-05-14',133,133,53),(134,'2019-07-24',134,134,43),(135,'2020-02-10',135,135,12),(136,'2019-08-18',136,136,44),(137,'2019-07-28',137,137,62),(138,'2019-07-27',138,138,17),(139,'2019-08-13',139,139,15),(140,'2020-01-06',140,140,54),(141,'2020-04-14',141,141,17),(142,'2019-06-27',142,142,54),(143,'2019-06-13',143,143,40),(144,'2020-05-15',144,144,22),(145,'2019-07-29',145,145,53),(146,'2019-11-20',146,146,62),(147,'2019-12-12',147,147,60),(148,'2019-11-18',148,148,7),(149,'2020-01-14',149,149,35),(150,'2020-03-10',150,150,54),(151,'2019-07-22',151,151,32),(152,'2019-08-14',152,152,56),(153,'2019-10-12',153,153,28),(154,'2020-01-19',154,154,50),(155,'2020-02-07',155,155,4),(156,'2019-07-31',156,156,35),(157,'2019-12-08',157,157,32),(158,'2020-03-05',158,158,27),(159,'2020-05-10',159,159,15),(160,'2019-10-21',160,160,24),(161,'2019-10-07',161,161,15),(162,'2019-11-15',162,162,7),(163,'2019-07-20',163,163,46),(164,'2020-05-27',164,164,63),(165,'2020-05-22',165,165,39),(166,'2019-08-28',166,166,32),(167,'2019-12-14',167,167,19),(168,'2019-07-09',168,168,3),(169,'2020-05-13',169,169,11),(170,'2019-09-17',170,170,12),(171,'2019-09-21',171,171,48),(172,'2020-03-24',172,172,55),(173,'2020-03-30',173,173,58),(174,'2019-11-25',174,174,24),(175,'2020-01-19',175,175,53),(176,'2019-07-28',176,176,26),(177,'2020-01-16',177,177,45),(178,'2020-02-17',178,178,49),(179,'2019-07-02',179,179,28),(180,'2020-05-10',180,180,61),(181,'2019-12-01',181,181,48),(182,'2020-05-01',182,182,18),(183,'2020-05-08',183,183,24),(184,'2019-08-08',184,184,16),(185,'2019-08-26',185,185,42),(186,'2020-01-01',186,186,18),(187,'2020-05-01',187,187,26),(188,'2019-12-18',188,188,5),(189,'2020-01-26',189,189,24),(190,'2020-03-08',190,190,40),(191,'2019-07-08',191,191,57),(192,'2020-01-22',192,192,47),(193,'2020-05-09',193,193,33),(194,'2019-12-01',194,194,32),(195,'2019-12-09',195,195,31),(196,'2019-08-12',196,196,19),(197,'2020-03-14',197,197,22),(198,'2020-04-14',198,198,13),(199,'2019-11-02',199,199,60),(200,'2019-08-20',200,200,48),(201,'2019-07-31',201,201,56),(202,'2019-10-22',202,202,40),(203,'2019-10-06',203,203,46),(204,'2019-11-18',204,204,3),(205,'2019-11-06',205,205,58),(206,'2020-03-01',206,206,39),(207,'2020-03-23',207,207,46),(208,'2020-03-05',208,208,23),(209,'2019-09-30',209,209,46),(210,'2019-12-21',210,210,17),(211,'2019-11-25',211,211,57),(212,'2019-08-19',212,212,19),(213,'2020-01-05',213,213,30),(214,'2019-10-21',214,214,56),(215,'2020-05-25',215,215,55),(216,'2019-06-17',216,216,5),(217,'2019-12-18',217,217,23),(218,'2019-11-27',218,218,41),(219,'2020-01-09',219,219,49),(220,'2020-04-28',220,220,57),(221,'2019-09-11',221,221,40),(222,'2020-04-12',222,222,23),(223,'2019-06-17',223,223,17),(224,'2020-01-18',224,224,13),(225,'2020-03-06',225,225,58),(226,'2020-03-22',226,226,38),(227,'2019-11-08',227,227,56),(228,'2019-12-25',228,228,63),(229,'2019-07-11',229,229,51),(230,'2019-09-20',230,230,18),(231,'2019-06-07',231,231,32),(232,'2019-10-25',232,232,8),(233,'2019-12-28',233,233,5),(234,'2020-02-17',234,234,16),(235,'2019-12-15',235,235,33),(236,'2020-02-27',236,236,55),(237,'2020-04-27',237,237,23),(238,'2020-03-13',238,238,63),(239,'2020-03-05',239,239,3),(240,'2020-05-11',240,240,8),(241,'2019-09-26',241,241,3),(242,'2020-01-31',242,242,2),(243,'2020-05-17',243,243,15),(244,'2019-07-06',244,244,2),(245,'2019-09-23',245,245,44),(246,'2019-08-30',246,246,10),(247,'2019-12-28',247,247,57),(248,'2019-08-19',248,248,56),(249,'2019-10-16',249,249,2),(250,'2020-04-01',250,250,8),(251,'2019-10-15',251,251,14),(252,'2020-01-24',252,252,11),(253,'2020-06-01',253,253,51),(254,'2019-12-01',254,254,64),(255,'2019-11-01',255,255,20),(256,'2019-08-12',256,256,10),(257,'2020-02-11',257,257,10),(258,'2019-11-02',258,258,31),(259,'2020-02-09',259,259,64),(260,'2019-08-01',260,260,10),(261,'2019-07-28',261,261,40),(262,'2019-07-09',262,262,30),(263,'2020-04-29',263,263,14),(264,'2020-01-24',264,264,23),(265,'2019-10-12',265,265,52),(266,'2020-04-07',266,266,64),(267,'2019-06-21',267,267,43),(268,'2019-12-15',268,268,37),(269,'2019-10-01',269,269,54),(270,'2019-08-07',270,270,54),(271,'2019-11-21',271,271,10),(272,'2019-08-21',272,272,49),(273,'2019-12-18',273,273,55),(274,'2020-02-23',274,274,5),(275,'2019-07-30',275,275,24),(276,'2020-02-08',276,276,39),(277,'2019-08-03',277,277,51),(278,'2019-07-24',278,278,6),(279,'2020-01-22',279,279,17),(280,'2019-11-05',280,280,32),(281,'2019-09-17',281,281,55),(282,'2019-06-08',282,282,40),(283,'2019-06-12',283,283,9),(284,'2019-08-27',284,284,30),(285,'2019-11-03',285,285,15),(286,'2020-02-08',286,286,56),(287,'2019-06-12',287,287,15),(288,'2020-02-27',288,288,11),(289,'2019-09-08',289,289,5),(290,'2019-12-09',290,290,12),(291,'2019-11-13',291,291,57),(292,'2019-07-16',292,292,27),(293,'2020-04-16',293,293,56),(294,'2020-02-27',294,294,11),(295,'2019-12-29',295,295,49),(296,'2019-11-05',296,296,9),(297,'2019-12-29',297,297,39),(298,'2019-07-23',298,298,29),(299,'2020-01-09',299,299,3),(300,'2019-10-21',300,300,10),(301,'2020-01-08',301,301,28),(302,'2020-02-21',302,302,45),(303,'2020-05-28',303,303,5),(304,'2019-06-27',304,304,41),(305,'2020-05-12',305,305,57),(306,'2020-06-02',306,306,30),(307,'2020-01-17',307,307,50),(308,'2019-12-08',308,308,35),(309,'2019-12-31',309,309,15),(310,'2020-02-05',310,310,38),(311,'2019-08-07',311,311,5),(312,'2020-03-02',312,312,2),(313,'2019-10-20',313,313,34),(314,'2020-04-04',314,314,64),(315,'2020-03-16',315,315,60),(316,'2019-12-22',316,316,26),(317,'2019-07-16',317,317,20),(318,'2019-12-26',318,318,19),(319,'2020-04-22',319,319,24),(320,'2019-12-02',320,320,7),(321,'2020-04-09',321,321,7),(322,'2020-04-18',322,322,23),(323,'2019-06-23',323,323,29),(324,'2019-07-06',324,324,39),(325,'2020-03-16',325,325,18),(326,'2019-10-24',326,326,53),(327,'2020-01-02',327,327,15),(328,'2019-10-01',328,328,41),(329,'2019-07-12',329,329,24),(330,'2019-08-07',330,330,44),(331,'2020-02-05',331,331,48),(332,'2019-11-22',332,332,61),(333,'2020-02-07',333,333,63),(334,'2020-04-11',334,334,56),(335,'2020-05-28',335,335,48),(336,'2020-05-18',336,336,10),(337,'2019-11-02',337,337,55),(338,'2020-03-24',338,338,29),(339,'2019-06-09',339,339,11),(340,'2019-12-12',340,340,6),(341,'2019-12-08',341,341,6),(342,'2019-07-07',342,342,51),(343,'2020-04-19',343,343,28),(344,'2019-11-27',344,344,22),(345,'2019-07-01',345,345,54),(346,'2020-04-10',346,346,20),(347,'2020-02-23',347,347,30),(348,'2020-03-14',348,348,63),(349,'2019-10-05',349,349,53),(350,'2019-08-12',350,350,28),(351,'2020-02-10',351,351,37),(352,'2020-02-21',352,352,15),(353,'2020-04-17',353,353,32),(354,'2019-09-19',354,354,31),(355,'2020-01-13',355,355,14),(356,'2020-02-13',356,356,42),(357,'2019-06-26',357,357,25),(358,'2019-12-07',358,358,44),(359,'2019-09-19',359,359,53),(360,'2019-09-06',360,360,51),(361,'2020-04-26',361,361,54),(362,'2020-04-01',362,362,34),(363,'2019-07-15',363,363,30),(364,'2019-06-13',364,364,29),(365,'2019-12-05',365,365,61),(366,'2019-07-13',366,366,9),(367,'2019-10-14',367,367,14),(368,'2020-01-21',368,368,17),(369,'2020-02-14',369,369,58),(370,'2019-10-17',370,370,13),(371,'2019-12-22',371,371,23),(372,'2019-11-06',372,372,24),(373,'2019-08-13',373,373,48),(374,'2020-03-30',374,374,18),(375,'2019-10-30',375,375,39),(376,'2020-03-11',376,376,41),(377,'2020-05-25',377,377,33),(378,'2020-06-01',378,378,30),(379,'2019-08-02',379,379,3),(380,'2020-01-12',380,380,12),(381,'2019-07-23',381,381,19),(382,'2019-11-20',382,382,59),(383,'2020-03-11',383,383,5),(384,'2020-02-20',384,384,13),(385,'2020-02-15',385,385,60),(386,'2020-02-05',386,386,56),(387,'2020-01-25',387,387,42),(388,'2019-08-24',388,388,59),(389,'2019-11-07',389,389,39),(390,'2020-03-06',390,390,54),(391,'2019-08-03',391,391,64),(392,'2020-01-10',392,392,21),(393,'2019-11-14',393,393,28),(394,'2019-09-14',394,394,19),(395,'2020-01-21',395,395,15),(396,'2019-08-03',396,396,47),(397,'2019-06-18',397,397,28),(398,'2020-06-02',398,398,12),(399,'2020-04-05',399,399,63),(400,'2019-12-01',400,400,56),(401,'2019-06-24',401,401,59),(402,'2020-05-19',402,402,47),(403,'2019-08-21',403,403,57),(404,'2019-11-04',404,404,38),(405,'2019-10-22',405,405,51),(406,'2019-08-19',406,406,32),(407,'2019-11-01',407,407,15),(408,'2020-04-05',408,408,63),(409,'2019-10-27',409,409,4),(410,'2020-04-20',410,410,56),(411,'2020-05-14',411,411,6),(412,'2020-04-26',412,412,63),(413,'2019-08-25',413,413,5),(414,'2020-03-10',414,414,55),(415,'2019-12-08',415,415,2),(416,'2019-06-08',416,416,55),(417,'2020-03-03',417,417,16),(418,'2019-07-29',418,418,27),(419,'2019-07-28',419,419,52),(420,'2019-11-13',420,420,35),(421,'2020-02-24',421,421,61),(422,'2019-07-05',422,422,45),(423,'2019-09-30',423,423,56),(424,'2019-08-10',424,424,57),(425,'2020-01-05',425,425,56),(426,'2020-01-15',426,426,29),(427,'2019-10-01',427,427,21),(428,'2019-11-25',428,428,48),(429,'2019-08-14',429,429,12),(430,'2020-04-08',430,430,36),(431,'2019-11-26',431,431,28),(432,'2019-10-20',432,432,34),(433,'2020-01-09',433,433,37),(434,'2019-07-27',434,434,30),(435,'2019-08-17',435,435,33),(436,'2019-10-09',436,436,45),(437,'2019-07-04',437,437,2),(438,'2020-01-06',438,438,48),(439,'2020-02-11',439,439,26),(440,'2019-08-04',440,440,43),(441,'2020-02-05',441,441,16),(442,'2020-05-10',442,442,57),(443,'2020-04-01',443,443,23),(444,'2020-01-26',444,444,4),(445,'2019-12-22',445,445,29),(446,'2020-03-01',446,446,60),(447,'2020-01-18',447,447,9),(448,'2019-06-10',448,448,25),(449,'2019-09-10',449,449,62),(450,'2019-12-06',450,450,30),(451,'2019-11-14',451,451,23),(452,'2020-04-19',452,452,52),(453,'2019-11-21',453,453,45),(454,'2020-03-29',454,454,6),(455,'2020-05-18',455,455,8),(456,'2019-06-26',456,456,22),(457,'2020-04-07',457,457,59),(458,'2019-07-25',458,458,53),(459,'2019-10-03',459,459,44),(460,'2020-01-26',460,460,30),(461,'2019-08-16',461,461,38),(462,'2020-04-21',462,462,38),(463,'2020-03-19',463,463,43),(464,'2019-08-19',464,464,19),(465,'2020-02-24',465,465,17),(466,'2020-03-04',466,466,41),(467,'2020-05-12',467,467,13),(468,'2019-11-21',468,468,49),(469,'2019-11-23',469,469,33),(470,'2019-10-08',470,470,52),(471,'2020-05-17',471,471,22),(472,'2020-05-25',472,472,14),(473,'2020-02-06',473,473,64),(474,'2020-02-28',474,474,6),(475,'2019-07-26',475,475,10),(476,'2020-01-30',476,476,11),(477,'2020-02-25',477,477,57),(478,'2019-12-31',478,478,42),(479,'2019-11-11',479,479,25),(480,'2020-03-07',480,480,39),(481,'2019-12-13',481,481,63),(482,'2019-08-30',482,482,14),(483,'2019-07-29',483,483,53),(484,'2020-02-20',484,484,5),(485,'2019-09-11',485,485,11),(486,'2019-06-18',486,486,59),(487,'2019-10-21',487,487,60),(488,'2020-01-07',488,488,40),(489,'2019-09-18',489,489,62),(490,'2019-08-24',490,490,5),(491,'2020-01-09',491,491,4),(492,'2019-07-13',492,492,13),(493,'2019-12-09',493,493,23),(494,'2019-08-10',494,494,51),(495,'2020-05-16',495,495,22),(496,'2019-06-18',496,496,21),(497,'2019-11-10',497,497,19),(498,'2019-11-06',498,498,39),(499,'2019-09-26',499,499,61),(500,'2019-10-19',500,500,21);

INSERT INTO item (id,quantity,book_id) VALUES (201,2,781),(202,4,345),(203,3,728),(204,3,618),(205,1,56),(206,2,760),(207,3,816),(208,3,136),(209,2,359),(210,3,36),(211,2,158),(212,3,40),(213,4,327),(214,1,882),(215,3,566),(216,2,630),(217,3,898),(218,1,380),(219,2,885),(220,1,131),(221,2,652),(222,2,835),(223,1,97),(224,2,84),(225,2,481),(226,1,676),(227,1,403),(228,4,463),(229,3,78),(230,4,660),(231,3,714),(232,3,918),(233,2,517),(234,3,990),(235,3,299),(236,2,622),(237,2,933),(238,3,988),(239,4,280),(240,1,488),(241,3,996),(242,3,15),(243,3,276),(244,4,573),(245,2,144),(246,1,57),(247,3,487),(248,3,830),(249,1,977),(250,4,959),(251,2,950),(252,4,910),(253,2,83),(254,3,829),(255,4,608),(256,2,265),(257,4,861),(258,3,24),(259,2,717),(260,2,931),(261,3,819),(262,3,586),(263,3,84),(264,3,868),(265,2,193),(266,2,910),(267,4,455),(268,3,919),(269,2,281),(270,3,115),(271,3,188),(272,3,502),(273,4,634),(274,2,598),(275,2,679),(276,3,815),(277,1,528),(278,4,166),(279,3,12),(280,2,141),(281,4,8),(282,1,292),(283,3,428),(284,2,796),(285,2,84),(286,4,969),(287,3,840),(288,3,496),(289,3,885),(290,4,269),(291,1,476),(292,2,436),(293,3,8),(294,3,867),(295,3,862),(296,1,658),(297,3,738),(298,2,653),(299,4,394),(300,1,627),(301,3,972),(302,2,25),(303,2,992),(304,4,293),(305,2,142),(306,1,487),(307,4,461),(308,4,978),(309,2,887),(310,1,15),(311,4,795),(312,3,227),(313,2,635),(314,3,601),(315,3,319),(316,2,276),(317,1,939),(318,4,288),(319,1,862),(320,2,310),(321,3,121),(322,2,212),(323,2,895),(324,2,927),(325,2,584),(326,4,428),(327,1,694),(328,1,267),(329,3,58),(330,2,532),(331,3,339),(332,3,893),(333,2,917),(334,3,421),(335,2,848),(336,1,535),(337,4,251),(338,2,859),(339,2,474),(340,4,308),(341,3,541),(342,2,506),(343,3,521),(344,2,600),(345,2,396),(346,4,653),(347,3,804),(348,1,319),(349,1,351),(350,4,697),(351,2,312),(352,4,780),(353,2,54),(354,3,180),(355,2,392),(356,4,113),(357,1,584),(358,3,178),(359,3,99),(360,2,66),(361,2,437),(362,2,459),(363,3,165),(364,4,585),(365,2,493),(366,1,712),(367,3,501),(368,1,356),(369,2,300),(370,2,127),(371,3,85),(372,3,281),(373,3,703),(374,2,913),(375,2,346),(376,3,87),(377,4,447),(378,3,331),(379,3,661),(380,4,561),(381,4,958),(382,1,408),(383,2,167),(384,1,975),(385,4,46),(386,4,254),(387,2,556),(388,3,923),(389,2,194),(390,2,491),(391,2,8),(392,2,2),(393,4,474),(394,3,666),(395,2,137),(396,1,68),(397,4,213),(398,2,763),(399,2,540),(400,3,591),(401,4,393),(402,1,634),(403,2,843),(404,3,916),(405,2,426),(406,3,46),(407,3,340),(408,3,795),(409,3,966),(410,2,770),(411,2,741),(412,2,805),(413,2,423),(414,3,824),(415,1,110),(416,3,591),(417,2,70),(418,3,258),(419,2,306),(420,1,118),(421,3,366),(422,4,552),(423,3,876),(424,4,915),(425,3,601),(426,2,262),(427,2,670),(428,3,683),(429,2,398),(430,3,785),(431,2,716),(432,2,617),(433,2,903),(434,4,55),(435,1,928),(436,2,497),(437,3,5),(438,4,599),(439,3,877),(440,4,734),(441,4,629),(442,4,760),(443,2,675),(444,4,686),(445,1,155),(446,3,90),(447,3,123),(448,2,421),(449,3,484),(450,2,721),(451,1,599),(452,4,177),(453,3,191),(454,3,885),(455,1,639),(456,1,375),(457,2,3),(458,3,777),(459,2,942),(460,2,300),(461,4,690),(462,2,12),(463,2,703),(464,3,554),(465,1,238),(466,3,891),(467,2,517),(468,2,610),(469,2,17),(470,2,449),(471,3,814),(472,4,643),(473,3,487),(474,4,607),(475,1,749),(476,2,120),(477,2,593),(478,4,600),(479,2,725),(480,3,808),(481,2,278),(482,4,389),(483,1,347),(484,2,551),(485,3,534),(486,3,158),(487,2,900),(488,1,255),(489,3,844),(490,2,877),(491,4,841),(492,4,267),(493,3,754),(494,2,274),(495,2,479),(496,3,563),(497,2,598),(498,2,885),(499,2,927),(500,3,549),(501,2,97),(502,3,520),(503,2,577),(504,3,79),(505,1,666),(506,1,811),(507,1,392),(508,2,114),(509,4,864),(510,3,471),(511,4,426),(512,1,286),(513,3,792),(514,2,423),(515,4,874),(516,2,107),(517,2,969),(518,2,876),(519,3,690),(520,2,970),(521,2,134),(522,4,70),(523,4,236),(524,2,369),(525,2,938),(526,3,134),(527,2,209),(528,4,203),(529,2,118),(530,3,993),(531,2,478),(532,1,822),(533,1,199),(534,2,158),(535,3,914),(536,3,955),(537,2,533),(538,1,120),(539,4,705),(540,4,963),(541,3,537),(542,3,285),(543,2,522),(544,2,162),(545,2,305),(546,4,177),(547,1,883),(548,3,459),(549,3,137),(550,3,464),(551,3,651),(552,3,357),(553,2,525),(554,4,855),(555,2,989),(556,2,910),(557,3,816),(558,1,645),(559,2,105),(560,2,23),(561,3,431),(562,1,320),(563,4,704),(564,1,403),(565,4,121),(566,3,228),(567,2,247),(568,2,304),(569,3,454),(570,2,667),(571,2,447),(572,2,802),(573,3,72),(574,2,839),(575,2,288),(576,1,23),(577,3,851),(578,3,320),(579,3,832),(580,1,176),(581,2,841),(582,1,60),(583,3,991),(584,4,710),(585,4,390),(586,4,483),(587,3,277),(588,1,116),(589,2,470),(590,3,607),(591,4,477),(592,3,445),(593,3,631),(594,2,699),(595,3,878),(596,2,850),(597,4,828),(598,2,523),(599,3,89),(600,3,966),(601,4,899),(602,4,349),(603,3,83),(604,1,30),(605,4,399),(606,1,828),(607,1,567),(608,1,985),(609,2,99),(610,4,681),(611,4,585),(612,3,999),(613,4,894),(614,3,680),(615,1,987),(616,1,46),(617,4,266),(618,2,26),(619,2,615),(620,2,374),(621,2,905),(622,2,93),(623,2,240),(624,2,225),(625,4,363),(626,2,589),(627,1,756),(628,3,343),(629,4,182),(630,4,373),(631,4,378),(632,4,335),(633,1,176),(634,3,778),(635,2,32),(636,4,517),(637,2,671),(638,4,324),(639,3,552),(640,1,981),(641,2,942),(642,3,956),(643,2,601),(644,1,877),(645,4,756),(646,3,35),(647,3,210),(648,3,86),(649,4,893),(650,2,388),(651,4,30),(652,3,130),(653,4,663),(654,2,333),(655,3,137),(656,4,909),(657,3,861),(658,4,512),(659,4,52),(660,2,4),(661,3,644),(662,2,818),(663,2,539),(664,2,773),(665,3,964),(666,4,799),(667,3,43),(668,2,964),(669,1,779),(670,3,595),(671,1,928),(672,2,327),(673,4,990),(674,2,911),(675,3,109),(676,4,863),(677,3,769),(678,3,75),(679,1,782),(680,1,127),(681,3,439),(682,4,174),(683,3,592),(684,4,648),(685,2,506),(686,1,570),(687,3,543),(688,3,312),(689,2,767),(690,2,320),(691,3,924),(692,4,861),(693,3,476),(694,2,747),(695,1,438),(696,1,128),(697,3,777),(698,4,596),(699,3,113),(700,2,61),(701,3,812),(702,3,121),(703,3,585),(704,3,200),(705,3,473),(706,2,80),(707,3,66),(708,4,349),(709,2,496),(710,1,496),(711,4,335),(712,2,616),(713,3,108),(714,2,273),(715,3,641),(716,3,320),(717,2,927),(718,2,399),(719,3,877),(720,2,421),(721,3,639),(722,2,755),(723,3,321),(724,2,483),(725,3,545),(726,2,33),(727,1,735),(728,2,799),(729,2,463),(730,2,432),(731,1,300),(732,2,264),(733,1,602),(734,3,278),(735,2,335),(736,2,308),(737,3,348),(738,4,16),(739,2,963),(740,2,50),(741,3,92),(742,2,277),(743,3,173),(744,2,161),(745,2,158),(746,3,89),(747,1,377),(748,3,966),(749,2,964),(750,1,780),(751,4,389),(752,3,266),(753,3,863),(754,2,472),(755,2,682),(756,3,435),(757,1,212),(758,3,441),(759,2,863),(760,2,367),(761,3,162),(762,3,736),(763,3,83),(764,3,711),(765,3,833),(766,3,512),(767,2,639),(768,4,157),(769,2,603),(770,3,418),(771,2,705),(772,3,868),(773,2,261),(774,3,591),(775,3,874),(776,4,982),(777,3,176),(778,3,879),(779,2,161),(780,3,578),(781,4,969),(782,4,202),(783,2,29),(784,3,995),(785,2,893),(786,2,167),(787,2,754),(788,1,625),(789,3,327),(790,3,473),(791,3,794),(792,2,776),(793,4,654),(794,3,709),(795,3,153),(796,3,278),(797,3,187),(798,2,905),(799,1,71),(800,3,43),(801,1,654),(802,3,573),(803,2,62),(804,2,766),(805,2,522),(806,1,963),(807,2,265),(808,2,906),(809,3,630),(810,3,916),(811,3,361),(812,2,387),(813,2,256),(814,4,653),(815,2,904),(816,3,554),(817,1,566),(818,1,561),(819,2,769),(820,2,715),(821,4,66),(822,3,199),(823,3,507),(824,4,43),(825,4,310),(826,2,309),(827,2,420),(828,1,380),(829,3,88),(830,1,461),(831,2,39),(832,4,691),(833,4,488),(834,4,769),(835,2,944),(836,1,731),(837,3,764),(838,1,6),(839,3,748),(840,3,478),(841,4,687),(842,3,855),(843,2,721),(844,1,153),(845,2,122),(846,1,465),(847,2,110),(848,3,8),(849,4,322),(850,2,283),(851,3,159),(852,4,36),(853,3,156),(854,2,527),(855,3,62),(856,2,327),(857,1,791),(858,1,340),(859,3,638),(860,3,982),(861,1,801),(862,1,310),(863,4,155),(864,2,454),(865,4,405),(866,4,670),(867,2,714),(868,2,571),(869,2,58),(870,2,342),(871,2,13),(872,2,111),(873,2,861),(874,2,887),(875,3,827),(876,2,180),(877,3,779),(878,3,135),(879,2,904),(880,4,965),(881,2,651),(882,2,239),(883,4,26),(884,3,32),(885,4,220),(886,3,177),(887,2,935),(888,2,452),(889,1,569),(890,3,818),(891,2,458),(892,4,934),(893,3,601),(894,3,703),(895,1,274),(896,3,23),(897,1,26),(898,2,541),(899,2,591),(900,2,302),(901,4,204),(902,3,494),(903,2,753),(904,3,503),(905,2,424),(906,3,445),(907,1,445),(908,1,682),(909,1,391),(910,1,436),(911,3,68),(912,4,5),(913,4,184),(914,2,367),(915,3,554),(916,1,208),(917,3,807),(918,3,881),(919,4,548),(920,2,137),(921,3,840),(922,1,459),(923,1,37),(924,4,508),(925,2,931),(926,3,301),(927,3,812),(928,3,246),(929,2,547),(930,1,412),(931,3,251),(932,4,844),(933,2,310),(934,2,67),(935,4,770),(936,3,470),(937,1,357),(938,1,24),(939,3,721),(940,4,601),(941,2,446),(942,2,686),(943,3,943),(944,4,5),(945,1,319),(946,3,172),(947,2,216),(948,2,907),(949,3,665),(950,4,362),(951,3,510),(952,3,316),(953,2,849),(954,1,814),(955,1,348),(956,4,954),(957,3,989),(958,1,729),(959,2,493),(960,2,513),(961,2,224),(962,2,970),(963,1,967),(964,1,585),(965,4,474),(966,2,199),(967,2,501),(968,3,603),(969,1,810),(970,2,436),(971,3,472),(972,1,74),(973,2,163),(974,4,266),(975,3,440),(976,4,702),(977,2,655),(978,2,1000),(979,1,765),(980,1,493),(981,3,874),(982,2,215),(983,3,744),(984,2,183),(985,3,848),(986,3,860),(987,2,724),(988,1,812),(989,4,430),(990,4,53),(991,2,448),(992,2,885),(993,3,950),(994,4,501),(995,2,510),(996,3,480),(997,2,505),(998,4,660),(999,1,779),(1000,3,222),(1001,2,948),(1002,2,243),(1003,3,839),(1004,2,89),(1005,2,391),(1006,1,160),(1007,1,632),(1008,3,485),(1009,4,340),(1010,2,37),(1011,2,801),(1012,3,450),(1013,4,577),(1014,4,384),(1015,2,756),(1016,2,765),(1017,3,53),(1018,1,722),(1019,3,868),(1020,4,121),(1021,2,408),(1022,3,5),(1023,2,948),(1024,2,322),(1025,1,103),(1026,2,807),(1027,2,419),(1028,2,68),(1029,4,756),(1030,3,289),(1031,3,500),(1032,2,697),(1033,2,57),(1034,3,621),(1035,4,125),(1036,1,105),(1037,3,751),(1038,3,977),(1039,2,253),(1040,1,769),(1041,3,929),(1042,2,271),(1043,3,109),(1044,2,199),(1045,1,959),(1046,3,535),(1047,2,328),(1048,2,110),(1049,4,679),(1050,3,381),(1051,3,107),(1052,1,948),(1053,4,233),(1054,3,939),(1055,3,827),(1056,3,903),(1057,2,264),(1058,3,873),(1059,3,102),(1060,2,989),(1061,1,234),(1062,2,425),(1063,2,61),(1064,2,122),(1065,2,967),(1066,2,737),(1067,4,344),(1068,3,37),(1069,3,403),(1070,4,737),(1071,2,665),(1072,4,62),(1073,2,958),(1074,2,635),(1075,1,293),(1076,2,995),(1077,1,707),(1078,1,80),(1079,3,420),(1080,2,716),(1081,1,516),(1082,2,731),(1083,4,798),(1084,2,782),(1085,3,42),(1086,1,911),(1087,3,728),(1088,2,100),(1089,2,165),(1090,3,170),(1091,2,729),(1092,1,556),(1093,2,34),(1094,2,696),(1095,3,731),(1096,3,511),(1097,3,538),(1098,1,85),(1099,1,298),(1100,1,217),(1101,2,129),(1102,3,561),(1103,2,969),(1104,2,96),(1105,3,913),(1106,3,821),(1107,1,927),(1108,4,689),(1109,3,777),(1110,3,431),(1111,4,769),(1112,2,991),(1113,3,997),(1114,2,402),(1115,2,849),(1116,2,26),(1117,4,525),(1118,4,540),(1119,3,70),(1120,4,869),(1121,4,98),(1122,2,786),(1123,1,475),(1124,3,458),(1125,3,437),(1126,1,288),(1127,2,897),(1128,3,556),(1129,4,328),(1130,3,62),(1131,3,755),(1132,2,160),(1133,4,612),(1134,1,863),(1135,2,803),(1136,4,93),(1137,4,782),(1138,2,560),(1139,1,321),(1140,3,78),(1141,3,721),(1142,1,182),(1143,1,746),(1144,3,76),(1145,3,795),(1146,2,526),(1147,4,309),(1148,2,512);

INSERT INTO pedido_items (order_id,items_id) VALUES (1,201),(1,202),(1,203),(2,204),(3,205),(3,206),(3,207),(4,208),(4,209),(5,210),(6,211),(6,212),(7,213),(8,214),(9,215),(9,216),(9,217),(10,218),(11,219),(11,220),(12,221),(12,222),(13,223),(14,224),(14,225),(14,226),(15,227),(15,228),(16,229),(16,230),(17,231),(18,232),(18,233),(19,234),(20,235),(20,236),(21,237),(21,238),(22,239),(22,240),(23,241),(23,242),(24,243),(24,244),(25,245),(25,246),(26,247),(26,248),(27,249),(27,250),(28,251),(29,252),(29,253),(30,254),(30,255),(31,256),(31,257),(31,258),(32,259),(32,260),(32,261),(33,262),(33,263),(33,264),(34,265),(35,266),(35,267),(36,268),(36,269),(37,270),(37,271),(38,272),(38,273),(39,274),(39,275),(39,276),(40,277),(40,278),(40,279),(41,280),(41,281),(42,282),(42,283),(43,284),(43,285),(44,286),(45,287),(46,288),(47,289),(48,290),(49,291),(49,292),(49,293),(50,294),(51,295),(51,296),(51,297),(52,298),(52,299),(52,300),(53,301),(54,302),(55,303),(55,304),(56,305),(56,306),(56,307),(57,308),(57,309),(58,310),(58,311),(59,312),(60,313),(60,314),(61,315),(61,316),(62,317),(62,318),(63,319),(64,320),(64,321),(64,322),(65,323),(65,324),(66,325),(66,326),(67,327),(67,328),(68,329),(68,330),(68,331),(69,332),(70,333),(70,334),(71,335),(71,336),(72,337),(72,338),(73,339),(73,340),(74,341),(75,342),(75,343),(76,344),(77,345),(77,346),(78,347),(78,348),(79,349),(80,350),(80,351),(81,352),(81,353),(82,354),(82,355),(83,356),(83,357),(84,358),(85,359),(85,360),(86,361),(86,362),(87,363),(87,364),(87,365),(88,366),(89,367),(89,368),(90,369),(90,370),(91,371),(92,372),(93,373),(93,374),(94,375),(94,376),(95,377),(96,378),(97,379),(98,380),(98,381),(99,382),(99,383),(99,384),(100,385),(100,386),(101,387),(101,388),(102,389),(102,390),(103,391),(104,392),(104,393),(105,394),(105,395),(106,396),(107,397),(107,398),(108,399),(108,400),(108,401),(109,402),(110,403),(111,404),(111,405),(112,406),(112,407),(113,408),(114,409),(114,410),(115,411),(115,412),(116,413),(116,414),(117,415),(117,416),(118,417),(119,418),(119,419),(120,420),(120,421),(121,422),(121,423),(122,424),(123,425),(123,426),(123,427),(124,428),(124,429),(125,430),(125,431),(125,432),(126,433),(127,434),(127,435),(128,436),(129,437),(129,438),(130,439),(131,440),(131,441),(132,442),(132,443),(133,444),(133,445),(134,446),(134,447),(135,448),(135,449),(135,450),(136,451),(137,452),(137,453),(138,454),(139,455),(139,456),(140,457),(140,458),(141,459),(141,460),(142,461),(143,462),(144,463),(144,464),(145,465),(145,466),(146,467),(146,468),(147,469),(147,470),(148,471),(149,472),(149,473),(150,474),(150,475),(150,476),(151,477),(152,478),(153,479),(154,480),(155,481),(155,482),(156,483),(156,484),(157,485),(157,486),(158,487),(158,488),(159,489),(159,490),(160,491),(160,492),(161,493),(161,494),(162,495),(163,496),(163,497),(163,498),(164,499),(164,500),(165,501),(166,502),(166,503),(166,504),(167,505),(168,506),(168,507),(169,508),(169,509),(170,510),(170,511),(170,512),(171,513),(172,514),(172,515),(173,516),(173,517),(174,518),(174,519),(175,520),(175,521),(175,522),(176,523),(176,524),(176,525),(177,526),(177,527),(178,528),(179,529),(179,530),(180,531),(180,532),(181,533),(181,534),(182,535),(183,536),(183,537),(183,538),(184,539),(184,540),(185,541),(185,542),(186,543),(186,544),(187,545),(187,546),(188,547),(188,548),(188,549),(189,550),(189,551),(190,552),(190,553),(190,554),(191,555),(191,556),(192,557),(193,558),(193,559),(194,560),(194,561),(195,562),(196,563),(197,564),(197,565),(198,566),(198,567),(199,568),(199,569),(200,570),(200,571),(200,572),(201,573),(201,574),(202,575),(202,576),(203,577),(203,578),(203,579),(204,580),(204,581),(204,582),(205,583),(205,584),(206,585),(206,586),(207,587),(208,588),(208,589),(209,590),(209,591),(210,592),(210,593),(211,594),(211,595),(212,596),(212,597),(212,598),(213,599),(213,600),(214,601),(214,602),(215,603),(216,604),(216,605),(217,606),(218,607),(219,608),(219,609),(220,610),(220,611),(220,612),(221,613),(221,614),(222,615),(222,616),(223,617),(223,618),(224,619),(224,620),(225,621),(225,622),(226,623),(226,624),(227,625),(228,626),(229,627),(229,628),(229,629),(230,630),(230,631),(230,632),(231,633),(231,634),(232,635),(232,636),(233,637),(233,638),(233,639),(234,640),(235,641),(236,642),(236,643),(237,644),(237,645),(238,646),(238,647),(239,648),(239,649),(240,650),(241,651),(242,652),(242,653),(243,654),(243,655),(244,656),(244,657),(245,658),(245,659),(246,660),(246,661),(247,662),(247,663),(248,664),(248,665),(249,666),(249,667),(250,668),(250,669),(251,670),(251,671),(251,672),(252,673),(252,674),(252,675),(253,676),(253,677),(254,678),(254,679),(255,680),(256,681),(256,682),(256,683),(257,684),(257,685),(257,686),(258,687),(258,688),(258,689),(259,690),(259,691),(259,692),(260,693),(261,694),(261,695),(261,696),(262,697),(262,698),(263,699),(263,700),(263,701),(264,702),(264,703),(265,704),(265,705),(266,706),(266,707),(267,708),(267,709),(268,710),(268,711),(269,712),(270,713),(270,714),(271,715),(272,716),(272,717),(272,718),(273,719),(273,720),(274,721),(274,722),(275,723),(276,724),(276,725),(277,726),(277,727),(278,728),(279,729),(279,730),(280,731),(280,732),(280,733),(281,734),(281,735),(282,736),(282,737),(283,738),(283,739),(284,740),(284,741),(284,742),(285,743),(285,744),(286,745),(287,746),(287,747),(288,748),(289,749),(290,750),(291,751),(292,752),(292,753),(292,754),(293,755),(293,756),(294,757),(294,758),(295,759),(296,760),(296,761),(297,762),(297,763),(298,764),(299,765),(299,766),(300,767),(300,768),(301,769),(301,770),(301,771),(302,772),(302,773),(302,774),(303,775),(303,776),(304,777),(305,778),(306,779),(306,780),(307,781),(307,782),(308,783),(308,784),(309,785),(309,786),(310,787),(310,788),(310,789),(311,790),(311,791),(312,792),(313,793),(313,794),(314,795),(315,796),(315,797),(316,798),(316,799),(317,800),(317,801),(318,802),(318,803),(319,804),(319,805),(320,806),(320,807),(321,808),(321,809),(322,810),(323,811),(323,812),(323,813),(324,814),(324,815),(325,816),(325,817),(326,818),(326,819),(327,820),(327,821),(328,822),(328,823),(329,824),(329,825),(330,826),(330,827),(331,828),(331,829),(332,830),(332,831),(333,832),(333,833),(333,834),(334,835),(334,836),(335,837),(335,838),(335,839),(336,840),(337,841),(337,842),(338,843),(338,844),(338,845),(339,846),(340,847),(340,848),(340,849),(341,850),(342,851),(342,852),(342,853),(343,854),(344,855),(344,856),(344,857),(345,858),(346,859),(346,860),(347,861),(347,862),(348,863),(348,864),(349,865),(350,866),(350,867),(351,868),(351,869),(351,870),(352,871),(352,872),(353,873),(353,874),(354,875),(354,876),(354,877),(355,878),(356,879),(356,880),(356,881),(357,882),(358,883),(359,884),(359,885),(360,886),(360,887),(361,888),(361,889),(362,890),(362,891),(363,892),(364,893),(365,894),(365,895),(365,896),(366,897),(366,898),(367,899),(367,900),(368,901),(368,902),(369,903),(370,904),(370,905),(371,906),(371,907),(371,908),(372,909),(372,910),(373,911),(374,912),(375,913),(375,914),(376,915),(376,916),(377,917),(377,918),(377,919),(378,920),(378,921),(378,922),(379,923),(379,924),(380,925),(380,926),(380,927),(381,928),(381,929),(382,930),(382,931),(382,932),(383,933),(383,934),(384,935),(385,936),(385,937),(386,938),(386,939),(387,940),(387,941),(388,942),(388,943),(388,944),(389,945),(390,946),(390,947),(390,948),(391,949),(392,950),(392,951),(393,952),(393,953),(393,954),(394,955),(394,956),(395,957),(395,958),(396,959),(396,960),(397,961),(397,962),(398,963),(398,964),(399,965),(399,966),(399,967),(400,968),(401,969),(402,970),(403,971),(403,972),(404,973),(404,974),(405,975),(405,976),(406,977),(406,978),(407,979),(407,980),(407,981),(408,982),(408,983),(409,984),(409,985),(410,986),(410,987),(411,988),(412,989),(412,990),(413,991),(414,992),(414,993),(415,994),(415,995),(415,996),(416,997),(416,998),(417,999),(417,1000),(418,1001),(418,1002),(419,1003),(420,1004),(421,1005),(421,1006),(422,1007),(422,1008),(422,1009),(423,1010),(423,1011),(423,1012),(424,1013),(424,1014),(425,1015),(425,1016),(426,1017),(426,1018),(427,1019),(428,1020),(428,1021),(429,1022),(429,1023),(430,1024),(431,1025),(431,1026),(431,1027),(432,1028),(433,1029),(433,1030),(434,1031),(434,1032),(435,1033),(436,1034),(437,1035),(437,1036),(438,1037),(438,1038),(439,1039),(439,1040),(440,1041),(440,1042),(440,1043),(441,1044),(442,1045),(442,1046),(443,1047),(444,1048),(444,1049),(445,1050),(445,1051),(446,1052),(446,1053),(447,1054),(447,1055),(448,1056),(449,1057),(449,1058),(450,1059),(451,1060),(451,1061),(452,1062),(453,1063),(453,1064),(454,1065),(454,1066),(454,1067),(455,1068),(455,1069),(455,1070),(456,1071),(456,1072),(457,1073),(458,1074),(458,1075),(459,1076),(459,1077),(460,1078),(460,1079),(461,1080),(462,1081),(462,1082),(463,1083),(463,1084),(464,1085),(465,1086),(465,1087),(466,1088),(467,1089),(467,1090),(468,1091),(468,1092),(468,1093),(469,1094),(469,1095),(470,1096),(470,1097),(471,1098),(471,1099),(471,1100),(472,1101),(473,1102),(473,1103),(474,1104),(474,1105),(474,1106),(475,1107),(476,1108),(477,1109),(478,1110),(478,1111),(479,1112),(479,1113),(480,1114),(481,1115),(481,1116),(482,1117),(482,1118),(483,1119),(484,1120),(485,1121),(485,1122),(486,1123),(486,1124),(487,1125),(488,1126),(488,1127),(489,1128),(489,1129),(490,1130),(490,1131),(491,1132),(491,1133),(492,1134),(492,1135),(493,1136),(493,1137),(494,1138),(494,1139),(494,1140),(495,1141),(496,1142),(497,1143),(497,1144),(498,1145),(499,1146),(499,1147),(500,1148);
