INSERT INTO item (id,quantity,book_id) VALUES (1,3,789),(2,3,958),(3,3,134),(4,4,727),(5,2,166),(6,2,193),(7,2,464),(8,3,132),(9,2,333),(10,4,720),(11,1,563),(12,4,925),(13,2,879),(14,1,15),(15,2,412),(16,3,204),(17,3,175),(18,3,333),(19,2,881),(20,2,441),(21,2,342),(22,2,330),(23,3,356),(24,2,489),(25,3,254),(26,3,241),(27,3,208),(28,1,641),(29,4,998),(30,2,406),(31,4,185),(32,2,135),(33,2,526),(34,4,175),(35,3,57),(36,3,754),(37,4,438),(38,2,425),(39,3,90),(40,4,416),(41,3,109),(42,2,256),(43,3,195),(44,4,892),(45,4,623),(46,4,587),(47,3,819),(48,2,59),(49,1,216),(50,3,715),(51,4,924),(52,2,313),(53,4,172),(54,4,71),(55,1,618),(56,3,62),(57,3,409),(58,3,720),(59,3,293),(60,4,418),(61,1,183),(62,3,357),(63,2,330),(64,4,500),(65,4,633),(66,3,823),(67,3,722),(68,2,990),(69,4,120),(70,4,419),(71,3,184),(72,1,822),(73,2,564),(74,2,517),(75,3,576),(76,1,175),(77,1,243),(78,4,270),(79,4,754),(80,1,132),(81,2,752),(82,3,402),(83,3,137),(84,3,687),(85,3,90),(86,1,382),(87,2,599),(88,2,957),(89,3,68),(90,3,476),(91,3,522),(92,3,770),(93,1,511),(94,2,464),(95,1,67),(96,1,15),(97,3,948),(98,3,30),(99,3,21),(100,1,386),(101,4,754),(102,2,99),(103,2,786),(104,2,451),(105,1,944),(106,4,651),(107,4,355),(108,2,140),(109,2,95),(110,2,751),(111,1,333),(112,3,87),(113,2,68),(114,3,858),(115,3,372),(116,1,453),(117,3,529),(118,2,636),(119,1,563),(120,2,132),(121,2,440),(122,3,830),(123,1,652),(124,2,468),(125,2,3),(126,1,945),(127,4,131),(128,3,904),(129,3,742),(130,3,760),(131,2,556),(132,3,189),(133,2,704),(134,2,948),(135,1,677),(136,1,31),(137,4,963),(138,3,318),(139,3,187),(140,2,369),(141,3,900),(142,1,445),(143,2,201),(144,2,630),(145,2,956),(146,3,724),(147,3,781),(148,1,628),(149,3,825),(150,2,89),(151,1,95),(152,3,998),(153,2,282),(154,1,944),(155,3,30),(156,3,314),(157,2,118),(158,3,69),(159,2,366),(160,3,270),(161,3,868),(162,3,494),(163,2,816),(164,3,596),(165,3,317),(166,4,661),(167,2,532),(168,2,571),(169,3,960),(170,1,347),(171,3,894),(172,1,306),(173,3,899),(174,2,137),(175,3,687),(176,4,166),(177,2,874),(178,1,473),(179,1,971),(180,3,7),(181,4,373),(182,3,535),(183,3,249),(184,1,83),(185,3,54),(186,3,479),(187,4,740),(188,3,807),(189,3,915),(190,3,804),(191,2,878),(192,2,734),(193,2,925),(194,3,864),(195,2,318),(196,3,415),(197,2,75),(198,3,798),(199,1,78),(200,2,27);

INSERT INTO cart (id,is_committed,stripe_client_secret,stripe_payment_intent_id) VALUES
(1,false,null,null),
(2,false,null,null),
(3,false,null,null),
(4,false,null,null),
(5,false,null,null),
(6,false,null,null),
(7,false,null,null),
(8,false,null,null),
(9,false,null,null),
(10,false,null,null),
(11,false,null,null),
(12,false,null,null),
(13,false,null,null),
(14,false,null,null),
(15,false,null,null),
(16,false,null,null),
(17,false,null,null),
(18,false,null,null),
(19,false,null,null),
(20,false,null,null),
(21,false,null,null),
(22,false,null,null),
(23,false,null,null),
(24,false,null,null),
(25,false,null,null),
(26,false,null,null),
(27,false,null,null),
(28,false,null,null),
(29,false,null,null),
(30,false,null,null),
(31,false,null,null),
(32,false,null,null),
(33,false,null,null),
(34,false,null,null),
(35,false,null,null),
(36,false,null,null),
(37,false,null,null),
(38,false,null,null),
(39,false,null,null),
(40,false,null,null),
(41,false,null,null),
(42,false,null,null),
(43,false,null,null),
(44,false,null,null),
(45,false,null,null),
(46,false,null,null),
(47,false,null,null),
(48,false,null,null),
(49,false,null,null),
(50,false,null,null),
(51,false,null,null),
(52,false,null,null),
(53,false,null,null),
(54,false,null,null),
(55,false,null,null),
(56,false,null,null),
(57,false,null,null),
(58,false,null,null),
(59,false,null,null),
(60,false,null,null),
(61,false,null,null),
(62,false,null,null),
(63,false,null,null),
(64,false,null,null);

INSERT INTO cart_items (cart_id,items_id) VALUES (18,1),(5,2),(48,3),(26,4),(50,5),(40,6),(32,7),(59,8),(56,9),(2,10),(61,11),(42,12),(15,13),(62,14),(32,15),(30,16),(46,17),(8,18),(30,19),(6,20),(23,21),(12,22),(25,23),(53,24),(25,25),(50,26),(27,27),(62,28),(55,29),(46,30),(33,31),(44,32),(21,33),(6,34),(59,35),(17,36),(22,37),(50,38),(39,39),(52,40),(29,41),(15,42),(19,43),(32,44),(32,45),(14,46),(63,47),(8,48),(46,49),(27,50),(30,51),(22,52),(58,53),(50,54),(45,55),(46,56),(39,57),(48,58),(46,59),(30,60),(12,61),(18,62),(52,63),(61,64),(14,65),(20,66),(42,67),(38,68),(18,69),(63,70),(11,71),(24,72),(23,73),(62,74),(7,75),(31,76),(60,77),(14,78),(13,79),(18,80),(57,81),(56,82),(40,83),(40,84),(3,85),(23,86),(54,87),(26,88),(15,89),(4,90),(46,91),(16,92),(3,93),(62,94),(28,95),(33,96),(21,97),(44,98),(51,99),(56,100),(41,101),(13,102),(55,103),(11,104),(26,105),(46,106),(27,107),(30,108),(58,109),(28,110),(15,111),(4,112),(39,113),(55,114),(52,115),(52,116),(5,117),(15,118),(55,119),(32,120),(18,121),(37,122),(19,123),(56,124),(21,125),(24,126),(55,127),(10,128),(5,129),(54,130),(2,131),(15,132),(25,133),(18,134),(43,135),(38,136),(36,137),(35,138),(34,139),(32,140),(10,141),(47,142),(55,143),(4,144),(31,145),(39,146),(59,147),(4,148),(55,149),(27,150),(45,151),(52,152),(28,153),(41,154),(23,155),(44,156),(9,157),(28,158),(44,159),(24,160),(48,161),(24,162),(31,163),(28,164),(55,165),(15,166),(30,167),(25,168),(12,169),(16,170),(60,171),(47,172),(44,173),(25,174),(46,175),(42,176),(10,177),(5,178),(10,179),(24,180),(8,181),(16,182),(50,183),(21,184),(56,185),(24,186),(37,187),(13,188),(21,189),(15,190),(23,191),(20,192),(62,193),(8,194),(50,195),(22,196),(56,197),(31,198),(20,199),(8,200);

INSERT INTO profile (id,birth_date,first_name,gender,last_name,phone) VALUES
(1,null,'firstmarket','UNDEFINED','admin','123456789'),
(2,'22-12-1958','Peter','MALE','Parker','123456789'),
(3,'29-04-1995','Marco','MALE','Polo','123456789'),
(4,'04-10-1987','Misrraim','MALE','Suárez Pérez','123456789'),
(5,'09-05-1987','Lucinda','FEMALE','Lages','123456789'),
(6,'12-10-1976','Luis','MALE','Vizcaíno Dávila','123456789'),
(7,'31-08-1945','Marta','FEMALE','Piñero','123456789'),
(8,'04-12-2005','Tomas','MALE','Pérez','123456789'),
(9,'11-03-1993','Carlos','MALE','Gómez','123456789'),
(10,'04-02-1958','Jabel','MALE','Suárez','123456789'),
(11,'13-06-1939','Irene','FEMALE','Hernández','123456789'),
(12,'19-08-1951','Felix','MALE','El Gato','123456789'),
(13,'18-10-1968','Alicia','FEMALE','Escudero','123456789'),
(14,'16-09-1964','Debora','FEMALE','Hombres','123456789'),
(15,'04-10-1975','Jon','MALE','McBill','123456789'),
(16,'03-12-1989','Karl','MALE','Gauss','123456789'),
(17,'03-03-1998','Gupta','MALE','Arjani','123456789'),
(18,'01-01-1986','Amesh','FEMALE','Sinhtra','123456789'),
(19,'06-12-1998','Giancarlo','MALE','Ponzo','123456789'),
(20,'30-12-1983','Mauricio','MALE','Lemos','123456789'),
(21,'22-04-1974','Tobbias','MALE','Hunter','123456789'),
(22,'25-06-1997','Fátima','FEMALE','Pérez','123456789'),
(23,'29-07-1961','César','MALE','Suárez','123456789'),
(24,'28-10-1973','Francisco','MALE','Marhuenda','123456789'),
(25,'19-03-1973','Arima','FEMALE','Vega','123456789'),
(26,'17-05-2007','Rosa','FEMALE','Pérez','123456789'),
(27,'17-04-1995','Sebastián','MALE','Pérez','123456789'),
(28,'30-09-1949','Gabriel','MALE','Suárez','123456789'),
(29,'26-10-1947','Josefa','FEMALE','Polo','123456789'),
(30,'08-03-1992','María','FEMALE','Hernández','123456789'),
(31,'14-08-1964','Gazmira','FEMALE','Suárez','123456789'),
(32,'02-03-1989','Enzo','MALE','Benítez','123456789'),
(33,'26-02-2006','Fabricio','MALE','Benítez','123456789'),
(34,'30-08-1999','Manuel','MALE','Suárez','123456789'),
(35,'31-07-1996','Aarón','MALE','Suárez','123456789'),
(36,null,'Jacob','MALE','Travieso','123456789'),
(37,'29-06-1985','Moises','MALE','Suárez','123456789'),
(38,null,'Ramses','MALE','Segundo','123456789'),
(39,'12-05-2001','Aníbal','MALE','Lekter','123456789'),
(40,null,'Jonathan','MALE','Abrante Tejera','123456789'),
(41,'06-09-2000','Magdalena','FEMALE','Gutiérrez','123456789'),
(42,null,'Samantha','FEMALE','Polo','123456789'),
(43,'01-03-2004','Ágata','FEMALE','Dos Reis','123456789'),
(44,null,'Arminda','FEMALE','Rainha','123456789'),
(45,'05-10-1956','Doramas','MALE','Rey','123456789'),
(46,null,'Francisco','MALE','Vega','123456789'),
(47,'20-02-1993','José','MALE','Pérez','123456789'),
(48,null,'Jesús','MALE','De Nazaret','123456789'),
(49,'11-11-2010','Antonio','MALE','Morales','123456789'),
(50,null,'Antonio','MALE','Piñero','123456789'),
(51,'08-11-1980','Óscar','MALE','Rojo','123456789'),
(52,null,'Jon','MALE','Smith','123456789'),
(53,'09-01-1972','Barry','MALE','Lambert','123456789'),
(54,null,'Claude','MALE','Demond','123456789'),
(55,'03-12-1987','Mariana','FEMALE','Cándida','123456789'),
(56,null,'Arley','MALE','Mauricio','123456789'),
(57,'23-04-1999','Pamela','FEMALE','Anderson','123456789'),
(58,null,'Fernando','MALE','Leite','123456789'),
(59,'02-10-1983','Cristina','FEMALE','Pedroche','123456789'),
(60,null,'Emmanuel','MALE','Solana','123456789'),
(61,null,'Ainara','FEMALE','Samperio','123456789'),
(62,'04-11-1967','Iker','MALE','Casillas','123456789'),
(63,null,'Diamantino','MALE','Peixoto','123456789'),
(64,null,'Duarte','MALE','Fernandes','123456789');


INSERT INTO usuario (id,email,completed,suspended,password,cart_id,profile_id) VALUES
(1,'admin@fm.com',true,false,'$2a$10$b6cNYRchyum58sJw3BrS2OYRm9GiqRYDwlHTLKFY3fdD/kRS2GL0G',1,1),
(2,'peter2@fm.com',true,false,'$2a$10$b6cNYRchyum58sJw3BrS2OYRm9GiqRYDwlHTLKFY3fdD/kRS2GL0G',2,2),
(3,'marco3@fm.com',true,false,'$2a$10$b6cNYRchyum58sJw3BrS2OYRm9GiqRYDwlHTLKFY3fdD/kRS2GL0G',3,3),
(4,'misrraimsp@gmail.com',true,false,'$2a$10$b6cNYRchyum58sJw3BrS2OYRm9GiqRYDwlHTLKFY3fdD/kRS2GL0G',4,4),
(5,'pentagono5@fm.com',true,false,'$2a$10$b6cNYRchyum58sJw3BrS2OYRm9GiqRYDwlHTLKFY3fdD/kRS2GL0G',5,5),
(6,'xavi6@fm.com',true,false,'$2a$10$b6cNYRchyum58sJw3BrS2OYRm9GiqRYDwlHTLKFY3fdD/kRS2GL0G',6,6),
(7,'magic7@fm.com',true,false,'$2a$10$b6cNYRchyum58sJw3BrS2OYRm9GiqRYDwlHTLKFY3fdD/kRS2GL0G',7,7),
(8,'oito8@fm.com',true,false,'$2a$10$b6cNYRchyum58sJw3BrS2OYRm9GiqRYDwlHTLKFY3fdD/kRS2GL0G',8,8),
(9,'nou9@fm.com',true,false,'$2a$10$b6cNYRchyum58sJw3BrS2OYRm9GiqRYDwlHTLKFY3fdD/kRS2GL0G',9,9),
(10,'tenten10@fm.com',true,false,'$2a$10$b6cNYRchyum58sJw3BrS2OYRm9GiqRYDwlHTLKFY3fdD/kRS2GL0G',10,10),
(11,'eleven11@fm.com',true,false,'$2a$10$b6cNYRchyum58sJw3BrS2OYRm9GiqRYDwlHTLKFY3fdD/kRS2GL0G',11,11),
(12,'twelve12@fm.com',true,false,'$2a$10$b6cNYRchyum58sJw3BrS2OYRm9GiqRYDwlHTLKFY3fdD/kRS2GL0G',12,12),
(13,'crystal13@fm.com',true,false,'$2a$10$b6cNYRchyum58sJw3BrS2OYRm9GiqRYDwlHTLKFY3fdD/kRS2GL0G',13,13),
(14,'tambaro14@fm.com',true,false,'$2a$10$b6cNYRchyum58sJw3BrS2OYRm9GiqRYDwlHTLKFY3fdD/kRS2GL0G',14,14),
(15,'megamail15@fm.com',true,false,'$2a$10$b6cNYRchyum58sJw3BrS2OYRm9GiqRYDwlHTLKFY3fdD/kRS2GL0G',15,15),
(16,'pitoniso16@fm.com',true,false,'$2a$10$b6cNYRchyum58sJw3BrS2OYRm9GiqRYDwlHTLKFY3fdD/kRS2GL0G',16,16),
(17,'pythonis17@fm.com',true,false,'$2a$10$b6cNYRchyum58sJw3BrS2OYRm9GiqRYDwlHTLKFY3fdD/kRS2GL0G',17,17),
(18,'javais4u18@fm.com',true,false,'$2a$10$b6cNYRchyum58sJw3BrS2OYRm9GiqRYDwlHTLKFY3fdD/kRS2GL0G',18,18),
(19,'someaddress19@fm.com',true,false,'$2a$10$b6cNYRchyum58sJw3BrS2OYRm9GiqRYDwlHTLKFY3fdD/kRS2GL0G',19,19),
(20,'el20@fm.com',true,false,'$2a$10$b6cNYRchyum58sJw3BrS2OYRm9GiqRYDwlHTLKFY3fdD/kRS2GL0G',20,20),
(21,'hlopus21@fm.com',true,false,'$2a$10$b6cNYRchyum58sJw3BrS2OYRm9GiqRYDwlHTLKFY3fdD/kRS2GL0G',21,21),
(22,'harrison22@fm.com',true,false,'$2a$10$b6cNYRchyum58sJw3BrS2OYRm9GiqRYDwlHTLKFY3fdD/kRS2GL0G',22,22),
(23,'lucia23@fm.com',true,false,'$2a$10$b6cNYRchyum58sJw3BrS2OYRm9GiqRYDwlHTLKFY3fdD/kRS2GL0G',23,23),
(24,'mis24@fm.com',true,false,'$2a$10$b6cNYRchyum58sJw3BrS2OYRm9GiqRYDwlHTLKFY3fdD/kRS2GL0G',24,24),
(25,'mailrandom25@fm.com',true,false,'$2a$10$b6cNYRchyum58sJw3BrS2OYRm9GiqRYDwlHTLKFY3fdD/kRS2GL0G',25,25),
(26,'randommail26@fm.com',true,false,'$2a$10$b6cNYRchyum58sJw3BrS2OYRm9GiqRYDwlHTLKFY3fdD/kRS2GL0G',26,26),
(27,'java4u27@fm.com',true,false,'$2a$10$b6cNYRchyum58sJw3BrS2OYRm9GiqRYDwlHTLKFY3fdD/kRS2GL0G',27,27),
(28,'problemon28@fm.com',true,false,'$2a$10$b6cNYRchyum58sJw3BrS2OYRm9GiqRYDwlHTLKFY3fdD/kRS2GL0G',28,28),
(29,'namibia29@fm.com',true,false,'$2a$10$b6cNYRchyum58sJw3BrS2OYRm9GiqRYDwlHTLKFY3fdD/kRS2GL0G',29,29),
(30,'konakri30@fm.com',true,false,'$2a$10$b6cNYRchyum58sJw3BrS2OYRm9GiqRYDwlHTLKFY3fdD/kRS2GL0G',30,30),
(31,'cayuko31@fm.com',true,false,'$2a$10$b6cNYRchyum58sJw3BrS2OYRm9GiqRYDwlHTLKFY3fdD/kRS2GL0G',31,31),
(32,'patera32@fm.com',true,false,'$2a$10$b6cNYRchyum58sJw3BrS2OYRm9GiqRYDwlHTLKFY3fdD/kRS2GL0G',32,32),
(33,'charco33@fm.com',true,false,'$2a$10$b6cNYRchyum58sJw3BrS2OYRm9GiqRYDwlHTLKFY3fdD/kRS2GL0G',33,33),
(34,'laspalmas34@fm.com',true,false,'$2a$10$b6cNYRchyum58sJw3BrS2OYRm9GiqRYDwlHTLKFY3fdD/kRS2GL0G',34,34),
(35,'noteimporta35@fm.com',true,false,'$2a$10$b6cNYRchyum58sJw3BrS2OYRm9GiqRYDwlHTLKFY3fdD/kRS2GL0G',35,35),
(36,'somemail36@fm.com',true,false,'$2a$10$b6cNYRchyum58sJw3BrS2OYRm9GiqRYDwlHTLKFY3fdD/kRS2GL0G',36,36),
(37,'abascal37@fm.com',true,false,'$2a$10$b6cNYRchyum58sJw3BrS2OYRm9GiqRYDwlHTLKFY3fdD/kRS2GL0G',37,37),
(38,'echenike38@fm.com',true,false,'$2a$10$b6cNYRchyum58sJw3BrS2OYRm9GiqRYDwlHTLKFY3fdD/kRS2GL0G',38,38),
(39,'errejon39@fm.com',true,false,'$2a$10$b6cNYRchyum58sJw3BrS2OYRm9GiqRYDwlHTLKFY3fdD/kRS2GL0G',39,39),
(40,'rufian40@fm.com',true,false,'$2a$10$b6cNYRchyum58sJw3BrS2OYRm9GiqRYDwlHTLKFY3fdD/kRS2GL0G',40,40),
(41,'superlopez41@fm.com',true,false,'$2a$10$b6cNYRchyum58sJw3BrS2OYRm9GiqRYDwlHTLKFY3fdD/kRS2GL0G',41,41),
(42,'wesley42@fm.com',true,false,'$2a$10$b6cNYRchyum58sJw3BrS2OYRm9GiqRYDwlHTLKFY3fdD/kRS2GL0G',42,42),
(43,'pp43@fm.com',true,false,'$2a$10$b6cNYRchyum58sJw3BrS2OYRm9GiqRYDwlHTLKFY3fdD/kRS2GL0G',43,43),
(44,'lapatri44@fm.com',true,false,'$2a$10$b6cNYRchyum58sJw3BrS2OYRm9GiqRYDwlHTLKFY3fdD/kRS2GL0G',44,44),
(45,'casavigo45@fm.com',true,false,'$2a$10$b6cNYRchyum58sJw3BrS2OYRm9GiqRYDwlHTLKFY3fdD/kRS2GL0G',45,45),
(46,'akiahora46@fm.com',true,false,'$2a$10$b6cNYRchyum58sJw3BrS2OYRm9GiqRYDwlHTLKFY3fdD/kRS2GL0G',46,46),
(47,'xmas4u47@fm.com',true,false,'$2a$10$b6cNYRchyum58sJw3BrS2OYRm9GiqRYDwlHTLKFY3fdD/kRS2GL0G',47,47),
(48,'luciernaga48@fm.com',true,false,'$2a$10$b6cNYRchyum58sJw3BrS2OYRm9GiqRYDwlHTLKFY3fdD/kRS2GL0G',48,48),
(49,'luciernaga49@fm.com',true,false,'$2a$10$b6cNYRchyum58sJw3BrS2OYRm9GiqRYDwlHTLKFY3fdD/kRS2GL0G',49,49),
(50,'heroku50@fm.com',true,false,'$2a$10$b6cNYRchyum58sJw3BrS2OYRm9GiqRYDwlHTLKFY3fdD/kRS2GL0G',50,50),
(51,'paan51@fm.com',true,false,'$2a$10$b6cNYRchyum58sJw3BrS2OYRm9GiqRYDwlHTLKFY3fdD/kRS2GL0G',51,51),
(52,'panpan52@fm.com',true,false,'$2a$10$b6cNYRchyum58sJw3BrS2OYRm9GiqRYDwlHTLKFY3fdD/kRS2GL0G',52,52),
(53,'enero53@fm.com',true,false,'$2a$10$b6cNYRchyum58sJw3BrS2OYRm9GiqRYDwlHTLKFY3fdD/kRS2GL0G',53,53),
(54,'cristina54@fm.com',true,false,'$2a$10$b6cNYRchyum58sJw3BrS2OYRm9GiqRYDwlHTLKFY3fdD/kRS2GL0G',54,54),
(55,'muffin55@fm.com',true,false,'$2a$10$b6cNYRchyum58sJw3BrS2OYRm9GiqRYDwlHTLKFY3fdD/kRS2GL0G',55,55),
(56,'horsewithnoname56@fm.com',true,false,'$2a$10$b6cNYRchyum58sJw3BrS2OYRm9GiqRYDwlHTLKFY3fdD/kRS2GL0G',56,56),
(57,'lover57@fm.com',true,false,'$2a$10$b6cNYRchyum58sJw3BrS2OYRm9GiqRYDwlHTLKFY3fdD/kRS2GL0G',57,57),
(58,'killer58@fm.com',true,false,'$2a$10$b6cNYRchyum58sJw3BrS2OYRm9GiqRYDwlHTLKFY3fdD/kRS2GL0G',58,58),
(59,'rajoy59@fm.com',true,false,'$2a$10$b6cNYRchyum58sJw3BrS2OYRm9GiqRYDwlHTLKFY3fdD/kRS2GL0G',59,59),
(60,'goku60@fm.com',true,false,'$2a$10$b6cNYRchyum58sJw3BrS2OYRm9GiqRYDwlHTLKFY3fdD/kRS2GL0G',60,60),
(61,'doraemon61@fm.com',true,false,'$2a$10$b6cNYRchyum58sJw3BrS2OYRm9GiqRYDwlHTLKFY3fdD/kRS2GL0G',61,61),
(62,'pikachu62@fm.com',true,false,'$2a$10$b6cNYRchyum58sJw3BrS2OYRm9GiqRYDwlHTLKFY3fdD/kRS2GL0G',62,62),
(63,'lucas63@fm.com',true,false,'$2a$10$b6cNYRchyum58sJw3BrS2OYRm9GiqRYDwlHTLKFY3fdD/kRS2GL0G',63,63),
(64,'paco64@fm.com',true,false,'$2a$10$b6cNYRchyum58sJw3BrS2OYRm9GiqRYDwlHTLKFY3fdD/kRS2GL0G',64,64);

INSERT INTO role (id,name) VALUES
(1,'ROLE_ADMIN'),
(2,'ROLE_USER');

INSERT INTO usuarios_roles (user_id,role_id) VALUES
(1,1),
(2,2),
(3,2),
(4,2),
(5,2),
(6,2),
(7,2),
(8,2),
(9,2),
(10,2),
(11,2),
(12,2),
(13,2),
(14,2),
(15,2),
(16,2),
(17,2),
(18,2),
(19,2),
(20,2),
(21,2),
(22,2),
(23,2),
(24,2),
(25,2),
(26,2),
(27,2),
(28,2),
(29,2),
(30,2),
(31,2),
(32,2),
(33,2),
(34,2),
(35,2),
(36,2),
(37,2),
(38,2),
(39,2),
(40,2),
(41,2),
(42,2),
(43,2),
(44,2),
(45,2),
(46,2),
(47,2),
(48,2),
(49,2),
(50,2),
(51,2),
(52,2),
(53,2),
(54,2),
(55,2),
(56,2),
(57,2),
(58,2),
(59,2),
(60,2),
(61,2),
(62,2),
(63,2),
(64,2);