
/*
don't forget update sequence initial number XXX on schema.sql:
**create sequence hibernate_sequence start with XXX increment by 1;**
 */

INSERT INTO category (id,name,parent_id) VALUES (1,'FirstMarket',1);
INSERT INTO category (id,name,parent_id) VALUES (2,'Art',1);
INSERT INTO category (id,name,parent_id) VALUES (3,'Architecture',2);
INSERT INTO category (id,name,parent_id) VALUES (4,'Spanish Architects',3);
INSERT INTO category (id,name,parent_id) VALUES (5,'International Architects',3);
INSERT INTO category (id,name,parent_id) VALUES (6,'Decoration And Interior Design',3);
INSERT INTO category (id,name,parent_id) VALUES (7,'Feng Shui',3);
INSERT INTO category (id,name,parent_id) VALUES (8,'History of architecture',3);
INSERT INTO category (id,name,parent_id) VALUES (9,'Architectural models',3);
INSERT INTO category (id,name,parent_id) VALUES (10,'Landscaping And Garden Design',3);
INSERT INTO category (id,name,parent_id) VALUES (11,'Theory and criticism of architecture',3);
INSERT INTO category (id,name,parent_id) VALUES (12,'Town planning',3);
INSERT INTO category (id,name,parent_id) VALUES (13,'Performing Arts',2);
INSERT INTO category (id,name,parent_id) VALUES (14,'Ballroom Dances',13);
INSERT INTO category (id,name,parent_id) VALUES (15,'Popular dances',13);
INSERT INTO category (id,name,parent_id) VALUES (16,'Dance',13);
INSERT INTO category (id,name,parent_id) VALUES (17,'Scenography',13);
INSERT INTO category (id,name,parent_id) VALUES (18,'Actor Training',13);
INSERT INTO category (id,name,parent_id) VALUES (19,'Dramatic Genres',13);
INSERT INTO category (id,name,parent_id) VALUES (20,'Dramatic art history and studies',13);
INSERT INTO category (id,name,parent_id) VALUES (21,'Interpretation Techniques',13);
INSERT INTO category (id,name,parent_id) VALUES (22,'Fine and Applied Arts',2);
INSERT INTO category (id,name,parent_id) VALUES (23,'Rugs',22);
INSERT INTO category (id,name,parent_id) VALUES (24,'Fine arts',22);
INSERT INTO category (id,name,parent_id) VALUES (25,'Posters',22);
INSERT INTO category (id,name,parent_id) VALUES (26,'Ceramic And Porcelain',22);
INSERT INTO category (id,name,parent_id) VALUES (27,'Glyptic',22);
INSERT INTO category (id,name,parent_id) VALUES (28,'History and studies of Applied Arts',22);
INSERT INTO category (id,name,parent_id) VALUES (29,'History and studies of Fine Arts',22);
INSERT INTO category (id,name,parent_id) VALUES (30,'Jewelry',22);
INSERT INTO category (id,name,parent_id) VALUES (31,'Ivory',22);
INSERT INTO category (id,name,parent_id) VALUES (32,'Metal And Artistic Locksmith',22);
INSERT INTO category (id,name,parent_id) VALUES (33,'Furniture',22);
INSERT INTO category (id,name,parent_id) VALUES (34,'Fur',22);
INSERT INTO category (id,name,parent_id) VALUES (35,'Watchmaking',22);
INSERT INTO category (id,name,parent_id) VALUES (36,'Renovation',22);
INSERT INTO category (id,name,parent_id) VALUES (37,'Hangings',22);
INSERT INTO category (id,name,parent_id) VALUES (38,'Stained Glass And Glass',22);
INSERT INTO category (id,name,parent_id) VALUES (39,'Cinema',2);
INSERT INTO category (id,name,parent_id) VALUES (40,'Actors',39);
INSERT INTO category (id,name,parent_id) VALUES (41,'Directors',39);
INSERT INTO category (id,name,parent_id) VALUES (42,'Film Direction Studies',39);
INSERT INTO category (id,name,parent_id) VALUES (43,'Film scripts',39);
INSERT INTO category (id,name,parent_id) VALUES (44,'Film genres',39);
INSERT INTO category (id,name,parent_id) VALUES (45,'History of cinema',39);
INSERT INTO category (id,name,parent_id) VALUES (46,'Films',39);
INSERT INTO category (id,name,parent_id) VALUES (47,'Production and Distribution',39);
INSERT INTO category (id,name,parent_id) VALUES (48,'Film Theory And Criticism',39);
INSERT INTO category (id,name,parent_id) VALUES (49,'Drawing',2);
INSERT INTO category (id,name,parent_id) VALUES (50,'Artistic drawing',49);
INSERT INTO category (id,name,parent_id) VALUES (51,'Technical drawing',49);
INSERT INTO category (id,name,parent_id) VALUES (52,'Design and fashion',2);
INSERT INTO category (id,name,parent_id) VALUES (53,'Beauty',52);
INSERT INTO category (id,name,parent_id) VALUES (54,'Fashion designers',52);
INSERT INTO category (id,name,parent_id) VALUES (55,'Graphic and Industrial Designers',52);
INSERT INTO category (id,name,parent_id) VALUES (56,'Graphic design',52);
INSERT INTO category (id,name,parent_id) VALUES (57,'Industrial design',52);
INSERT INTO category (id,name,parent_id) VALUES (58,'History and criticism of design',52);
INSERT INTO category (id,name,parent_id) VALUES (59,'Fashion',52);
INSERT INTO category (id,name,parent_id) VALUES (60,'Ornamentation',52);
INSERT INTO category (id,name,parent_id) VALUES (61,'History of art',2);
INSERT INTO category (id,name,parent_id) VALUES (62,'Current Art',61);
INSERT INTO category (id,name,parent_id) VALUES (63,'Ancient Art',61);
INSERT INTO category (id,name,parent_id) VALUES (64,'Contemporary Art',61);
INSERT INTO category (id,name,parent_id) VALUES (65,'Egyptian Art',61);
INSERT INTO category (id,name,parent_id) VALUES (66,'Greco-Latin Art',61);
INSERT INTO category (id,name,parent_id) VALUES (67,'Islamic Art',61);
INSERT INTO category (id,name,parent_id) VALUES (68,'Medieval Art',61);
INSERT INTO category (id,name,parent_id) VALUES (69,'Modern Art',61);
INSERT INTO category (id,name,parent_id) VALUES (70,'Prehistoric And Primitive Art',61);
INSERT INTO category (id,name,parent_id) VALUES (71,'Romanesque And Gothic Art',61);
INSERT INTO category (id,name,parent_id) VALUES (72,'Art Collections',61);
INSERT INTO category (id,name,parent_id) VALUES (73,'History of painting and sculpture',61);
INSERT INTO category (id,name,parent_id) VALUES (74,'History of Spanish art',61);
INSERT INTO category (id,name,parent_id) VALUES (75,'General Art History',61);
INSERT INTO category (id,name,parent_id) VALUES (76,'Theory and art critic',61);
INSERT INTO category (id,name,parent_id) VALUES (77,'Museology And Museums',2);
INSERT INTO category (id,name,parent_id) VALUES (78,'Painters And Sculptors',2);
INSERT INTO category (id,name,parent_id) VALUES (79,'Ancient Artists',78);
INSERT INTO category (id,name,parent_id) VALUES (80,'Contemporary Artists',78);
INSERT INTO category (id,name,parent_id) VALUES (81,'Medieval Artists',78);
INSERT INTO category (id,name,parent_id) VALUES (82,'Modern Artists',78);
INSERT INTO category (id,name,parent_id) VALUES (83,'Spanish cartoonists',78);
INSERT INTO category (id,name,parent_id) VALUES (84,'International cartoonists',78);
INSERT INTO category (id,name,parent_id) VALUES (85,'Recorders',78);
INSERT INTO category (id,name,parent_id) VALUES (86,'Bullfighting',2);
INSERT INTO category (id,name,parent_id) VALUES (87,'Computer Science',1);
INSERT INTO category (id,name,parent_id) VALUES (88,'Communications',87);
INSERT INTO category (id,name,parent_id) VALUES (89,'Internet Directories',88);
INSERT INTO category (id,name,parent_id) VALUES (90,'Internet',88);
INSERT INTO category (id,name,parent_id) VALUES (91,'Local Area Networks',88);
INSERT INTO category (id,name,parent_id) VALUES (92,'Information systems',88);
INSERT INTO category (id,name,parent_id) VALUES (93,'TPC/IP',88);
INSERT INTO category (id,name,parent_id) VALUES (94,'Data transmission',88);
INSERT INTO category (id,name,parent_id) VALUES (95,'Design and Desktop Publishing',87);
INSERT INTO category (id,name,parent_id) VALUES (96,'3D Studio',95);
INSERT INTO category (id,name,parent_id) VALUES (97,'Design Applications',95);
INSERT INTO category (id,name,parent_id) VALUES (98,'Desktop publishing',95);
INSERT INTO category (id,name,parent_id) VALUES (99,'Corel Draw',95);
INSERT INTO category (id,name,parent_id) VALUES (100,'Graphics',95);
INSERT INTO category (id,name,parent_id) VALUES (101,'QuarkXPress',95);
INSERT INTO category (id,name,parent_id) VALUES (102,'Practical Computing',87);
INSERT INTO category (id,name,parent_id) VALUES (103,'Business and Industrial Applications',102);
INSERT INTO category (id,name,parent_id) VALUES (104,'Applications',102);
INSERT INTO category (id,name,parent_id) VALUES (105,'Computer Aided Instruction',102);
INSERT INTO category (id,name,parent_id) VALUES (106,'Artificial intelligence',102);
INSERT INTO category (id,name,parent_id) VALUES (107,'Computer science introduction',102);
INSERT INTO category (id,name,parent_id) VALUES (108,'Computer Mathematics',102);
INSERT INTO category (id,name,parent_id) VALUES (109,'Computer Concepts and Elements',102);
INSERT INTO category (id,name,parent_id) VALUES (110,'Robotics',102);
INSERT INTO category (id,name,parent_id) VALUES (111,'Computer security',102);
INSERT INTO category (id,name,parent_id) VALUES (112,'Multimedia',87);
INSERT INTO category (id,name,parent_id) VALUES (113,'Adobe',112);
INSERT INTO category (id,name,parent_id) VALUES (114,'Animation',112);
INSERT INTO category (id,name,parent_id) VALUES (115,'Freehand',112);
INSERT INTO category (id,name,parent_id) VALUES (116,'Music',112);
INSERT INTO category (id,name,parent_id) VALUES (117,'Other apps',112);
INSERT INTO category (id,name,parent_id) VALUES (118,'PhotoShop',112);
INSERT INTO category (id,name,parent_id) VALUES (119,'Power Point',112);
INSERT INTO category (id,name,parent_id) VALUES (120,'Virtual reality',112);
INSERT INTO category (id,name,parent_id) VALUES (121,'Videogames and leisure',112);
INSERT INTO category (id,name,parent_id) VALUES (122,'Office automation',87);
INSERT INTO category (id,name,parent_id) VALUES (123,'Excel',122);
INSERT INTO category (id,name,parent_id) VALUES (124,'Spreadsheets',122);
INSERT INTO category (id,name,parent_id) VALUES (125,'Lotus',122);
INSERT INTO category (id,name,parent_id) VALUES (126,'Office',122);
INSERT INTO category (id,name,parent_id) VALUES (127,'Office automation',122);
INSERT INTO category (id,name,parent_id) VALUES (128,'Works',122);
INSERT INTO category (id,name,parent_id) VALUES (129,'Programming And Languages',87);
INSERT INTO category (id,name,parent_id) VALUES (130,'Access',129);
INSERT INTO category (id,name,parent_id) VALUES (131,'Databases',129);
INSERT INTO category (id,name,parent_id) VALUES (132,'Delphi, Java, HTML, VRML',129);
INSERT INTO category (id,name,parent_id) VALUES (133,'Assembler, Perl, VisualBasic',129);
INSERT INTO category (id,name,parent_id) VALUES (134,'FileMaker',129);
INSERT INTO category (id,name,parent_id) VALUES (135,'Oracle',129);
INSERT INTO category (id,name,parent_id) VALUES (136,'Other languages',129);
INSERT INTO category (id,name,parent_id) VALUES (137,'Object-oriented programming',129);
INSERT INTO category (id,name,parent_id) VALUES (138,'Operating systems',87);
INSERT INTO category (id,name,parent_id) VALUES (139,'Tools',138);
INSERT INTO category (id,name,parent_id) VALUES (140,'Latex',138);
INSERT INTO category (id,name,parent_id) VALUES (141,'Linux',138);
INSERT INTO category (id,name,parent_id) VALUES (142,'Macintosh',138);
INSERT INTO category (id,name,parent_id) VALUES (143,'Other Operating Systems',138);
INSERT INTO category (id,name,parent_id) VALUES (144,'Text processors',138);
INSERT INTO category (id,name,parent_id) VALUES (145,'Unix',138);
INSERT INTO category (id,name,parent_id) VALUES (146,'Windows',138);
INSERT INTO category (id,name,parent_id) VALUES (147,'Word',138);


INSERT INTO catpath (id,size,ancestor_id,descendant_id) VALUES (1,0,1,1);
INSERT INTO catpath (id,size,ancestor_id,descendant_id) VALUES (2,1,1,2);
INSERT INTO catpath (id,size,ancestor_id,descendant_id) VALUES (3,2,1,3);
INSERT INTO catpath (id,size,ancestor_id,descendant_id) VALUES (4,3,1,4);
INSERT INTO catpath (id,size,ancestor_id,descendant_id) VALUES (5,3,1,5);
INSERT INTO catpath (id,size,ancestor_id,descendant_id) VALUES (6,3,1,6);
INSERT INTO catpath (id,size,ancestor_id,descendant_id) VALUES (7,3,1,7);
INSERT INTO catpath (id,size,ancestor_id,descendant_id) VALUES (8,3,1,8);
INSERT INTO catpath (id,size,ancestor_id,descendant_id) VALUES (9,3,1,9);
INSERT INTO catpath (id,size,ancestor_id,descendant_id) VALUES (10,3,1,10);
INSERT INTO catpath (id,size,ancestor_id,descendant_id) VALUES (11,3,1,11);
INSERT INTO catpath (id,size,ancestor_id,descendant_id) VALUES (12,3,1,12);
INSERT INTO catpath (id,size,ancestor_id,descendant_id) VALUES (13,2,1,13);
INSERT INTO catpath (id,size,ancestor_id,descendant_id) VALUES (14,3,1,14);
INSERT INTO catpath (id,size,ancestor_id,descendant_id) VALUES (15,3,1,15);
INSERT INTO catpath (id,size,ancestor_id,descendant_id) VALUES (16,3,1,16);
INSERT INTO catpath (id,size,ancestor_id,descendant_id) VALUES (17,3,1,17);
INSERT INTO catpath (id,size,ancestor_id,descendant_id) VALUES (18,3,1,18);
INSERT INTO catpath (id,size,ancestor_id,descendant_id) VALUES (19,3,1,19);
INSERT INTO catpath (id,size,ancestor_id,descendant_id) VALUES (20,3,1,20);
INSERT INTO catpath (id,size,ancestor_id,descendant_id) VALUES (21,3,1,21);
INSERT INTO catpath (id,size,ancestor_id,descendant_id) VALUES (22,2,1,22);
INSERT INTO catpath (id,size,ancestor_id,descendant_id) VALUES (23,3,1,23);
INSERT INTO catpath (id,size,ancestor_id,descendant_id) VALUES (24,3,1,24);
INSERT INTO catpath (id,size,ancestor_id,descendant_id) VALUES (25,3,1,25);
INSERT INTO catpath (id,size,ancestor_id,descendant_id) VALUES (26,3,1,26);
INSERT INTO catpath (id,size,ancestor_id,descendant_id) VALUES (27,3,1,27);
INSERT INTO catpath (id,size,ancestor_id,descendant_id) VALUES (28,3,1,28);
INSERT INTO catpath (id,size,ancestor_id,descendant_id) VALUES (29,3,1,29);
INSERT INTO catpath (id,size,ancestor_id,descendant_id) VALUES (30,3,1,30);
INSERT INTO catpath (id,size,ancestor_id,descendant_id) VALUES (31,3,1,31);
INSERT INTO catpath (id,size,ancestor_id,descendant_id) VALUES (32,3,1,32);
INSERT INTO catpath (id,size,ancestor_id,descendant_id) VALUES (33,3,1,33);
INSERT INTO catpath (id,size,ancestor_id,descendant_id) VALUES (34,3,1,34);
INSERT INTO catpath (id,size,ancestor_id,descendant_id) VALUES (35,3,1,35);
INSERT INTO catpath (id,size,ancestor_id,descendant_id) VALUES (36,3,1,36);
INSERT INTO catpath (id,size,ancestor_id,descendant_id) VALUES (37,3,1,37);
INSERT INTO catpath (id,size,ancestor_id,descendant_id) VALUES (38,3,1,38);
INSERT INTO catpath (id,size,ancestor_id,descendant_id) VALUES (39,2,1,39);
INSERT INTO catpath (id,size,ancestor_id,descendant_id) VALUES (40,3,1,40);
INSERT INTO catpath (id,size,ancestor_id,descendant_id) VALUES (41,3,1,41);
INSERT INTO catpath (id,size,ancestor_id,descendant_id) VALUES (42,3,1,42);
INSERT INTO catpath (id,size,ancestor_id,descendant_id) VALUES (43,3,1,43);
INSERT INTO catpath (id,size,ancestor_id,descendant_id) VALUES (44,3,1,44);
INSERT INTO catpath (id,size,ancestor_id,descendant_id) VALUES (45,3,1,45);
INSERT INTO catpath (id,size,ancestor_id,descendant_id) VALUES (46,3,1,46);
INSERT INTO catpath (id,size,ancestor_id,descendant_id) VALUES (47,3,1,47);
INSERT INTO catpath (id,size,ancestor_id,descendant_id) VALUES (48,3,1,48);
INSERT INTO catpath (id,size,ancestor_id,descendant_id) VALUES (49,2,1,49);
INSERT INTO catpath (id,size,ancestor_id,descendant_id) VALUES (50,3,1,50);
INSERT INTO catpath (id,size,ancestor_id,descendant_id) VALUES (51,3,1,51);
INSERT INTO catpath (id,size,ancestor_id,descendant_id) VALUES (52,2,1,52);
INSERT INTO catpath (id,size,ancestor_id,descendant_id) VALUES (53,3,1,53);
INSERT INTO catpath (id,size,ancestor_id,descendant_id) VALUES (54,3,1,54);
INSERT INTO catpath (id,size,ancestor_id,descendant_id) VALUES (55,3,1,55);
INSERT INTO catpath (id,size,ancestor_id,descendant_id) VALUES (56,3,1,56);
INSERT INTO catpath (id,size,ancestor_id,descendant_id) VALUES (57,3,1,57);
INSERT INTO catpath (id,size,ancestor_id,descendant_id) VALUES (58,3,1,58);
INSERT INTO catpath (id,size,ancestor_id,descendant_id) VALUES (59,3,1,59);
INSERT INTO catpath (id,size,ancestor_id,descendant_id) VALUES (60,3,1,60);
INSERT INTO catpath (id,size,ancestor_id,descendant_id) VALUES (61,2,1,61);
INSERT INTO catpath (id,size,ancestor_id,descendant_id) VALUES (62,3,1,62);
INSERT INTO catpath (id,size,ancestor_id,descendant_id) VALUES (63,3,1,63);
INSERT INTO catpath (id,size,ancestor_id,descendant_id) VALUES (64,3,1,64);
INSERT INTO catpath (id,size,ancestor_id,descendant_id) VALUES (65,3,1,65);
INSERT INTO catpath (id,size,ancestor_id,descendant_id) VALUES (66,3,1,66);
INSERT INTO catpath (id,size,ancestor_id,descendant_id) VALUES (67,3,1,67);
INSERT INTO catpath (id,size,ancestor_id,descendant_id) VALUES (68,3,1,68);
INSERT INTO catpath (id,size,ancestor_id,descendant_id) VALUES (69,3,1,69);
INSERT INTO catpath (id,size,ancestor_id,descendant_id) VALUES (70,3,1,70);
INSERT INTO catpath (id,size,ancestor_id,descendant_id) VALUES (71,3,1,71);
INSERT INTO catpath (id,size,ancestor_id,descendant_id) VALUES (72,3,1,72);
INSERT INTO catpath (id,size,ancestor_id,descendant_id) VALUES (73,3,1,73);
INSERT INTO catpath (id,size,ancestor_id,descendant_id) VALUES (74,3,1,74);
INSERT INTO catpath (id,size,ancestor_id,descendant_id) VALUES (75,3,1,75);
INSERT INTO catpath (id,size,ancestor_id,descendant_id) VALUES (76,3,1,76);
INSERT INTO catpath (id,size,ancestor_id,descendant_id) VALUES (77,2,1,77);
INSERT INTO catpath (id,size,ancestor_id,descendant_id) VALUES (78,2,1,78);
INSERT INTO catpath (id,size,ancestor_id,descendant_id) VALUES (79,3,1,79);
INSERT INTO catpath (id,size,ancestor_id,descendant_id) VALUES (80,3,1,80);
INSERT INTO catpath (id,size,ancestor_id,descendant_id) VALUES (81,3,1,81);
INSERT INTO catpath (id,size,ancestor_id,descendant_id) VALUES (82,3,1,82);
INSERT INTO catpath (id,size,ancestor_id,descendant_id) VALUES (83,3,1,83);
INSERT INTO catpath (id,size,ancestor_id,descendant_id) VALUES (84,3,1,84);
INSERT INTO catpath (id,size,ancestor_id,descendant_id) VALUES (85,3,1,85);
INSERT INTO catpath (id,size,ancestor_id,descendant_id) VALUES (86,2,1,86);
INSERT INTO catpath (id,size,ancestor_id,descendant_id) VALUES (87,1,1,87);
INSERT INTO catpath (id,size,ancestor_id,descendant_id) VALUES (88,2,1,88);
INSERT INTO catpath (id,size,ancestor_id,descendant_id) VALUES (89,3,1,89);
INSERT INTO catpath (id,size,ancestor_id,descendant_id) VALUES (90,3,1,90);
INSERT INTO catpath (id,size,ancestor_id,descendant_id) VALUES (91,3,1,91);
INSERT INTO catpath (id,size,ancestor_id,descendant_id) VALUES (92,3,1,92);
INSERT INTO catpath (id,size,ancestor_id,descendant_id) VALUES (93,3,1,93);
INSERT INTO catpath (id,size,ancestor_id,descendant_id) VALUES (94,3,1,94);
INSERT INTO catpath (id,size,ancestor_id,descendant_id) VALUES (95,2,1,95);
INSERT INTO catpath (id,size,ancestor_id,descendant_id) VALUES (96,3,1,96);
INSERT INTO catpath (id,size,ancestor_id,descendant_id) VALUES (97,3,1,97);
INSERT INTO catpath (id,size,ancestor_id,descendant_id) VALUES (98,3,1,98);
INSERT INTO catpath (id,size,ancestor_id,descendant_id) VALUES (99,3,1,99);
INSERT INTO catpath (id,size,ancestor_id,descendant_id) VALUES (100,3,1,100);
INSERT INTO catpath (id,size,ancestor_id,descendant_id) VALUES (101,3,1,101);
INSERT INTO catpath (id,size,ancestor_id,descendant_id) VALUES (102,2,1,102);
INSERT INTO catpath (id,size,ancestor_id,descendant_id) VALUES (103,3,1,103);
INSERT INTO catpath (id,size,ancestor_id,descendant_id) VALUES (104,3,1,104);
INSERT INTO catpath (id,size,ancestor_id,descendant_id) VALUES (105,3,1,105);
INSERT INTO catpath (id,size,ancestor_id,descendant_id) VALUES (106,3,1,106);
INSERT INTO catpath (id,size,ancestor_id,descendant_id) VALUES (107,3,1,107);
INSERT INTO catpath (id,size,ancestor_id,descendant_id) VALUES (108,3,1,108);
INSERT INTO catpath (id,size,ancestor_id,descendant_id) VALUES (109,3,1,109);
INSERT INTO catpath (id,size,ancestor_id,descendant_id) VALUES (110,3,1,110);
INSERT INTO catpath (id,size,ancestor_id,descendant_id) VALUES (111,3,1,111);
INSERT INTO catpath (id,size,ancestor_id,descendant_id) VALUES (112,2,1,112);
INSERT INTO catpath (id,size,ancestor_id,descendant_id) VALUES (113,3,1,113);
INSERT INTO catpath (id,size,ancestor_id,descendant_id) VALUES (114,3,1,114);
INSERT INTO catpath (id,size,ancestor_id,descendant_id) VALUES (115,3,1,115);
INSERT INTO catpath (id,size,ancestor_id,descendant_id) VALUES (116,3,1,116);
INSERT INTO catpath (id,size,ancestor_id,descendant_id) VALUES (117,3,1,117);
INSERT INTO catpath (id,size,ancestor_id,descendant_id) VALUES (118,3,1,118);
INSERT INTO catpath (id,size,ancestor_id,descendant_id) VALUES (119,3,1,119);
INSERT INTO catpath (id,size,ancestor_id,descendant_id) VALUES (120,3,1,120);
INSERT INTO catpath (id,size,ancestor_id,descendant_id) VALUES (121,3,1,121);
INSERT INTO catpath (id,size,ancestor_id,descendant_id) VALUES (122,2,1,122);
INSERT INTO catpath (id,size,ancestor_id,descendant_id) VALUES (123,3,1,123);
INSERT INTO catpath (id,size,ancestor_id,descendant_id) VALUES (124,3,1,124);
INSERT INTO catpath (id,size,ancestor_id,descendant_id) VALUES (125,3,1,125);
INSERT INTO catpath (id,size,ancestor_id,descendant_id) VALUES (126,3,1,126);
INSERT INTO catpath (id,size,ancestor_id,descendant_id) VALUES (127,3,1,127);
INSERT INTO catpath (id,size,ancestor_id,descendant_id) VALUES (128,3,1,128);
INSERT INTO catpath (id,size,ancestor_id,descendant_id) VALUES (129,2,1,129);
INSERT INTO catpath (id,size,ancestor_id,descendant_id) VALUES (130,3,1,130);
INSERT INTO catpath (id,size,ancestor_id,descendant_id) VALUES (131,3,1,131);
INSERT INTO catpath (id,size,ancestor_id,descendant_id) VALUES (132,3,1,132);
INSERT INTO catpath (id,size,ancestor_id,descendant_id) VALUES (133,3,1,133);
INSERT INTO catpath (id,size,ancestor_id,descendant_id) VALUES (134,3,1,134);
INSERT INTO catpath (id,size,ancestor_id,descendant_id) VALUES (135,3,1,135);
INSERT INTO catpath (id,size,ancestor_id,descendant_id) VALUES (136,3,1,136);
INSERT INTO catpath (id,size,ancestor_id,descendant_id) VALUES (137,3,1,137);
INSERT INTO catpath (id,size,ancestor_id,descendant_id) VALUES (138,2,1,138);
INSERT INTO catpath (id,size,ancestor_id,descendant_id) VALUES (139,3,1,139);
INSERT INTO catpath (id,size,ancestor_id,descendant_id) VALUES (140,3,1,140);
INSERT INTO catpath (id,size,ancestor_id,descendant_id) VALUES (141,3,1,141);
INSERT INTO catpath (id,size,ancestor_id,descendant_id) VALUES (142,3,1,142);
INSERT INTO catpath (id,size,ancestor_id,descendant_id) VALUES (143,3,1,143);
INSERT INTO catpath (id,size,ancestor_id,descendant_id) VALUES (144,3,1,144);
INSERT INTO catpath (id,size,ancestor_id,descendant_id) VALUES (145,3,1,145);
INSERT INTO catpath (id,size,ancestor_id,descendant_id) VALUES (146,3,1,146);
INSERT INTO catpath (id,size,ancestor_id,descendant_id) VALUES (147,3,1,147);
INSERT INTO catpath (id,size,ancestor_id,descendant_id) VALUES (148,0,2,2);
INSERT INTO catpath (id,size,ancestor_id,descendant_id) VALUES (149,1,2,3);
INSERT INTO catpath (id,size,ancestor_id,descendant_id) VALUES (150,2,2,4);
INSERT INTO catpath (id,size,ancestor_id,descendant_id) VALUES (151,2,2,5);
INSERT INTO catpath (id,size,ancestor_id,descendant_id) VALUES (152,2,2,6);
INSERT INTO catpath (id,size,ancestor_id,descendant_id) VALUES (153,2,2,7);
INSERT INTO catpath (id,size,ancestor_id,descendant_id) VALUES (154,2,2,8);
INSERT INTO catpath (id,size,ancestor_id,descendant_id) VALUES (155,2,2,9);
INSERT INTO catpath (id,size,ancestor_id,descendant_id) VALUES (156,2,2,10);
INSERT INTO catpath (id,size,ancestor_id,descendant_id) VALUES (157,2,2,11);
INSERT INTO catpath (id,size,ancestor_id,descendant_id) VALUES (158,2,2,12);
INSERT INTO catpath (id,size,ancestor_id,descendant_id) VALUES (159,1,2,13);
INSERT INTO catpath (id,size,ancestor_id,descendant_id) VALUES (160,2,2,14);
INSERT INTO catpath (id,size,ancestor_id,descendant_id) VALUES (161,2,2,15);
INSERT INTO catpath (id,size,ancestor_id,descendant_id) VALUES (162,2,2,16);
INSERT INTO catpath (id,size,ancestor_id,descendant_id) VALUES (163,2,2,17);
INSERT INTO catpath (id,size,ancestor_id,descendant_id) VALUES (164,2,2,18);
INSERT INTO catpath (id,size,ancestor_id,descendant_id) VALUES (165,2,2,19);
INSERT INTO catpath (id,size,ancestor_id,descendant_id) VALUES (166,2,2,20);
INSERT INTO catpath (id,size,ancestor_id,descendant_id) VALUES (167,2,2,21);
INSERT INTO catpath (id,size,ancestor_id,descendant_id) VALUES (168,1,2,22);
INSERT INTO catpath (id,size,ancestor_id,descendant_id) VALUES (169,2,2,23);
INSERT INTO catpath (id,size,ancestor_id,descendant_id) VALUES (170,2,2,24);
INSERT INTO catpath (id,size,ancestor_id,descendant_id) VALUES (171,2,2,25);
INSERT INTO catpath (id,size,ancestor_id,descendant_id) VALUES (172,2,2,26);
INSERT INTO catpath (id,size,ancestor_id,descendant_id) VALUES (173,2,2,27);
INSERT INTO catpath (id,size,ancestor_id,descendant_id) VALUES (174,2,2,28);
INSERT INTO catpath (id,size,ancestor_id,descendant_id) VALUES (175,2,2,29);
INSERT INTO catpath (id,size,ancestor_id,descendant_id) VALUES (176,2,2,30);
INSERT INTO catpath (id,size,ancestor_id,descendant_id) VALUES (177,2,2,31);
INSERT INTO catpath (id,size,ancestor_id,descendant_id) VALUES (178,2,2,32);
INSERT INTO catpath (id,size,ancestor_id,descendant_id) VALUES (179,2,2,33);
INSERT INTO catpath (id,size,ancestor_id,descendant_id) VALUES (180,2,2,34);
INSERT INTO catpath (id,size,ancestor_id,descendant_id) VALUES (181,2,2,35);
INSERT INTO catpath (id,size,ancestor_id,descendant_id) VALUES (182,2,2,36);
INSERT INTO catpath (id,size,ancestor_id,descendant_id) VALUES (183,2,2,37);
INSERT INTO catpath (id,size,ancestor_id,descendant_id) VALUES (184,2,2,38);
INSERT INTO catpath (id,size,ancestor_id,descendant_id) VALUES (185,1,2,39);
INSERT INTO catpath (id,size,ancestor_id,descendant_id) VALUES (186,2,2,40);
INSERT INTO catpath (id,size,ancestor_id,descendant_id) VALUES (187,2,2,41);
INSERT INTO catpath (id,size,ancestor_id,descendant_id) VALUES (188,2,2,42);
INSERT INTO catpath (id,size,ancestor_id,descendant_id) VALUES (189,2,2,43);
INSERT INTO catpath (id,size,ancestor_id,descendant_id) VALUES (190,2,2,44);
INSERT INTO catpath (id,size,ancestor_id,descendant_id) VALUES (191,2,2,45);
INSERT INTO catpath (id,size,ancestor_id,descendant_id) VALUES (192,2,2,46);
INSERT INTO catpath (id,size,ancestor_id,descendant_id) VALUES (193,2,2,47);
INSERT INTO catpath (id,size,ancestor_id,descendant_id) VALUES (194,2,2,48);
INSERT INTO catpath (id,size,ancestor_id,descendant_id) VALUES (195,1,2,49);
INSERT INTO catpath (id,size,ancestor_id,descendant_id) VALUES (196,2,2,50);
INSERT INTO catpath (id,size,ancestor_id,descendant_id) VALUES (197,2,2,51);
INSERT INTO catpath (id,size,ancestor_id,descendant_id) VALUES (198,1,2,52);
INSERT INTO catpath (id,size,ancestor_id,descendant_id) VALUES (199,2,2,53);
INSERT INTO catpath (id,size,ancestor_id,descendant_id) VALUES (200,2,2,54);
INSERT INTO catpath (id,size,ancestor_id,descendant_id) VALUES (201,2,2,55);
INSERT INTO catpath (id,size,ancestor_id,descendant_id) VALUES (202,2,2,56);
INSERT INTO catpath (id,size,ancestor_id,descendant_id) VALUES (203,2,2,57);
INSERT INTO catpath (id,size,ancestor_id,descendant_id) VALUES (204,2,2,58);
INSERT INTO catpath (id,size,ancestor_id,descendant_id) VALUES (205,2,2,59);
INSERT INTO catpath (id,size,ancestor_id,descendant_id) VALUES (206,2,2,60);
INSERT INTO catpath (id,size,ancestor_id,descendant_id) VALUES (207,1,2,61);
INSERT INTO catpath (id,size,ancestor_id,descendant_id) VALUES (208,2,2,62);
INSERT INTO catpath (id,size,ancestor_id,descendant_id) VALUES (209,2,2,63);
INSERT INTO catpath (id,size,ancestor_id,descendant_id) VALUES (210,2,2,64);
INSERT INTO catpath (id,size,ancestor_id,descendant_id) VALUES (211,2,2,65);
INSERT INTO catpath (id,size,ancestor_id,descendant_id) VALUES (212,2,2,66);
INSERT INTO catpath (id,size,ancestor_id,descendant_id) VALUES (213,2,2,67);
INSERT INTO catpath (id,size,ancestor_id,descendant_id) VALUES (214,2,2,68);
INSERT INTO catpath (id,size,ancestor_id,descendant_id) VALUES (215,2,2,69);
INSERT INTO catpath (id,size,ancestor_id,descendant_id) VALUES (216,2,2,70);
INSERT INTO catpath (id,size,ancestor_id,descendant_id) VALUES (217,2,2,71);
INSERT INTO catpath (id,size,ancestor_id,descendant_id) VALUES (218,2,2,72);
INSERT INTO catpath (id,size,ancestor_id,descendant_id) VALUES (219,2,2,73);
INSERT INTO catpath (id,size,ancestor_id,descendant_id) VALUES (220,2,2,74);
INSERT INTO catpath (id,size,ancestor_id,descendant_id) VALUES (221,2,2,75);
INSERT INTO catpath (id,size,ancestor_id,descendant_id) VALUES (222,2,2,76);
INSERT INTO catpath (id,size,ancestor_id,descendant_id) VALUES (223,1,2,77);
INSERT INTO catpath (id,size,ancestor_id,descendant_id) VALUES (224,1,2,78);
INSERT INTO catpath (id,size,ancestor_id,descendant_id) VALUES (225,2,2,79);
INSERT INTO catpath (id,size,ancestor_id,descendant_id) VALUES (226,2,2,80);
INSERT INTO catpath (id,size,ancestor_id,descendant_id) VALUES (227,2,2,81);
INSERT INTO catpath (id,size,ancestor_id,descendant_id) VALUES (228,2,2,82);
INSERT INTO catpath (id,size,ancestor_id,descendant_id) VALUES (229,2,2,83);
INSERT INTO catpath (id,size,ancestor_id,descendant_id) VALUES (230,2,2,84);
INSERT INTO catpath (id,size,ancestor_id,descendant_id) VALUES (231,2,2,85);
INSERT INTO catpath (id,size,ancestor_id,descendant_id) VALUES (232,1,2,86);
INSERT INTO catpath (id,size,ancestor_id,descendant_id) VALUES (233,0,3,3);
INSERT INTO catpath (id,size,ancestor_id,descendant_id) VALUES (234,1,3,4);
INSERT INTO catpath (id,size,ancestor_id,descendant_id) VALUES (235,1,3,5);
INSERT INTO catpath (id,size,ancestor_id,descendant_id) VALUES (236,1,3,6);
INSERT INTO catpath (id,size,ancestor_id,descendant_id) VALUES (237,1,3,7);
INSERT INTO catpath (id,size,ancestor_id,descendant_id) VALUES (238,1,3,8);
INSERT INTO catpath (id,size,ancestor_id,descendant_id) VALUES (239,1,3,9);
INSERT INTO catpath (id,size,ancestor_id,descendant_id) VALUES (240,1,3,10);
INSERT INTO catpath (id,size,ancestor_id,descendant_id) VALUES (241,1,3,11);
INSERT INTO catpath (id,size,ancestor_id,descendant_id) VALUES (242,1,3,12);
INSERT INTO catpath (id,size,ancestor_id,descendant_id) VALUES (243,0,4,4);
INSERT INTO catpath (id,size,ancestor_id,descendant_id) VALUES (244,0,5,5);
INSERT INTO catpath (id,size,ancestor_id,descendant_id) VALUES (245,0,6,6);
INSERT INTO catpath (id,size,ancestor_id,descendant_id) VALUES (246,0,7,7);
INSERT INTO catpath (id,size,ancestor_id,descendant_id) VALUES (247,0,8,8);
INSERT INTO catpath (id,size,ancestor_id,descendant_id) VALUES (248,0,9,9);
INSERT INTO catpath (id,size,ancestor_id,descendant_id) VALUES (249,0,10,10);
INSERT INTO catpath (id,size,ancestor_id,descendant_id) VALUES (250,0,11,11);
INSERT INTO catpath (id,size,ancestor_id,descendant_id) VALUES (251,0,12,12);
INSERT INTO catpath (id,size,ancestor_id,descendant_id) VALUES (252,0,13,13);
INSERT INTO catpath (id,size,ancestor_id,descendant_id) VALUES (253,1,13,14);
INSERT INTO catpath (id,size,ancestor_id,descendant_id) VALUES (254,1,13,15);
INSERT INTO catpath (id,size,ancestor_id,descendant_id) VALUES (255,1,13,16);
INSERT INTO catpath (id,size,ancestor_id,descendant_id) VALUES (256,1,13,17);
INSERT INTO catpath (id,size,ancestor_id,descendant_id) VALUES (257,1,13,18);
INSERT INTO catpath (id,size,ancestor_id,descendant_id) VALUES (258,1,13,19);
INSERT INTO catpath (id,size,ancestor_id,descendant_id) VALUES (259,1,13,20);
INSERT INTO catpath (id,size,ancestor_id,descendant_id) VALUES (260,1,13,21);
INSERT INTO catpath (id,size,ancestor_id,descendant_id) VALUES (261,0,14,14);
INSERT INTO catpath (id,size,ancestor_id,descendant_id) VALUES (262,0,15,15);
INSERT INTO catpath (id,size,ancestor_id,descendant_id) VALUES (263,0,16,16);
INSERT INTO catpath (id,size,ancestor_id,descendant_id) VALUES (264,0,17,17);
INSERT INTO catpath (id,size,ancestor_id,descendant_id) VALUES (265,0,18,18);
INSERT INTO catpath (id,size,ancestor_id,descendant_id) VALUES (266,0,19,19);
INSERT INTO catpath (id,size,ancestor_id,descendant_id) VALUES (267,0,20,20);
INSERT INTO catpath (id,size,ancestor_id,descendant_id) VALUES (268,0,21,21);
INSERT INTO catpath (id,size,ancestor_id,descendant_id) VALUES (269,0,22,22);
INSERT INTO catpath (id,size,ancestor_id,descendant_id) VALUES (270,1,22,23);
INSERT INTO catpath (id,size,ancestor_id,descendant_id) VALUES (271,1,22,24);
INSERT INTO catpath (id,size,ancestor_id,descendant_id) VALUES (272,1,22,25);
INSERT INTO catpath (id,size,ancestor_id,descendant_id) VALUES (273,1,22,26);
INSERT INTO catpath (id,size,ancestor_id,descendant_id) VALUES (274,1,22,27);
INSERT INTO catpath (id,size,ancestor_id,descendant_id) VALUES (275,1,22,28);
INSERT INTO catpath (id,size,ancestor_id,descendant_id) VALUES (276,1,22,29);
INSERT INTO catpath (id,size,ancestor_id,descendant_id) VALUES (277,1,22,30);
INSERT INTO catpath (id,size,ancestor_id,descendant_id) VALUES (278,1,22,31);
INSERT INTO catpath (id,size,ancestor_id,descendant_id) VALUES (279,1,22,32);
INSERT INTO catpath (id,size,ancestor_id,descendant_id) VALUES (280,1,22,33);
INSERT INTO catpath (id,size,ancestor_id,descendant_id) VALUES (281,1,22,34);
INSERT INTO catpath (id,size,ancestor_id,descendant_id) VALUES (282,1,22,35);
INSERT INTO catpath (id,size,ancestor_id,descendant_id) VALUES (283,1,22,36);
INSERT INTO catpath (id,size,ancestor_id,descendant_id) VALUES (284,1,22,37);
INSERT INTO catpath (id,size,ancestor_id,descendant_id) VALUES (285,1,22,38);
INSERT INTO catpath (id,size,ancestor_id,descendant_id) VALUES (286,0,23,23);
INSERT INTO catpath (id,size,ancestor_id,descendant_id) VALUES (287,0,24,24);
INSERT INTO catpath (id,size,ancestor_id,descendant_id) VALUES (288,0,25,25);
INSERT INTO catpath (id,size,ancestor_id,descendant_id) VALUES (289,0,26,26);
INSERT INTO catpath (id,size,ancestor_id,descendant_id) VALUES (290,0,27,27);
INSERT INTO catpath (id,size,ancestor_id,descendant_id) VALUES (291,0,28,28);
INSERT INTO catpath (id,size,ancestor_id,descendant_id) VALUES (292,0,29,29);
INSERT INTO catpath (id,size,ancestor_id,descendant_id) VALUES (293,0,30,30);
INSERT INTO catpath (id,size,ancestor_id,descendant_id) VALUES (294,0,31,31);
INSERT INTO catpath (id,size,ancestor_id,descendant_id) VALUES (295,0,32,32);
INSERT INTO catpath (id,size,ancestor_id,descendant_id) VALUES (296,0,33,33);
INSERT INTO catpath (id,size,ancestor_id,descendant_id) VALUES (297,0,34,34);
INSERT INTO catpath (id,size,ancestor_id,descendant_id) VALUES (298,0,35,35);
INSERT INTO catpath (id,size,ancestor_id,descendant_id) VALUES (299,0,36,36);
INSERT INTO catpath (id,size,ancestor_id,descendant_id) VALUES (300,0,37,37);
INSERT INTO catpath (id,size,ancestor_id,descendant_id) VALUES (301,0,38,38);
INSERT INTO catpath (id,size,ancestor_id,descendant_id) VALUES (302,0,39,39);
INSERT INTO catpath (id,size,ancestor_id,descendant_id) VALUES (303,1,39,40);
INSERT INTO catpath (id,size,ancestor_id,descendant_id) VALUES (304,1,39,41);
INSERT INTO catpath (id,size,ancestor_id,descendant_id) VALUES (305,1,39,42);
INSERT INTO catpath (id,size,ancestor_id,descendant_id) VALUES (306,1,39,43);
INSERT INTO catpath (id,size,ancestor_id,descendant_id) VALUES (307,1,39,44);
INSERT INTO catpath (id,size,ancestor_id,descendant_id) VALUES (308,1,39,45);
INSERT INTO catpath (id,size,ancestor_id,descendant_id) VALUES (309,1,39,46);
INSERT INTO catpath (id,size,ancestor_id,descendant_id) VALUES (310,1,39,47);
INSERT INTO catpath (id,size,ancestor_id,descendant_id) VALUES (311,1,39,48);
INSERT INTO catpath (id,size,ancestor_id,descendant_id) VALUES (312,0,40,40);
INSERT INTO catpath (id,size,ancestor_id,descendant_id) VALUES (313,0,41,41);
INSERT INTO catpath (id,size,ancestor_id,descendant_id) VALUES (314,0,42,42);
INSERT INTO catpath (id,size,ancestor_id,descendant_id) VALUES (315,0,43,43);
INSERT INTO catpath (id,size,ancestor_id,descendant_id) VALUES (316,0,44,44);
INSERT INTO catpath (id,size,ancestor_id,descendant_id) VALUES (317,0,45,45);
INSERT INTO catpath (id,size,ancestor_id,descendant_id) VALUES (318,0,46,46);
INSERT INTO catpath (id,size,ancestor_id,descendant_id) VALUES (319,0,47,47);
INSERT INTO catpath (id,size,ancestor_id,descendant_id) VALUES (320,0,48,48);
INSERT INTO catpath (id,size,ancestor_id,descendant_id) VALUES (321,0,49,49);
INSERT INTO catpath (id,size,ancestor_id,descendant_id) VALUES (322,1,49,50);
INSERT INTO catpath (id,size,ancestor_id,descendant_id) VALUES (323,1,49,51);
INSERT INTO catpath (id,size,ancestor_id,descendant_id) VALUES (324,0,50,50);
INSERT INTO catpath (id,size,ancestor_id,descendant_id) VALUES (325,0,51,51);
INSERT INTO catpath (id,size,ancestor_id,descendant_id) VALUES (326,0,52,52);
INSERT INTO catpath (id,size,ancestor_id,descendant_id) VALUES (327,1,52,53);
INSERT INTO catpath (id,size,ancestor_id,descendant_id) VALUES (328,1,52,54);
INSERT INTO catpath (id,size,ancestor_id,descendant_id) VALUES (329,1,52,55);
INSERT INTO catpath (id,size,ancestor_id,descendant_id) VALUES (330,1,52,56);
INSERT INTO catpath (id,size,ancestor_id,descendant_id) VALUES (331,1,52,57);
INSERT INTO catpath (id,size,ancestor_id,descendant_id) VALUES (332,1,52,58);
INSERT INTO catpath (id,size,ancestor_id,descendant_id) VALUES (333,1,52,59);
INSERT INTO catpath (id,size,ancestor_id,descendant_id) VALUES (334,1,52,60);
INSERT INTO catpath (id,size,ancestor_id,descendant_id) VALUES (335,0,53,53);
INSERT INTO catpath (id,size,ancestor_id,descendant_id) VALUES (336,0,54,54);
INSERT INTO catpath (id,size,ancestor_id,descendant_id) VALUES (337,0,55,55);
INSERT INTO catpath (id,size,ancestor_id,descendant_id) VALUES (338,0,56,56);
INSERT INTO catpath (id,size,ancestor_id,descendant_id) VALUES (339,0,57,57);
INSERT INTO catpath (id,size,ancestor_id,descendant_id) VALUES (340,0,58,58);
INSERT INTO catpath (id,size,ancestor_id,descendant_id) VALUES (341,0,59,59);
INSERT INTO catpath (id,size,ancestor_id,descendant_id) VALUES (342,0,60,60);
INSERT INTO catpath (id,size,ancestor_id,descendant_id) VALUES (343,0,61,61);
INSERT INTO catpath (id,size,ancestor_id,descendant_id) VALUES (344,1,61,62);
INSERT INTO catpath (id,size,ancestor_id,descendant_id) VALUES (345,1,61,63);
INSERT INTO catpath (id,size,ancestor_id,descendant_id) VALUES (346,1,61,64);
INSERT INTO catpath (id,size,ancestor_id,descendant_id) VALUES (347,1,61,65);
INSERT INTO catpath (id,size,ancestor_id,descendant_id) VALUES (348,1,61,66);
INSERT INTO catpath (id,size,ancestor_id,descendant_id) VALUES (349,1,61,67);
INSERT INTO catpath (id,size,ancestor_id,descendant_id) VALUES (350,1,61,68);
INSERT INTO catpath (id,size,ancestor_id,descendant_id) VALUES (351,1,61,69);
INSERT INTO catpath (id,size,ancestor_id,descendant_id) VALUES (352,1,61,70);
INSERT INTO catpath (id,size,ancestor_id,descendant_id) VALUES (353,1,61,71);
INSERT INTO catpath (id,size,ancestor_id,descendant_id) VALUES (354,1,61,72);
INSERT INTO catpath (id,size,ancestor_id,descendant_id) VALUES (355,1,61,73);
INSERT INTO catpath (id,size,ancestor_id,descendant_id) VALUES (356,1,61,74);
INSERT INTO catpath (id,size,ancestor_id,descendant_id) VALUES (357,1,61,75);
INSERT INTO catpath (id,size,ancestor_id,descendant_id) VALUES (358,1,61,76);
INSERT INTO catpath (id,size,ancestor_id,descendant_id) VALUES (359,0,62,62);
INSERT INTO catpath (id,size,ancestor_id,descendant_id) VALUES (360,0,63,63);
INSERT INTO catpath (id,size,ancestor_id,descendant_id) VALUES (361,0,64,64);
INSERT INTO catpath (id,size,ancestor_id,descendant_id) VALUES (362,0,65,65);
INSERT INTO catpath (id,size,ancestor_id,descendant_id) VALUES (363,0,66,66);
INSERT INTO catpath (id,size,ancestor_id,descendant_id) VALUES (364,0,67,67);
INSERT INTO catpath (id,size,ancestor_id,descendant_id) VALUES (365,0,68,68);
INSERT INTO catpath (id,size,ancestor_id,descendant_id) VALUES (366,0,69,69);
INSERT INTO catpath (id,size,ancestor_id,descendant_id) VALUES (367,0,70,70);
INSERT INTO catpath (id,size,ancestor_id,descendant_id) VALUES (368,0,71,71);
INSERT INTO catpath (id,size,ancestor_id,descendant_id) VALUES (369,0,72,72);
INSERT INTO catpath (id,size,ancestor_id,descendant_id) VALUES (370,0,73,73);
INSERT INTO catpath (id,size,ancestor_id,descendant_id) VALUES (371,0,74,74);
INSERT INTO catpath (id,size,ancestor_id,descendant_id) VALUES (372,0,75,75);
INSERT INTO catpath (id,size,ancestor_id,descendant_id) VALUES (373,0,76,76);
INSERT INTO catpath (id,size,ancestor_id,descendant_id) VALUES (374,0,77,77);
INSERT INTO catpath (id,size,ancestor_id,descendant_id) VALUES (375,0,78,78);
INSERT INTO catpath (id,size,ancestor_id,descendant_id) VALUES (376,1,78,79);
INSERT INTO catpath (id,size,ancestor_id,descendant_id) VALUES (377,1,78,80);
INSERT INTO catpath (id,size,ancestor_id,descendant_id) VALUES (378,1,78,81);
INSERT INTO catpath (id,size,ancestor_id,descendant_id) VALUES (379,1,78,82);
INSERT INTO catpath (id,size,ancestor_id,descendant_id) VALUES (380,1,78,83);
INSERT INTO catpath (id,size,ancestor_id,descendant_id) VALUES (381,1,78,84);
INSERT INTO catpath (id,size,ancestor_id,descendant_id) VALUES (382,1,78,85);
INSERT INTO catpath (id,size,ancestor_id,descendant_id) VALUES (383,0,79,79);
INSERT INTO catpath (id,size,ancestor_id,descendant_id) VALUES (384,0,80,80);
INSERT INTO catpath (id,size,ancestor_id,descendant_id) VALUES (385,0,81,81);
INSERT INTO catpath (id,size,ancestor_id,descendant_id) VALUES (386,0,82,82);
INSERT INTO catpath (id,size,ancestor_id,descendant_id) VALUES (387,0,83,83);
INSERT INTO catpath (id,size,ancestor_id,descendant_id) VALUES (388,0,84,84);
INSERT INTO catpath (id,size,ancestor_id,descendant_id) VALUES (389,0,85,85);
INSERT INTO catpath (id,size,ancestor_id,descendant_id) VALUES (390,0,86,86);
INSERT INTO catpath (id,size,ancestor_id,descendant_id) VALUES (391,0,87,87);
INSERT INTO catpath (id,size,ancestor_id,descendant_id) VALUES (392,1,87,88);
INSERT INTO catpath (id,size,ancestor_id,descendant_id) VALUES (393,2,87,89);
INSERT INTO catpath (id,size,ancestor_id,descendant_id) VALUES (394,2,87,90);
INSERT INTO catpath (id,size,ancestor_id,descendant_id) VALUES (395,2,87,91);
INSERT INTO catpath (id,size,ancestor_id,descendant_id) VALUES (396,2,87,92);
INSERT INTO catpath (id,size,ancestor_id,descendant_id) VALUES (397,2,87,93);
INSERT INTO catpath (id,size,ancestor_id,descendant_id) VALUES (398,2,87,94);
INSERT INTO catpath (id,size,ancestor_id,descendant_id) VALUES (399,1,87,95);
INSERT INTO catpath (id,size,ancestor_id,descendant_id) VALUES (400,2,87,96);
INSERT INTO catpath (id,size,ancestor_id,descendant_id) VALUES (401,2,87,97);
INSERT INTO catpath (id,size,ancestor_id,descendant_id) VALUES (402,2,87,98);
INSERT INTO catpath (id,size,ancestor_id,descendant_id) VALUES (403,2,87,99);
INSERT INTO catpath (id,size,ancestor_id,descendant_id) VALUES (404,2,87,100);
INSERT INTO catpath (id,size,ancestor_id,descendant_id) VALUES (405,2,87,101);
INSERT INTO catpath (id,size,ancestor_id,descendant_id) VALUES (406,1,87,102);
INSERT INTO catpath (id,size,ancestor_id,descendant_id) VALUES (407,2,87,103);
INSERT INTO catpath (id,size,ancestor_id,descendant_id) VALUES (408,2,87,104);
INSERT INTO catpath (id,size,ancestor_id,descendant_id) VALUES (409,2,87,105);
INSERT INTO catpath (id,size,ancestor_id,descendant_id) VALUES (410,2,87,106);
INSERT INTO catpath (id,size,ancestor_id,descendant_id) VALUES (411,2,87,107);
INSERT INTO catpath (id,size,ancestor_id,descendant_id) VALUES (412,2,87,108);
INSERT INTO catpath (id,size,ancestor_id,descendant_id) VALUES (413,2,87,109);
INSERT INTO catpath (id,size,ancestor_id,descendant_id) VALUES (414,2,87,110);
INSERT INTO catpath (id,size,ancestor_id,descendant_id) VALUES (415,2,87,111);
INSERT INTO catpath (id,size,ancestor_id,descendant_id) VALUES (416,1,87,112);
INSERT INTO catpath (id,size,ancestor_id,descendant_id) VALUES (417,2,87,113);
INSERT INTO catpath (id,size,ancestor_id,descendant_id) VALUES (418,2,87,114);
INSERT INTO catpath (id,size,ancestor_id,descendant_id) VALUES (419,2,87,115);
INSERT INTO catpath (id,size,ancestor_id,descendant_id) VALUES (420,2,87,116);
INSERT INTO catpath (id,size,ancestor_id,descendant_id) VALUES (421,2,87,117);
INSERT INTO catpath (id,size,ancestor_id,descendant_id) VALUES (422,2,87,118);
INSERT INTO catpath (id,size,ancestor_id,descendant_id) VALUES (423,2,87,119);
INSERT INTO catpath (id,size,ancestor_id,descendant_id) VALUES (424,2,87,120);
INSERT INTO catpath (id,size,ancestor_id,descendant_id) VALUES (425,2,87,121);
INSERT INTO catpath (id,size,ancestor_id,descendant_id) VALUES (426,1,87,122);
INSERT INTO catpath (id,size,ancestor_id,descendant_id) VALUES (427,2,87,123);
INSERT INTO catpath (id,size,ancestor_id,descendant_id) VALUES (428,2,87,124);
INSERT INTO catpath (id,size,ancestor_id,descendant_id) VALUES (429,2,87,125);
INSERT INTO catpath (id,size,ancestor_id,descendant_id) VALUES (430,2,87,126);
INSERT INTO catpath (id,size,ancestor_id,descendant_id) VALUES (431,2,87,127);
INSERT INTO catpath (id,size,ancestor_id,descendant_id) VALUES (432,2,87,128);
INSERT INTO catpath (id,size,ancestor_id,descendant_id) VALUES (433,1,87,129);
INSERT INTO catpath (id,size,ancestor_id,descendant_id) VALUES (434,2,87,130);
INSERT INTO catpath (id,size,ancestor_id,descendant_id) VALUES (435,2,87,131);
INSERT INTO catpath (id,size,ancestor_id,descendant_id) VALUES (436,2,87,132);
INSERT INTO catpath (id,size,ancestor_id,descendant_id) VALUES (437,2,87,133);
INSERT INTO catpath (id,size,ancestor_id,descendant_id) VALUES (438,2,87,134);
INSERT INTO catpath (id,size,ancestor_id,descendant_id) VALUES (439,2,87,135);
INSERT INTO catpath (id,size,ancestor_id,descendant_id) VALUES (440,2,87,136);
INSERT INTO catpath (id,size,ancestor_id,descendant_id) VALUES (441,2,87,137);
INSERT INTO catpath (id,size,ancestor_id,descendant_id) VALUES (442,1,87,138);
INSERT INTO catpath (id,size,ancestor_id,descendant_id) VALUES (443,2,87,139);
INSERT INTO catpath (id,size,ancestor_id,descendant_id) VALUES (444,2,87,140);
INSERT INTO catpath (id,size,ancestor_id,descendant_id) VALUES (445,2,87,141);
INSERT INTO catpath (id,size,ancestor_id,descendant_id) VALUES (446,2,87,142);
INSERT INTO catpath (id,size,ancestor_id,descendant_id) VALUES (447,2,87,143);
INSERT INTO catpath (id,size,ancestor_id,descendant_id) VALUES (448,2,87,144);
INSERT INTO catpath (id,size,ancestor_id,descendant_id) VALUES (449,2,87,145);
INSERT INTO catpath (id,size,ancestor_id,descendant_id) VALUES (450,2,87,146);
INSERT INTO catpath (id,size,ancestor_id,descendant_id) VALUES (451,2,87,147);
INSERT INTO catpath (id,size,ancestor_id,descendant_id) VALUES (452,0,88,88);
INSERT INTO catpath (id,size,ancestor_id,descendant_id) VALUES (453,1,88,89);
INSERT INTO catpath (id,size,ancestor_id,descendant_id) VALUES (454,1,88,90);
INSERT INTO catpath (id,size,ancestor_id,descendant_id) VALUES (455,1,88,91);
INSERT INTO catpath (id,size,ancestor_id,descendant_id) VALUES (456,1,88,92);
INSERT INTO catpath (id,size,ancestor_id,descendant_id) VALUES (457,1,88,93);
INSERT INTO catpath (id,size,ancestor_id,descendant_id) VALUES (458,1,88,94);
INSERT INTO catpath (id,size,ancestor_id,descendant_id) VALUES (459,0,89,89);
INSERT INTO catpath (id,size,ancestor_id,descendant_id) VALUES (460,0,90,90);
INSERT INTO catpath (id,size,ancestor_id,descendant_id) VALUES (461,0,91,91);
INSERT INTO catpath (id,size,ancestor_id,descendant_id) VALUES (462,0,92,92);
INSERT INTO catpath (id,size,ancestor_id,descendant_id) VALUES (463,0,93,93);
INSERT INTO catpath (id,size,ancestor_id,descendant_id) VALUES (464,0,94,94);
INSERT INTO catpath (id,size,ancestor_id,descendant_id) VALUES (465,0,95,95);
INSERT INTO catpath (id,size,ancestor_id,descendant_id) VALUES (466,1,95,96);
INSERT INTO catpath (id,size,ancestor_id,descendant_id) VALUES (467,1,95,97);
INSERT INTO catpath (id,size,ancestor_id,descendant_id) VALUES (468,1,95,98);
INSERT INTO catpath (id,size,ancestor_id,descendant_id) VALUES (469,1,95,99);
INSERT INTO catpath (id,size,ancestor_id,descendant_id) VALUES (470,1,95,100);
INSERT INTO catpath (id,size,ancestor_id,descendant_id) VALUES (471,1,95,101);
INSERT INTO catpath (id,size,ancestor_id,descendant_id) VALUES (472,0,96,96);
INSERT INTO catpath (id,size,ancestor_id,descendant_id) VALUES (473,0,97,97);
INSERT INTO catpath (id,size,ancestor_id,descendant_id) VALUES (474,0,98,98);
INSERT INTO catpath (id,size,ancestor_id,descendant_id) VALUES (475,0,99,99);
INSERT INTO catpath (id,size,ancestor_id,descendant_id) VALUES (476,0,100,100);
INSERT INTO catpath (id,size,ancestor_id,descendant_id) VALUES (477,0,101,101);
INSERT INTO catpath (id,size,ancestor_id,descendant_id) VALUES (478,0,102,102);
INSERT INTO catpath (id,size,ancestor_id,descendant_id) VALUES (479,1,102,103);
INSERT INTO catpath (id,size,ancestor_id,descendant_id) VALUES (480,1,102,104);
INSERT INTO catpath (id,size,ancestor_id,descendant_id) VALUES (481,1,102,105);
INSERT INTO catpath (id,size,ancestor_id,descendant_id) VALUES (482,1,102,106);
INSERT INTO catpath (id,size,ancestor_id,descendant_id) VALUES (483,1,102,107);
INSERT INTO catpath (id,size,ancestor_id,descendant_id) VALUES (484,1,102,108);
INSERT INTO catpath (id,size,ancestor_id,descendant_id) VALUES (485,1,102,109);
INSERT INTO catpath (id,size,ancestor_id,descendant_id) VALUES (486,1,102,110);
INSERT INTO catpath (id,size,ancestor_id,descendant_id) VALUES (487,1,102,111);
INSERT INTO catpath (id,size,ancestor_id,descendant_id) VALUES (488,0,103,103);
INSERT INTO catpath (id,size,ancestor_id,descendant_id) VALUES (489,0,104,104);
INSERT INTO catpath (id,size,ancestor_id,descendant_id) VALUES (490,0,105,105);
INSERT INTO catpath (id,size,ancestor_id,descendant_id) VALUES (491,0,106,106);
INSERT INTO catpath (id,size,ancestor_id,descendant_id) VALUES (492,0,107,107);
INSERT INTO catpath (id,size,ancestor_id,descendant_id) VALUES (493,0,108,108);
INSERT INTO catpath (id,size,ancestor_id,descendant_id) VALUES (494,0,109,109);
INSERT INTO catpath (id,size,ancestor_id,descendant_id) VALUES (495,0,110,110);
INSERT INTO catpath (id,size,ancestor_id,descendant_id) VALUES (496,0,111,111);
INSERT INTO catpath (id,size,ancestor_id,descendant_id) VALUES (497,0,112,112);
INSERT INTO catpath (id,size,ancestor_id,descendant_id) VALUES (498,1,112,113);
INSERT INTO catpath (id,size,ancestor_id,descendant_id) VALUES (499,1,112,114);
INSERT INTO catpath (id,size,ancestor_id,descendant_id) VALUES (500,1,112,115);
INSERT INTO catpath (id,size,ancestor_id,descendant_id) VALUES (501,1,112,116);
INSERT INTO catpath (id,size,ancestor_id,descendant_id) VALUES (502,1,112,117);
INSERT INTO catpath (id,size,ancestor_id,descendant_id) VALUES (503,1,112,118);
INSERT INTO catpath (id,size,ancestor_id,descendant_id) VALUES (504,1,112,119);
INSERT INTO catpath (id,size,ancestor_id,descendant_id) VALUES (505,1,112,120);
INSERT INTO catpath (id,size,ancestor_id,descendant_id) VALUES (506,1,112,121);
INSERT INTO catpath (id,size,ancestor_id,descendant_id) VALUES (507,0,113,113);
INSERT INTO catpath (id,size,ancestor_id,descendant_id) VALUES (508,0,114,114);
INSERT INTO catpath (id,size,ancestor_id,descendant_id) VALUES (509,0,115,115);
INSERT INTO catpath (id,size,ancestor_id,descendant_id) VALUES (510,0,116,116);
INSERT INTO catpath (id,size,ancestor_id,descendant_id) VALUES (511,0,117,117);
INSERT INTO catpath (id,size,ancestor_id,descendant_id) VALUES (512,0,118,118);
INSERT INTO catpath (id,size,ancestor_id,descendant_id) VALUES (513,0,119,119);
INSERT INTO catpath (id,size,ancestor_id,descendant_id) VALUES (514,0,120,120);
INSERT INTO catpath (id,size,ancestor_id,descendant_id) VALUES (515,0,121,121);
INSERT INTO catpath (id,size,ancestor_id,descendant_id) VALUES (516,0,122,122);
INSERT INTO catpath (id,size,ancestor_id,descendant_id) VALUES (517,1,122,123);
INSERT INTO catpath (id,size,ancestor_id,descendant_id) VALUES (518,1,122,124);
INSERT INTO catpath (id,size,ancestor_id,descendant_id) VALUES (519,1,122,125);
INSERT INTO catpath (id,size,ancestor_id,descendant_id) VALUES (520,1,122,126);
INSERT INTO catpath (id,size,ancestor_id,descendant_id) VALUES (521,1,122,127);
INSERT INTO catpath (id,size,ancestor_id,descendant_id) VALUES (522,1,122,128);
INSERT INTO catpath (id,size,ancestor_id,descendant_id) VALUES (523,0,123,123);
INSERT INTO catpath (id,size,ancestor_id,descendant_id) VALUES (524,0,124,124);
INSERT INTO catpath (id,size,ancestor_id,descendant_id) VALUES (525,0,125,125);
INSERT INTO catpath (id,size,ancestor_id,descendant_id) VALUES (526,0,126,126);
INSERT INTO catpath (id,size,ancestor_id,descendant_id) VALUES (527,0,127,127);
INSERT INTO catpath (id,size,ancestor_id,descendant_id) VALUES (528,0,128,128);
INSERT INTO catpath (id,size,ancestor_id,descendant_id) VALUES (529,0,129,129);
INSERT INTO catpath (id,size,ancestor_id,descendant_id) VALUES (530,1,129,130);
INSERT INTO catpath (id,size,ancestor_id,descendant_id) VALUES (531,1,129,131);
INSERT INTO catpath (id,size,ancestor_id,descendant_id) VALUES (532,1,129,132);
INSERT INTO catpath (id,size,ancestor_id,descendant_id) VALUES (533,1,129,133);
INSERT INTO catpath (id,size,ancestor_id,descendant_id) VALUES (534,1,129,134);
INSERT INTO catpath (id,size,ancestor_id,descendant_id) VALUES (535,1,129,135);
INSERT INTO catpath (id,size,ancestor_id,descendant_id) VALUES (536,1,129,136);
INSERT INTO catpath (id,size,ancestor_id,descendant_id) VALUES (537,1,129,137);
INSERT INTO catpath (id,size,ancestor_id,descendant_id) VALUES (538,0,130,130);
INSERT INTO catpath (id,size,ancestor_id,descendant_id) VALUES (539,0,131,131);
INSERT INTO catpath (id,size,ancestor_id,descendant_id) VALUES (540,0,132,132);
INSERT INTO catpath (id,size,ancestor_id,descendant_id) VALUES (541,0,133,133);
INSERT INTO catpath (id,size,ancestor_id,descendant_id) VALUES (542,0,134,134);
INSERT INTO catpath (id,size,ancestor_id,descendant_id) VALUES (543,0,135,135);
INSERT INTO catpath (id,size,ancestor_id,descendant_id) VALUES (544,0,136,136);
INSERT INTO catpath (id,size,ancestor_id,descendant_id) VALUES (545,0,137,137);
INSERT INTO catpath (id,size,ancestor_id,descendant_id) VALUES (546,0,138,138);
INSERT INTO catpath (id,size,ancestor_id,descendant_id) VALUES (547,1,138,139);
INSERT INTO catpath (id,size,ancestor_id,descendant_id) VALUES (548,1,138,140);
INSERT INTO catpath (id,size,ancestor_id,descendant_id) VALUES (549,1,138,141);
INSERT INTO catpath (id,size,ancestor_id,descendant_id) VALUES (550,1,138,142);
INSERT INTO catpath (id,size,ancestor_id,descendant_id) VALUES (551,1,138,143);
INSERT INTO catpath (id,size,ancestor_id,descendant_id) VALUES (552,1,138,144);
INSERT INTO catpath (id,size,ancestor_id,descendant_id) VALUES (553,1,138,145);
INSERT INTO catpath (id,size,ancestor_id,descendant_id) VALUES (554,1,138,146);
INSERT INTO catpath (id,size,ancestor_id,descendant_id) VALUES (555,1,138,147);
INSERT INTO catpath (id,size,ancestor_id,descendant_id) VALUES (556,0,139,139);
INSERT INTO catpath (id,size,ancestor_id,descendant_id) VALUES (557,0,140,140);
INSERT INTO catpath (id,size,ancestor_id,descendant_id) VALUES (558,0,141,141);
INSERT INTO catpath (id,size,ancestor_id,descendant_id) VALUES (559,0,142,142);
INSERT INTO catpath (id,size,ancestor_id,descendant_id) VALUES (560,0,143,143);
INSERT INTO catpath (id,size,ancestor_id,descendant_id) VALUES (561,0,144,144);
INSERT INTO catpath (id,size,ancestor_id,descendant_id) VALUES (562,0,145,145);
INSERT INTO catpath (id,size,ancestor_id,descendant_id) VALUES (563,0,146,146);
INSERT INTO catpath (id,size,ancestor_id,descendant_id) VALUES (564,0,147,147);


INSERT INTO image (id,data,is_default,mime_type,name) VALUES (1,LOAD_FILE('/Users/andreagrau/Desktop/EmbajadaMisrra/pfg/firstmarket/img/fm.png'),true,'image/png','fm.png');
INSERT INTO image (id,data,is_default,mime_type,name) VALUES (2,LOAD_FILE('/Users/andreagrau/Desktop/EmbajadaMisrra/pfg/firstmarket/img/rojo.jpg'),false,'image/jpeg','rojo.jpg');
INSERT INTO image (id,data,is_default,mime_type,name) VALUES (3,LOAD_FILE('/Users/andreagrau/Desktop/EmbajadaMisrra/pfg/firstmarket/img/azul.jpg'),false,'image/jpeg','azul.jpg');

INSERT INTO publisher (id,name) VALUES (1,'Anaya');

INSERT INTO book (id,description,isbn,language,num_pages,price,stock,title,year,category_id,image_id,publisher_id) VALUES (1,'this is the first test book','isbn00001',1,199,24.99,10,'JavaWeb',2020,2,2,1);

INSERT INTO author (id,first_name,last_name) VALUES (1,'Antonio','Escohotado');
INSERT INTO author (id,first_name,last_name) VALUES (2,'Pablo','Iglesias');
INSERT INTO author (id,first_name,last_name) VALUES (3,'Pepe','Damaso');

INSERT INTO books_authors (book_id,author_id) VALUES (1,1);
INSERT INTO books_authors (book_id,author_id) VALUES (1,2);
INSERT INTO books_authors (book_id,author_id) VALUES (1,3);

INSERT INTO item (id,quantity,book_id) VALUES (1,1,1);

INSERT INTO cart (id,last_modified) VALUES (1,null);
INSERT INTO cart (id,last_modified) VALUES (2,null);
INSERT INTO cart (id,last_modified) VALUES (3,null);

INSERT INTO cart_items (cart_id,items_id) VALUES (3,1);

INSERT INTO profile (id,first_name,last_name) VALUES (1,'afn','aln');
INSERT INTO profile (id,first_name,last_name) VALUES (2,'Peter','Parker');
INSERT INTO profile (id,first_name,last_name) VALUES (3,'Marco','Polo');

INSERT INTO user (id,email,password,cart_id,profile_id) VALUES (1,'admin@fm.com','$2a$10$b6cNYRchyum58sJw3BrS2OYRm9GiqRYDwlHTLKFY3fdD/kRS2GL0G',1,1);
INSERT INTO user (id,email,password,cart_id,profile_id) VALUES (2,'peter@fm.com','$2a$10$b6cNYRchyum58sJw3BrS2OYRm9GiqRYDwlHTLKFY3fdD/kRS2GL0G',2,2);
INSERT INTO user (id,email,password,cart_id,profile_id) VALUES (3,'marco@fm.com','$2a$10$b6cNYRchyum58sJw3BrS2OYRm9GiqRYDwlHTLKFY3fdD/kRS2GL0G',3,3);

INSERT INTO role (id,name) VALUES (1,'ROLE_ADMIN');
INSERT INTO role (id,name) VALUES (2,'ROLE_USER');

INSERT INTO users_roles (user_id,role_id) VALUES (1,1);
INSERT INTO users_roles (user_id,role_id) VALUES (2,2);
INSERT INTO users_roles (user_id,role_id) VALUES (3,2);