INSERT INTO address (id,created_by,created_date,last_modified_by,last_modified_date,city,country,line1,line2,postal_code,province) VALUES
(1,'1',null,'1',null,'Arrecife','España','calle Galicia, 13','puerta 2','35500','Las Palmas'),
(2,'1',null,'1',null,'Las Palmas de Gran Canaria','España','calle Magdalena, 14',null,'35018','Las Palmas'),
(3,'1',null,'1',null,'LOllería','España','avenida Diputación, 35','piso 3, puerta 8','46850','Valencia'),
(4,'1',null,'1',null,'Wrocław','Poland','Pawła Włodkowica 11',null,'50-072',null),
(5,'1',null,'1',null,'Beşiktaş/İstanbul','Turkey','Kalıpçı Sokağı No:36',null,'34357','Muradiye'),
(6,'1',null,'1',null,'Porto','Portugal','Travessa da Regeneração, 206',null,'4000-410',null);

INSERT INTO shipping_info (id,created_by,created_date,last_modified_by,last_modified_date,carrier,name,phone,tracking_number,address_id) VALUES (1,'1',timestamp '2005-02-16 10:01:22','1',timestamp '2005-02-16 10:01:22','carrier','name','phone','tracking_number',4),(2,'1',timestamp '2003-03-18 09:53:18','1',timestamp '2003-03-18 09:53:18','carrier','name','phone','tracking_number',5),(3,'1',timestamp '2000-10-05 09:40:33','1',timestamp '2000-10-05 09:40:33','carrier','name','phone','tracking_number',6),(4,'1',timestamp '1994-02-11 10:12:49','1',timestamp '1994-02-11 10:12:49','carrier','name','phone','tracking_number',3),(5,'1',timestamp '2018-09-13 09:50:38','1',timestamp '2018-09-13 09:50:38','carrier','name','phone','tracking_number',1),(6,'1',timestamp '1996-02-14 09:08:26','1',timestamp '1996-02-14 09:08:26','carrier','name','phone','tracking_number',6),(7,'1',timestamp '2008-12-29 10:19:09','1',timestamp '2008-12-29 10:19:09','carrier','name','phone','tracking_number',3),(8,'1',timestamp '2004-06-30 09:20:21','1',timestamp '2004-06-30 09:20:21','carrier','name','phone','tracking_number',4),(9,'1',timestamp '2016-01-19 08:52:34','1',timestamp '2016-01-19 08:52:34','carrier','name','phone','tracking_number',3),(10,'1',timestamp '2016-09-15 09:10:09','1',timestamp '2016-09-15 09:10:09','carrier','name','phone','tracking_number',3),(11,'1',timestamp '2017-09-27 09:37:56','1',timestamp '2017-09-27 09:37:56','carrier','name','phone','tracking_number',4),(12,'1',timestamp '1994-05-13 10:05:11','1',timestamp '1994-05-13 10:05:11','carrier','name','phone','tracking_number',4),(13,'1',timestamp '2013-04-01 09:05:22','1',timestamp '2013-04-01 09:05:22','carrier','name','phone','tracking_number',3),(14,'1',timestamp '2015-01-08 11:02:55','1',timestamp '2015-01-08 11:02:55','carrier','name','phone','tracking_number',4),(15,'1',timestamp '2001-12-05 08:42:14','1',timestamp '2001-12-05 08:42:14','carrier','name','phone','tracking_number',5),(16,'1',timestamp '2015-02-12 10:42:20','1',timestamp '2015-02-12 10:42:20','carrier','name','phone','tracking_number',4),(17,'1',timestamp '2010-06-22 08:28:45','1',timestamp '2010-06-22 08:28:45','carrier','name','phone','tracking_number',5),(18,'1',timestamp '2007-09-29 08:35:58','1',timestamp '2007-09-29 08:35:58','carrier','name','phone','tracking_number',2),(19,'1',timestamp '1994-05-11 10:54:11','1',timestamp '1994-05-11 10:54:11','carrier','name','phone','tracking_number',5),(20,'1',timestamp '1995-01-25 09:15:19','1',timestamp '1995-01-25 09:15:19','carrier','name','phone','tracking_number',2),(21,'1',timestamp '1999-04-05 10:12:43','1',timestamp '1999-04-05 10:12:43','carrier','name','phone','tracking_number',4),(22,'1',timestamp '2003-11-09 10:28:33','1',timestamp '2003-11-09 10:28:33','carrier','name','phone','tracking_number',6),(23,'1',timestamp '1995-05-09 10:03:14','1',timestamp '1995-05-09 10:03:14','carrier','name','phone','tracking_number',5),(24,'1',timestamp '1995-07-12 08:46:45','1',timestamp '1995-07-12 08:46:45','carrier','name','phone','tracking_number',4),(25,'1',timestamp '1998-02-09 10:36:48','1',timestamp '1998-02-09 10:36:48','carrier','name','phone','tracking_number',3),(26,'1',timestamp '1993-08-31 11:02:46','1',timestamp '1993-08-31 11:02:46','carrier','name','phone','tracking_number',1),(27,'1',timestamp '1995-08-08 09:41:55','1',timestamp '1995-08-08 09:41:55','carrier','name','phone','tracking_number',4),(28,'1',timestamp '2011-10-12 08:44:34','1',timestamp '2011-10-12 08:44:34','carrier','name','phone','tracking_number',5),(29,'1',timestamp '2011-04-05 09:06:59','1',timestamp '2011-04-05 09:06:59','carrier','name','phone','tracking_number',4),(30,'1',timestamp '2005-12-11 09:55:22','1',timestamp '2005-12-11 09:55:22','carrier','name','phone','tracking_number',5),(31,'1',timestamp '2020-01-13 08:33:25','1',timestamp '2020-01-13 08:33:25','carrier','name','phone','tracking_number',6),(32,'1',timestamp '1993-08-07 09:13:46','1',timestamp '1993-08-07 09:13:46','carrier','name','phone','tracking_number',5),(33,'1',timestamp '2007-07-20 09:45:07','1',timestamp '2007-07-20 09:45:07','carrier','name','phone','tracking_number',4),(34,'1',timestamp '2013-12-22 08:43:20','1',timestamp '2013-12-22 08:43:20','carrier','name','phone','tracking_number',2),(35,'1',timestamp '2009-08-23 10:10:07','1',timestamp '2009-08-23 10:10:07','carrier','name','phone','tracking_number',2),(36,'1',timestamp '2003-11-12 10:24:57','1',timestamp '2003-11-12 10:24:57','carrier','name','phone','tracking_number',2),(37,'1',timestamp '2005-04-22 10:57:23','1',timestamp '2005-04-22 10:57:23','carrier','name','phone','tracking_number',2),(38,'1',timestamp '2005-05-03 10:08:11','1',timestamp '2005-05-03 10:08:11','carrier','name','phone','tracking_number',2),(39,'1',timestamp '2015-09-24 08:41:22','1',timestamp '2015-09-24 08:41:22','carrier','name','phone','tracking_number',3),(40,'1',timestamp '2013-09-27 09:41:02','1',timestamp '2013-09-27 09:41:02','carrier','name','phone','tracking_number',5),(41,'1',timestamp '2005-11-13 09:25:15','1',timestamp '2005-11-13 09:25:15','carrier','name','phone','tracking_number',4),(42,'1',timestamp '1997-07-19 09:50:58','1',timestamp '1997-07-19 09:50:58','carrier','name','phone','tracking_number',1),(43,'1',timestamp '2009-06-11 09:32:26','1',timestamp '2009-06-11 09:32:26','carrier','name','phone','tracking_number',3),(44,'1',timestamp '2009-10-26 08:56:15','1',timestamp '2009-10-26 08:56:15','carrier','name','phone','tracking_number',4),(45,'1',timestamp '2018-10-09 10:26:19','1',timestamp '2018-10-09 10:26:19','carrier','name','phone','tracking_number',5),(46,'1',timestamp '2013-05-21 10:36:36','1',timestamp '2013-05-21 10:36:36','carrier','name','phone','tracking_number',3),(47,'1',timestamp '2009-11-25 10:17:52','1',timestamp '2009-11-25 10:17:52','carrier','name','phone','tracking_number',5),(48,'1',timestamp '2016-01-10 10:44:51','1',timestamp '2016-01-10 10:44:51','carrier','name','phone','tracking_number',2),(49,'1',timestamp '1995-05-13 09:38:36','1',timestamp '1995-05-13 09:38:36','carrier','name','phone','tracking_number',5),(50,'1',timestamp '2007-09-03 10:15:22','1',timestamp '2007-09-03 10:15:22','carrier','name','phone','tracking_number',4),(51,'1',timestamp '2014-11-01 09:59:11','1',timestamp '2014-11-01 09:59:11','carrier','name','phone','tracking_number',1),(52,'1',timestamp '1998-09-21 09:58:12','1',timestamp '1998-09-21 09:58:12','carrier','name','phone','tracking_number',2),(53,'1',timestamp '2008-12-09 09:03:56','1',timestamp '2008-12-09 09:03:56','carrier','name','phone','tracking_number',5),(54,'1',timestamp '2001-03-24 10:03:22','1',timestamp '2001-03-24 10:03:22','carrier','name','phone','tracking_number',2),(55,'1',timestamp '1994-12-08 10:57:35','1',timestamp '1994-12-08 10:57:35','carrier','name','phone','tracking_number',4),(56,'1',timestamp '2010-11-04 08:49:03','1',timestamp '2010-11-04 08:49:03','carrier','name','phone','tracking_number',6),(57,'1',timestamp '2008-03-22 10:23:20','1',timestamp '2008-03-22 10:23:20','carrier','name','phone','tracking_number',3),(58,'1',timestamp '2005-04-20 10:13:05','1',timestamp '2005-04-20 10:13:05','carrier','name','phone','tracking_number',4),(59,'1',timestamp '2012-03-28 10:41:40','1',timestamp '2012-03-28 10:41:40','carrier','name','phone','tracking_number',6),(60,'1',timestamp '1994-10-07 09:05:20','1',timestamp '1994-10-07 09:05:20','carrier','name','phone','tracking_number',3),(61,'1',timestamp '2012-05-24 10:19:06','1',timestamp '2012-05-24 10:19:06','carrier','name','phone','tracking_number',2),(62,'1',timestamp '2000-04-05 09:02:35','1',timestamp '2000-04-05 09:02:35','carrier','name','phone','tracking_number',1),(63,'1',timestamp '1995-08-21 10:45:10','1',timestamp '1995-08-21 10:45:10','carrier','name','phone','tracking_number',4),(64,'1',timestamp '2004-03-29 09:17:05','1',timestamp '2004-03-29 09:17:05','carrier','name','phone','tracking_number',4),(65,'1',timestamp '2015-09-23 08:43:33','1',timestamp '2015-09-23 08:43:33','carrier','name','phone','tracking_number',5),(66,'1',timestamp '2005-12-14 08:44:23','1',timestamp '2005-12-14 08:44:23','carrier','name','phone','tracking_number',4),(67,'1',timestamp '1998-04-09 09:42:17','1',timestamp '1998-04-09 09:42:17','carrier','name','phone','tracking_number',3),(68,'1',timestamp '1994-12-14 08:51:28','1',timestamp '1994-12-14 08:51:28','carrier','name','phone','tracking_number',3),(69,'1',timestamp '2009-12-18 10:12:16','1',timestamp '2009-12-18 10:12:16','carrier','name','phone','tracking_number',5),(70,'1',timestamp '2012-07-25 09:16:46','1',timestamp '2012-07-25 09:16:46','carrier','name','phone','tracking_number',4),(71,'1',timestamp '2004-10-21 09:35:53','1',timestamp '2004-10-21 09:35:53','carrier','name','phone','tracking_number',4),(72,'1',timestamp '1993-05-19 09:11:19','1',timestamp '1993-05-19 09:11:19','carrier','name','phone','tracking_number',3),(73,'1',timestamp '2002-07-27 09:41:09','1',timestamp '2002-07-27 09:41:09','carrier','name','phone','tracking_number',4),(74,'1',timestamp '1993-06-01 08:50:15','1',timestamp '1993-06-01 08:50:15','carrier','name','phone','tracking_number',5),(75,'1',timestamp '1997-04-29 10:55:12','1',timestamp '1997-04-29 10:55:12','carrier','name','phone','tracking_number',5),(76,'1',timestamp '2017-04-22 08:33:00','1',timestamp '2017-04-22 08:33:00','carrier','name','phone','tracking_number',4),(77,'1',timestamp '2012-09-30 09:32:38','1',timestamp '2012-09-30 09:32:38','carrier','name','phone','tracking_number',4),(78,'1',timestamp '2011-12-22 10:53:03','1',timestamp '2011-12-22 10:53:03','carrier','name','phone','tracking_number',5),(79,'1',timestamp '2012-01-11 09:35:43','1',timestamp '2012-01-11 09:35:43','carrier','name','phone','tracking_number',5),(80,'1',timestamp '2018-12-15 08:43:13','1',timestamp '2018-12-15 08:43:13','carrier','name','phone','tracking_number',4),(81,'1',timestamp '1999-11-22 10:26:44','1',timestamp '1999-11-22 10:26:44','carrier','name','phone','tracking_number',1),(82,'1',timestamp '2010-01-30 09:23:35','1',timestamp '2010-01-30 09:23:35','carrier','name','phone','tracking_number',5),(83,'1',timestamp '2006-12-31 10:09:04','1',timestamp '2006-12-31 10:09:04','carrier','name','phone','tracking_number',5),(84,'1',timestamp '2007-07-02 10:05:01','1',timestamp '2007-07-02 10:05:01','carrier','name','phone','tracking_number',4),(85,'1',timestamp '1997-04-04 08:59:03','1',timestamp '1997-04-04 08:59:03','carrier','name','phone','tracking_number',5),(86,'1',timestamp '2017-05-23 10:59:14','1',timestamp '2017-05-23 10:59:14','carrier','name','phone','tracking_number',2),(87,'1',timestamp '1996-10-02 10:20:33','1',timestamp '1996-10-02 10:20:33','carrier','name','phone','tracking_number',5),(88,'1',timestamp '1995-10-18 09:47:38','1',timestamp '1995-10-18 09:47:38','carrier','name','phone','tracking_number',5),(89,'1',timestamp '1996-05-12 10:23:07','1',timestamp '1996-05-12 10:23:07','carrier','name','phone','tracking_number',3),(90,'1',timestamp '2003-07-11 08:51:14','1',timestamp '2003-07-11 08:51:14','carrier','name','phone','tracking_number',1),(91,'1',timestamp '2018-10-01 08:52:05','1',timestamp '2018-10-01 08:52:05','carrier','name','phone','tracking_number',6),(92,'1',timestamp '2007-01-31 10:08:57','1',timestamp '2007-01-31 10:08:57','carrier','name','phone','tracking_number',5),(93,'1',timestamp '2011-04-21 10:49:41','1',timestamp '2011-04-21 10:49:41','carrier','name','phone','tracking_number',6),(94,'1',timestamp '2006-12-04 10:02:11','1',timestamp '2006-12-04 10:02:11','carrier','name','phone','tracking_number',3),(95,'1',timestamp '2009-10-21 08:48:53','1',timestamp '2009-10-21 08:48:53','carrier','name','phone','tracking_number',3),(96,'1',timestamp '1998-05-31 09:40:18','1',timestamp '1998-05-31 09:40:18','carrier','name','phone','tracking_number',3),(97,'1',timestamp '2015-05-05 09:09:58','1',timestamp '2015-05-05 09:09:58','carrier','name','phone','tracking_number',2),(98,'1',timestamp '2018-07-01 10:10:36','1',timestamp '2018-07-01 10:10:36','carrier','name','phone','tracking_number',4),(99,'1',timestamp '1993-05-25 11:10:23','1',timestamp '1993-05-25 11:10:23','carrier','name','phone','tracking_number',5),(100,'1',timestamp '2001-12-31 09:24:52','1',timestamp '2001-12-31 09:24:52','carrier','name','phone','tracking_number',2),(101,'1',timestamp '1999-04-08 09:03:07','1',timestamp '1999-04-08 09:03:07','carrier','name','phone','tracking_number',4),(102,'1',timestamp '2001-03-26 11:05:25','1',timestamp '2001-03-26 11:05:25','carrier','name','phone','tracking_number',3),(103,'1',timestamp '2007-05-20 08:56:09','1',timestamp '2007-05-20 08:56:09','carrier','name','phone','tracking_number',5),(104,'1',timestamp '1997-11-27 10:56:38','1',timestamp '1997-11-27 10:56:38','carrier','name','phone','tracking_number',2),(105,'1',timestamp '1996-09-20 10:52:36','1',timestamp '1996-09-20 10:52:36','carrier','name','phone','tracking_number',2),(106,'1',timestamp '2009-05-02 10:04:02','1',timestamp '2009-05-02 10:04:02','carrier','name','phone','tracking_number',3),(107,'1',timestamp '2015-11-22 08:55:51','1',timestamp '2015-11-22 08:55:51','carrier','name','phone','tracking_number',2),(108,'1',timestamp '2004-02-28 11:00:56','1',timestamp '2004-02-28 11:00:56','carrier','name','phone','tracking_number',2),(109,'1',timestamp '2013-10-07 08:35:52','1',timestamp '2013-10-07 08:35:52','carrier','name','phone','tracking_number',3),(110,'1',timestamp '1997-04-14 10:52:29','1',timestamp '1997-04-14 10:52:29','carrier','name','phone','tracking_number',2),(111,'1',timestamp '2009-11-29 10:49:32','1',timestamp '2009-11-29 10:49:32','carrier','name','phone','tracking_number',2),(112,'1',timestamp '2013-03-31 08:38:11','1',timestamp '2013-03-31 08:38:11','carrier','name','phone','tracking_number',6),(113,'1',timestamp '2016-06-28 08:39:11','1',timestamp '2016-06-28 08:39:11','carrier','name','phone','tracking_number',3),(114,'1',timestamp '1997-05-17 09:04:14','1',timestamp '1997-05-17 09:04:14','carrier','name','phone','tracking_number',2),(115,'1',timestamp '2020-01-29 10:05:31','1',timestamp '2020-01-29 10:05:31','carrier','name','phone','tracking_number',2),(116,'1',timestamp '2010-12-06 09:30:15','1',timestamp '2010-12-06 09:30:15','carrier','name','phone','tracking_number',4),(117,'1',timestamp '2010-04-01 10:42:46','1',timestamp '2010-04-01 10:42:46','carrier','name','phone','tracking_number',4),(118,'1',timestamp '2006-05-27 10:59:09','1',timestamp '2006-05-27 10:59:09','carrier','name','phone','tracking_number',5),(119,'1',timestamp '2010-11-12 09:56:05','1',timestamp '2010-11-12 09:56:05','carrier','name','phone','tracking_number',4),(120,'1',timestamp '2013-06-03 11:00:31','1',timestamp '2013-06-03 11:00:31','carrier','name','phone','tracking_number',3),(121,'1',timestamp '2007-12-01 10:34:21','1',timestamp '2007-12-01 10:34:21','carrier','name','phone','tracking_number',3),(122,'1',timestamp '2005-11-29 09:52:10','1',timestamp '2005-11-29 09:52:10','carrier','name','phone','tracking_number',5),(123,'1',timestamp '1998-04-08 09:29:14','1',timestamp '1998-04-08 09:29:14','carrier','name','phone','tracking_number',3),(124,'1',timestamp '2010-09-25 08:41:34','1',timestamp '2010-09-25 08:41:34','carrier','name','phone','tracking_number',5),(125,'1',timestamp '2013-04-25 08:36:12','1',timestamp '2013-04-25 08:36:12','carrier','name','phone','tracking_number',6),(126,'1',timestamp '2006-06-22 11:05:13','1',timestamp '2006-06-22 11:05:13','carrier','name','phone','tracking_number',2),(127,'1',timestamp '2002-04-06 10:01:11','1',timestamp '2002-04-06 10:01:11','carrier','name','phone','tracking_number',2),(128,'1',timestamp '2000-03-11 09:48:16','1',timestamp '2000-03-11 09:48:16','carrier','name','phone','tracking_number',2),(129,'1',timestamp '2019-01-06 10:46:04','1',timestamp '2019-01-06 10:46:04','carrier','name','phone','tracking_number',5),(130,'1',timestamp '2018-11-30 10:04:26','1',timestamp '2018-11-30 10:04:26','carrier','name','phone','tracking_number',6),(131,'1',timestamp '1995-11-30 09:27:03','1',timestamp '1995-11-30 09:27:03','carrier','name','phone','tracking_number',3),(132,'1',timestamp '2013-05-02 09:15:33','1',timestamp '2013-05-02 09:15:33','carrier','name','phone','tracking_number',1),(133,'1',timestamp '2015-07-08 10:09:21','1',timestamp '2015-07-08 10:09:21','carrier','name','phone','tracking_number',4),(134,'1',timestamp '2002-11-20 09:01:27','1',timestamp '2002-11-20 09:01:27','carrier','name','phone','tracking_number',6),(135,'1',timestamp '2010-08-23 09:24:51','1',timestamp '2010-08-23 09:24:51','carrier','name','phone','tracking_number',4),(136,'1',timestamp '2016-01-13 09:47:15','1',timestamp '2016-01-13 09:47:15','carrier','name','phone','tracking_number',6),(137,'1',timestamp '2001-08-10 09:24:40','1',timestamp '2001-08-10 09:24:40','carrier','name','phone','tracking_number',3),(138,'1',timestamp '1999-01-25 09:07:20','1',timestamp '1999-01-25 09:07:20','carrier','name','phone','tracking_number',4),(139,'1',timestamp '2016-12-29 09:52:22','1',timestamp '2016-12-29 09:52:22','carrier','name','phone','tracking_number',3),(140,'1',timestamp '2012-12-04 08:41:38','1',timestamp '2012-12-04 08:41:38','carrier','name','phone','tracking_number',3),(141,'1',timestamp '2014-03-19 10:36:47','1',timestamp '2014-03-19 10:36:47','carrier','name','phone','tracking_number',1),(142,'1',timestamp '2009-10-26 10:04:02','1',timestamp '2009-10-26 10:04:02','carrier','name','phone','tracking_number',5),(143,'1',timestamp '1998-01-06 11:05:22','1',timestamp '1998-01-06 11:05:22','carrier','name','phone','tracking_number',5),(144,'1',timestamp '2006-07-31 10:42:58','1',timestamp '2006-07-31 10:42:58','carrier','name','phone','tracking_number',2),(145,'1',timestamp '2000-02-13 10:01:43','1',timestamp '2000-02-13 10:01:43','carrier','name','phone','tracking_number',1),(146,'1',timestamp '2004-08-21 09:20:14','1',timestamp '2004-08-21 09:20:14','carrier','name','phone','tracking_number',2),(147,'1',timestamp '2010-03-10 10:47:02','1',timestamp '2010-03-10 10:47:02','carrier','name','phone','tracking_number',3),(148,'1',timestamp '2005-08-10 08:43:58','1',timestamp '2005-08-10 08:43:58','carrier','name','phone','tracking_number',4),(149,'1',timestamp '2011-04-02 09:14:42','1',timestamp '2011-04-02 09:14:42','carrier','name','phone','tracking_number',4),(150,'1',timestamp '1997-03-09 08:35:45','1',timestamp '1997-03-09 08:35:45','carrier','name','phone','tracking_number',3),(151,'1',timestamp '2004-04-22 09:38:37','1',timestamp '2004-04-22 09:38:37','carrier','name','phone','tracking_number',2),(152,'1',timestamp '1998-12-07 11:01:56','1',timestamp '1998-12-07 11:01:56','carrier','name','phone','tracking_number',3),(153,'1',timestamp '1998-09-04 10:37:09','1',timestamp '1998-09-04 10:37:09','carrier','name','phone','tracking_number',1),(154,'1',timestamp '2001-07-04 08:34:26','1',timestamp '2001-07-04 08:34:26','carrier','name','phone','tracking_number',3),(155,'1',timestamp '2012-08-27 10:12:39','1',timestamp '2012-08-27 10:12:39','carrier','name','phone','tracking_number',4),(156,'1',timestamp '2007-05-31 08:52:12','1',timestamp '2007-05-31 08:52:12','carrier','name','phone','tracking_number',3),(157,'1',timestamp '2008-12-13 08:44:01','1',timestamp '2008-12-13 08:44:01','carrier','name','phone','tracking_number',5),(158,'1',timestamp '2011-05-05 08:54:16','1',timestamp '2011-05-05 08:54:16','carrier','name','phone','tracking_number',4),(159,'1',timestamp '1997-11-01 10:44:32','1',timestamp '1997-11-01 10:44:32','carrier','name','phone','tracking_number',3),(160,'1',timestamp '1998-11-30 10:24:47','1',timestamp '1998-11-30 10:24:47','carrier','name','phone','tracking_number',2),(161,'1',timestamp '2012-01-03 09:07:41','1',timestamp '2012-01-03 09:07:41','carrier','name','phone','tracking_number',3),(162,'1',timestamp '2009-09-15 11:11:16','1',timestamp '2009-09-15 11:11:16','carrier','name','phone','tracking_number',2),(163,'1',timestamp '1998-09-29 08:34:53','1',timestamp '1998-09-29 08:34:53','carrier','name','phone','tracking_number',3),(164,'1',timestamp '2009-04-18 08:57:50','1',timestamp '2009-04-18 08:57:50','carrier','name','phone','tracking_number',2),(165,'1',timestamp '2012-03-14 09:49:24','1',timestamp '2012-03-14 09:49:24','carrier','name','phone','tracking_number',5),(166,'1',timestamp '2014-12-08 10:02:00','1',timestamp '2014-12-08 10:02:00','carrier','name','phone','tracking_number',6),(167,'1',timestamp '2005-05-08 09:13:13','1',timestamp '2005-05-08 09:13:13','carrier','name','phone','tracking_number',1),(168,'1',timestamp '2009-11-04 08:40:41','1',timestamp '2009-11-04 08:40:41','carrier','name','phone','tracking_number',5),(169,'1',timestamp '2001-06-19 10:05:02','1',timestamp '2001-06-19 10:05:02','carrier','name','phone','tracking_number',1),(170,'1',timestamp '1999-08-28 09:03:41','1',timestamp '1999-08-28 09:03:41','carrier','name','phone','tracking_number',4),(171,'1',timestamp '2018-09-26 10:46:38','1',timestamp '2018-09-26 10:46:38','carrier','name','phone','tracking_number',2),(172,'1',timestamp '1995-07-02 09:56:39','1',timestamp '1995-07-02 09:56:39','carrier','name','phone','tracking_number',6),(173,'1',timestamp '2018-07-29 10:33:49','1',timestamp '2018-07-29 10:33:49','carrier','name','phone','tracking_number',6),(174,'1',timestamp '2006-01-26 11:05:14','1',timestamp '2006-01-26 11:05:14','carrier','name','phone','tracking_number',5),(175,'1',timestamp '2018-08-04 08:41:29','1',timestamp '2018-08-04 08:41:29','carrier','name','phone','tracking_number',3),(176,'1',timestamp '1995-05-11 09:01:09','1',timestamp '1995-05-11 09:01:09','carrier','name','phone','tracking_number',6),(177,'1',timestamp '1998-06-02 10:43:15','1',timestamp '1998-06-02 10:43:15','carrier','name','phone','tracking_number',6),(178,'1',timestamp '2009-06-28 08:49:21','1',timestamp '2009-06-28 08:49:21','carrier','name','phone','tracking_number',3),(179,'1',timestamp '2003-11-27 10:28:27','1',timestamp '2003-11-27 10:28:27','carrier','name','phone','tracking_number',3),(180,'1',timestamp '2018-04-12 09:41:56','1',timestamp '2018-04-12 09:41:56','carrier','name','phone','tracking_number',6),(181,'1',timestamp '2014-10-24 11:11:16','1',timestamp '2014-10-24 11:11:16','carrier','name','phone','tracking_number',3),(182,'1',timestamp '2006-11-12 08:42:12','1',timestamp '2006-11-12 08:42:12','carrier','name','phone','tracking_number',3),(183,'1',timestamp '1996-02-05 10:12:06','1',timestamp '1996-02-05 10:12:06','carrier','name','phone','tracking_number',1),(184,'1',timestamp '2012-12-22 10:45:55','1',timestamp '2012-12-22 10:45:55','carrier','name','phone','tracking_number',5),(185,'1',timestamp '1996-11-25 09:54:21','1',timestamp '1996-11-25 09:54:21','carrier','name','phone','tracking_number',4),(186,'1',timestamp '2012-09-17 09:29:02','1',timestamp '2012-09-17 09:29:02','carrier','name','phone','tracking_number',4),(187,'1',timestamp '2013-11-27 10:13:26','1',timestamp '2013-11-27 10:13:26','carrier','name','phone','tracking_number',4),(188,'1',timestamp '2010-04-20 08:45:02','1',timestamp '2010-04-20 08:45:02','carrier','name','phone','tracking_number',2),(189,'1',timestamp '1999-07-27 10:45:06','1',timestamp '1999-07-27 10:45:06','carrier','name','phone','tracking_number',1),(190,'1',timestamp '2018-06-03 09:32:53','1',timestamp '2018-06-03 09:32:53','carrier','name','phone','tracking_number',5),(191,'1',timestamp '1998-08-16 08:28:56','1',timestamp '1998-08-16 08:28:56','carrier','name','phone','tracking_number',3),(192,'1',timestamp '2011-07-01 10:19:35','1',timestamp '2011-07-01 10:19:35','carrier','name','phone','tracking_number',3),(193,'1',timestamp '1999-12-14 09:44:16','1',timestamp '1999-12-14 09:44:16','carrier','name','phone','tracking_number',3),(194,'1',timestamp '2018-11-15 10:29:40','1',timestamp '2018-11-15 10:29:40','carrier','name','phone','tracking_number',5),(195,'1',timestamp '1997-12-23 09:42:07','1',timestamp '1997-12-23 09:42:07','carrier','name','phone','tracking_number',2),(196,'1',timestamp '2006-10-26 08:36:12','1',timestamp '2006-10-26 08:36:12','carrier','name','phone','tracking_number',2),(197,'1',timestamp '2019-05-03 10:28:00','1',timestamp '2019-05-03 10:28:00','carrier','name','phone','tracking_number',3),(198,'1',timestamp '2008-05-09 10:47:58','1',timestamp '2008-05-09 10:47:58','carrier','name','phone','tracking_number',5),(199,'1',timestamp '2016-01-22 10:05:25','1',timestamp '2016-01-22 10:05:25','carrier','name','phone','tracking_number',3),(200,'1',timestamp '1994-06-11 09:04:59','1',timestamp '1994-06-11 09:04:59','carrier','name','phone','tracking_number',4),(201,'1',timestamp '2005-07-22 09:08:14','1',timestamp '2005-07-22 09:08:14','carrier','name','phone','tracking_number',2),(202,'1',timestamp '2010-06-21 09:28:08','1',timestamp '2010-06-21 09:28:08','carrier','name','phone','tracking_number',2),(203,'1',timestamp '1999-12-11 09:58:59','1',timestamp '1999-12-11 09:58:59','carrier','name','phone','tracking_number',2),(204,'1',timestamp '2002-10-20 09:47:27','1',timestamp '2002-10-20 09:47:27','carrier','name','phone','tracking_number',5),(205,'1',timestamp '2001-03-24 11:05:24','1',timestamp '2001-03-24 11:05:24','carrier','name','phone','tracking_number',5),(206,'1',timestamp '1999-08-18 08:49:39','1',timestamp '1999-08-18 08:49:39','carrier','name','phone','tracking_number',2),(207,'1',timestamp '2009-06-14 09:23:32','1',timestamp '2009-06-14 09:23:32','carrier','name','phone','tracking_number',3),(208,'1',timestamp '2018-05-26 08:37:51','1',timestamp '2018-05-26 08:37:51','carrier','name','phone','tracking_number',1),(209,'1',timestamp '2005-04-20 08:40:39','1',timestamp '2005-04-20 08:40:39','carrier','name','phone','tracking_number',2),(210,'1',timestamp '1997-06-19 10:20:27','1',timestamp '1997-06-19 10:20:27','carrier','name','phone','tracking_number',5),(211,'1',timestamp '2002-03-06 10:42:55','1',timestamp '2002-03-06 10:42:55','carrier','name','phone','tracking_number',3),(212,'1',timestamp '2015-04-20 08:59:47','1',timestamp '2015-04-20 08:59:47','carrier','name','phone','tracking_number',3),(213,'1',timestamp '2004-02-09 11:09:23','1',timestamp '2004-02-09 11:09:23','carrier','name','phone','tracking_number',2),(214,'1',timestamp '2009-02-03 08:39:45','1',timestamp '2009-02-03 08:39:45','carrier','name','phone','tracking_number',2),(215,'1',timestamp '2016-06-30 09:25:46','1',timestamp '2016-06-30 09:25:46','carrier','name','phone','tracking_number',6),(216,'1',timestamp '2001-08-24 11:02:56','1',timestamp '2001-08-24 11:02:56','carrier','name','phone','tracking_number',6),(217,'1',timestamp '2004-08-31 11:13:07','1',timestamp '2004-08-31 11:13:07','carrier','name','phone','tracking_number',6),(218,'1',timestamp '2013-03-21 10:21:18','1',timestamp '2013-03-21 10:21:18','carrier','name','phone','tracking_number',3),(219,'1',timestamp '1994-08-28 10:49:18','1',timestamp '1994-08-28 10:49:18','carrier','name','phone','tracking_number',2),(220,'1',timestamp '1996-01-18 10:43:35','1',timestamp '1996-01-18 10:43:35','carrier','name','phone','tracking_number',1),(221,'1',timestamp '2015-01-05 10:18:41','1',timestamp '2015-01-05 10:18:41','carrier','name','phone','tracking_number',5),(222,'1',timestamp '2012-09-08 10:10:20','1',timestamp '2012-09-08 10:10:20','carrier','name','phone','tracking_number',4),(223,'1',timestamp '2017-07-05 10:50:12','1',timestamp '2017-07-05 10:50:12','carrier','name','phone','tracking_number',1),(224,'1',timestamp '2005-09-07 09:48:18','1',timestamp '2005-09-07 09:48:18','carrier','name','phone','tracking_number',1),(225,'1',timestamp '2012-12-18 09:28:24','1',timestamp '2012-12-18 09:28:24','carrier','name','phone','tracking_number',5),(226,'1',timestamp '2000-06-04 09:03:36','1',timestamp '2000-06-04 09:03:36','carrier','name','phone','tracking_number',2),(227,'1',timestamp '2013-03-06 11:01:35','1',timestamp '2013-03-06 11:01:35','carrier','name','phone','tracking_number',5),(228,'1',timestamp '2011-03-22 08:50:05','1',timestamp '2011-03-22 08:50:05','carrier','name','phone','tracking_number',2),(229,'1',timestamp '1997-01-05 08:32:59','1',timestamp '1997-01-05 08:32:59','carrier','name','phone','tracking_number',5),(230,'1',timestamp '2017-06-02 09:30:55','1',timestamp '2017-06-02 09:30:55','carrier','name','phone','tracking_number',4),(231,'1',timestamp '2017-04-18 10:36:34','1',timestamp '2017-04-18 10:36:34','carrier','name','phone','tracking_number',4),(232,'1',timestamp '2018-12-25 10:41:38','1',timestamp '2018-12-25 10:41:38','carrier','name','phone','tracking_number',2),(233,'1',timestamp '2005-05-02 10:06:32','1',timestamp '2005-05-02 10:06:32','carrier','name','phone','tracking_number',4),(234,'1',timestamp '1994-06-08 09:09:21','1',timestamp '1994-06-08 09:09:21','carrier','name','phone','tracking_number',1),(235,'1',timestamp '1997-10-04 09:32:32','1',timestamp '1997-10-04 09:32:32','carrier','name','phone','tracking_number',4),(236,'1',timestamp '1999-08-22 09:33:22','1',timestamp '1999-08-22 09:33:22','carrier','name','phone','tracking_number',1),(237,'1',timestamp '2013-02-17 09:03:43','1',timestamp '2013-02-17 09:03:43','carrier','name','phone','tracking_number',4),(238,'1',timestamp '1998-04-26 09:21:59','1',timestamp '1998-04-26 09:21:59','carrier','name','phone','tracking_number',3),(239,'1',timestamp '1997-10-03 08:30:43','1',timestamp '1997-10-03 08:30:43','carrier','name','phone','tracking_number',2),(240,'1',timestamp '1999-12-30 08:41:07','1',timestamp '1999-12-30 08:41:07','carrier','name','phone','tracking_number',3),(241,'1',timestamp '2018-05-10 09:01:08','1',timestamp '2018-05-10 09:01:08','carrier','name','phone','tracking_number',6),(242,'1',timestamp '2008-09-26 08:38:23','1',timestamp '2008-09-26 08:38:23','carrier','name','phone','tracking_number',3),(243,'1',timestamp '2001-08-05 10:01:57','1',timestamp '2001-08-05 10:01:57','carrier','name','phone','tracking_number',2),(244,'1',timestamp '2010-05-23 10:26:36','1',timestamp '2010-05-23 10:26:36','carrier','name','phone','tracking_number',2),(245,'1',timestamp '2001-04-20 11:02:30','1',timestamp '2001-04-20 11:02:30','carrier','name','phone','tracking_number',3),(246,'1',timestamp '2012-12-10 10:20:16','1',timestamp '2012-12-10 10:20:16','carrier','name','phone','tracking_number',4),(247,'1',timestamp '2008-10-25 09:28:43','1',timestamp '2008-10-25 09:28:43','carrier','name','phone','tracking_number',3),(248,'1',timestamp '2008-10-08 10:39:40','1',timestamp '2008-10-08 10:39:40','carrier','name','phone','tracking_number',4),(249,'1',timestamp '1993-03-18 10:59:38','1',timestamp '1993-03-18 10:59:38','carrier','name','phone','tracking_number',2),(250,'1',timestamp '2005-08-04 10:43:39','1',timestamp '2005-08-04 10:43:39','carrier','name','phone','tracking_number',4),(251,'1',timestamp '2007-04-25 09:06:52','1',timestamp '2007-04-25 09:06:52','carrier','name','phone','tracking_number',5),(252,'1',timestamp '1997-06-13 10:59:08','1',timestamp '1997-06-13 10:59:08','carrier','name','phone','tracking_number',3),(253,'1',timestamp '2008-02-22 08:38:44','1',timestamp '2008-02-22 08:38:44','carrier','name','phone','tracking_number',5),(254,'1',timestamp '2008-04-21 09:52:25','1',timestamp '2008-04-21 09:52:25','carrier','name','phone','tracking_number',5),(255,'1',timestamp '2010-08-24 09:40:24','1',timestamp '2010-08-24 09:40:24','carrier','name','phone','tracking_number',4),(256,'1',timestamp '2017-08-17 10:26:48','1',timestamp '2017-08-17 10:26:48','carrier','name','phone','tracking_number',2),(257,'1',timestamp '2009-08-09 08:59:50','1',timestamp '2009-08-09 08:59:50','carrier','name','phone','tracking_number',4),(258,'1',timestamp '1993-10-15 08:54:11','1',timestamp '1993-10-15 08:54:11','carrier','name','phone','tracking_number',2),(259,'1',timestamp '2016-11-26 09:02:11','1',timestamp '2016-11-26 09:02:11','carrier','name','phone','tracking_number',5),(260,'1',timestamp '1996-05-23 10:40:34','1',timestamp '1996-05-23 10:40:34','carrier','name','phone','tracking_number',4),(261,'1',timestamp '2008-11-08 10:46:33','1',timestamp '2008-11-08 10:46:33','carrier','name','phone','tracking_number',4),(262,'1',timestamp '2014-09-01 10:53:26','1',timestamp '2014-09-01 10:53:26','carrier','name','phone','tracking_number',6),(263,'1',timestamp '2012-11-07 11:13:03','1',timestamp '2012-11-07 11:13:03','carrier','name','phone','tracking_number',4),(264,'1',timestamp '2012-09-30 09:20:44','1',timestamp '2012-09-30 09:20:44','carrier','name','phone','tracking_number',2),(265,'1',timestamp '2016-11-18 08:40:44','1',timestamp '2016-11-18 08:40:44','carrier','name','phone','tracking_number',5),(266,'1',timestamp '2013-05-11 08:33:42','1',timestamp '2013-05-11 08:33:42','carrier','name','phone','tracking_number',2),(267,'1',timestamp '2016-02-05 10:52:10','1',timestamp '2016-02-05 10:52:10','carrier','name','phone','tracking_number',4),(268,'1',timestamp '2017-12-14 10:40:52','1',timestamp '2017-12-14 10:40:52','carrier','name','phone','tracking_number',5),(269,'1',timestamp '2010-11-18 10:38:12','1',timestamp '2010-11-18 10:38:12','carrier','name','phone','tracking_number',2),(270,'1',timestamp '2011-11-24 08:57:57','1',timestamp '2011-11-24 08:57:57','carrier','name','phone','tracking_number',3),(271,'1',timestamp '2005-03-01 09:13:06','1',timestamp '2005-03-01 09:13:06','carrier','name','phone','tracking_number',2),(272,'1',timestamp '2010-05-24 09:13:50','1',timestamp '2010-05-24 09:13:50','carrier','name','phone','tracking_number',5),(273,'1',timestamp '2014-10-11 09:09:09','1',timestamp '2014-10-11 09:09:09','carrier','name','phone','tracking_number',2),(274,'1',timestamp '1995-06-17 09:23:53','1',timestamp '1995-06-17 09:23:53','carrier','name','phone','tracking_number',3),(275,'1',timestamp '2010-02-23 09:21:13','1',timestamp '2010-02-23 09:21:13','carrier','name','phone','tracking_number',3),(276,'1',timestamp '2018-12-30 11:05:04','1',timestamp '2018-12-30 11:05:04','carrier','name','phone','tracking_number',3),(277,'1',timestamp '1996-12-01 10:06:45','1',timestamp '1996-12-01 10:06:45','carrier','name','phone','tracking_number',6),(278,'1',timestamp '2005-06-16 09:42:43','1',timestamp '2005-06-16 09:42:43','carrier','name','phone','tracking_number',1),(279,'1',timestamp '2006-04-07 10:17:03','1',timestamp '2006-04-07 10:17:03','carrier','name','phone','tracking_number',5),(280,'1',timestamp '2010-11-14 11:07:47','1',timestamp '2010-11-14 11:07:47','carrier','name','phone','tracking_number',3),(281,'1',timestamp '2004-02-29 10:35:54','1',timestamp '2004-02-29 10:35:54','carrier','name','phone','tracking_number',2),(282,'1',timestamp '2005-10-09 09:05:22','1',timestamp '2005-10-09 09:05:22','carrier','name','phone','tracking_number',3),(283,'1',timestamp '2000-04-17 09:03:37','1',timestamp '2000-04-17 09:03:37','carrier','name','phone','tracking_number',4),(284,'1',timestamp '2018-08-28 09:47:38','1',timestamp '2018-08-28 09:47:38','carrier','name','phone','tracking_number',4),(285,'1',timestamp '2018-01-14 08:46:42','1',timestamp '2018-01-14 08:46:42','carrier','name','phone','tracking_number',3),(286,'1',timestamp '1997-12-19 09:58:58','1',timestamp '1997-12-19 09:58:58','carrier','name','phone','tracking_number',4),(287,'1',timestamp '2002-07-17 08:53:02','1',timestamp '2002-07-17 08:53:02','carrier','name','phone','tracking_number',5),(288,'1',timestamp '2001-09-02 10:07:45','1',timestamp '2001-09-02 10:07:45','carrier','name','phone','tracking_number',2),(289,'1',timestamp '2001-12-16 10:55:19','1',timestamp '2001-12-16 10:55:19','carrier','name','phone','tracking_number',3),(290,'1',timestamp '1994-07-24 08:45:14','1',timestamp '1994-07-24 08:45:14','carrier','name','phone','tracking_number',5),(291,'1',timestamp '2003-07-25 08:37:41','1',timestamp '2003-07-25 08:37:41','carrier','name','phone','tracking_number',3),(292,'1',timestamp '1996-04-07 10:04:24','1',timestamp '1996-04-07 10:04:24','carrier','name','phone','tracking_number',3),(293,'1',timestamp '2002-12-04 09:18:30','1',timestamp '2002-12-04 09:18:30','carrier','name','phone','tracking_number',4),(294,'1',timestamp '1993-03-16 10:43:48','1',timestamp '1993-03-16 10:43:48','carrier','name','phone','tracking_number',5),(295,'1',timestamp '2015-02-19 10:52:08','1',timestamp '2015-02-19 10:52:08','carrier','name','phone','tracking_number',2),(296,'1',timestamp '2010-08-16 09:00:13','1',timestamp '2010-08-16 09:00:13','carrier','name','phone','tracking_number',4),(297,'1',timestamp '2005-10-31 10:06:57','1',timestamp '2005-10-31 10:06:57','carrier','name','phone','tracking_number',2),(298,'1',timestamp '2019-12-27 10:54:49','1',timestamp '2019-12-27 10:54:49','carrier','name','phone','tracking_number',1),(299,'1',timestamp '2001-11-19 09:53:28','1',timestamp '2001-11-19 09:53:28','carrier','name','phone','tracking_number',6),(300,'1',timestamp '2008-06-11 10:58:31','1',timestamp '2008-06-11 10:58:31','carrier','name','phone','tracking_number',2),(301,'1',timestamp '2009-04-25 08:29:28','1',timestamp '2009-04-25 08:29:28','carrier','name','phone','tracking_number',2),(302,'1',timestamp '2003-02-19 11:10:18','1',timestamp '2003-02-19 11:10:18','carrier','name','phone','tracking_number',4),(303,'1',timestamp '2017-03-23 08:50:50','1',timestamp '2017-03-23 08:50:50','carrier','name','phone','tracking_number',5),(304,'1',timestamp '1994-08-01 11:00:51','1',timestamp '1994-08-01 11:00:51','carrier','name','phone','tracking_number',5),(305,'1',timestamp '1998-04-02 08:36:15','1',timestamp '1998-04-02 08:36:15','carrier','name','phone','tracking_number',3),(306,'1',timestamp '2018-09-09 08:36:40','1',timestamp '2018-09-09 08:36:40','carrier','name','phone','tracking_number',3),(307,'1',timestamp '1996-02-29 10:21:00','1',timestamp '1996-02-29 10:21:00','carrier','name','phone','tracking_number',4),(308,'1',timestamp '1994-04-10 10:31:21','1',timestamp '1994-04-10 10:31:21','carrier','name','phone','tracking_number',3),(309,'1',timestamp '2015-05-03 10:13:01','1',timestamp '2015-05-03 10:13:01','carrier','name','phone','tracking_number',3),(310,'1',timestamp '2000-04-28 08:58:24','1',timestamp '2000-04-28 08:58:24','carrier','name','phone','tracking_number',5),(311,'1',timestamp '2006-04-06 08:53:22','1',timestamp '2006-04-06 08:53:22','carrier','name','phone','tracking_number',4),(312,'1',timestamp '2000-03-28 08:32:07','1',timestamp '2000-03-28 08:32:07','carrier','name','phone','tracking_number',5),(313,'1',timestamp '1994-12-30 09:30:41','1',timestamp '1994-12-30 09:30:41','carrier','name','phone','tracking_number',2),(314,'1',timestamp '2000-10-02 08:53:56','1',timestamp '2000-10-02 08:53:56','carrier','name','phone','tracking_number',3),(315,'1',timestamp '2010-10-03 09:07:56','1',timestamp '2010-10-03 09:07:56','carrier','name','phone','tracking_number',5),(316,'1',timestamp '2005-07-03 11:04:47','1',timestamp '2005-07-03 11:04:47','carrier','name','phone','tracking_number',1),(317,'1',timestamp '2008-08-01 09:56:35','1',timestamp '2008-08-01 09:56:35','carrier','name','phone','tracking_number',2),(318,'1',timestamp '2004-04-26 09:48:58','1',timestamp '2004-04-26 09:48:58','carrier','name','phone','tracking_number',6),(319,'1',timestamp '1994-09-08 09:02:23','1',timestamp '1994-09-08 09:02:23','carrier','name','phone','tracking_number',5),(320,'1',timestamp '2013-06-29 08:55:01','1',timestamp '2013-06-29 08:55:01','carrier','name','phone','tracking_number',3),(321,'1',timestamp '2009-08-06 09:48:03','1',timestamp '2009-08-06 09:48:03','carrier','name','phone','tracking_number',6),(322,'1',timestamp '2005-03-20 09:45:11','1',timestamp '2005-03-20 09:45:11','carrier','name','phone','tracking_number',5),(323,'1',timestamp '1995-05-12 10:05:40','1',timestamp '1995-05-12 10:05:40','carrier','name','phone','tracking_number',2),(324,'1',timestamp '1997-08-08 09:32:26','1',timestamp '1997-08-08 09:32:26','carrier','name','phone','tracking_number',2),(325,'1',timestamp '1997-09-27 10:00:16','1',timestamp '1997-09-27 10:00:16','carrier','name','phone','tracking_number',4),(326,'1',timestamp '1994-09-07 09:55:53','1',timestamp '1994-09-07 09:55:53','carrier','name','phone','tracking_number',4),(327,'1',timestamp '2012-11-17 10:35:43','1',timestamp '2012-11-17 10:35:43','carrier','name','phone','tracking_number',1),(328,'1',timestamp '2013-12-16 08:48:28','1',timestamp '2013-12-16 08:48:28','carrier','name','phone','tracking_number',3),(329,'1',timestamp '2017-04-26 09:13:19','1',timestamp '2017-04-26 09:13:19','carrier','name','phone','tracking_number',5),(330,'1',timestamp '2013-01-15 10:45:55','1',timestamp '2013-01-15 10:45:55','carrier','name','phone','tracking_number',2),(331,'1',timestamp '2018-05-15 09:06:34','1',timestamp '2018-05-15 09:06:34','carrier','name','phone','tracking_number',4),(332,'1',timestamp '2014-03-07 09:53:13','1',timestamp '2014-03-07 09:53:13','carrier','name','phone','tracking_number',3),(333,'1',timestamp '2003-03-12 08:54:32','1',timestamp '2003-03-12 08:54:32','carrier','name','phone','tracking_number',5),(334,'1',timestamp '2003-01-19 10:46:23','1',timestamp '2003-01-19 10:46:23','carrier','name','phone','tracking_number',4),(335,'1',timestamp '2013-05-22 10:53:22','1',timestamp '2013-05-22 10:53:22','carrier','name','phone','tracking_number',3),(336,'1',timestamp '2006-08-12 09:05:39','1',timestamp '2006-08-12 09:05:39','carrier','name','phone','tracking_number',5),(337,'1',timestamp '2007-11-25 08:41:58','1',timestamp '2007-11-25 08:41:58','carrier','name','phone','tracking_number',3),(338,'1',timestamp '2012-03-01 11:00:32','1',timestamp '2012-03-01 11:00:32','carrier','name','phone','tracking_number',5),(339,'1',timestamp '2017-02-17 09:28:10','1',timestamp '2017-02-17 09:28:10','carrier','name','phone','tracking_number',4),(340,'1',timestamp '1994-06-16 09:37:35','1',timestamp '1994-06-16 09:37:35','carrier','name','phone','tracking_number',2),(341,'1',timestamp '1994-11-29 08:51:04','1',timestamp '1994-11-29 08:51:04','carrier','name','phone','tracking_number',1),(342,'1',timestamp '2001-10-20 10:09:44','1',timestamp '2001-10-20 10:09:44','carrier','name','phone','tracking_number',3),(343,'1',timestamp '2008-06-30 10:43:05','1',timestamp '2008-06-30 10:43:05','carrier','name','phone','tracking_number',5),(344,'1',timestamp '2010-06-28 09:23:43','1',timestamp '2010-06-28 09:23:43','carrier','name','phone','tracking_number',5),(345,'1',timestamp '1995-01-21 09:08:13','1',timestamp '1995-01-21 09:08:13','carrier','name','phone','tracking_number',1),(346,'1',timestamp '2006-07-31 10:02:29','1',timestamp '2006-07-31 10:02:29','carrier','name','phone','tracking_number',3),(347,'1',timestamp '2016-08-22 09:44:16','1',timestamp '2016-08-22 09:44:16','carrier','name','phone','tracking_number',5),(348,'1',timestamp '2013-05-15 10:06:27','1',timestamp '2013-05-15 10:06:27','carrier','name','phone','tracking_number',6),(349,'1',timestamp '2007-04-13 08:40:41','1',timestamp '2007-04-13 08:40:41','carrier','name','phone','tracking_number',4),(350,'1',timestamp '2020-01-27 09:04:32','1',timestamp '2020-01-27 09:04:32','carrier','name','phone','tracking_number',3),(351,'1',timestamp '2013-11-08 09:47:58','1',timestamp '2013-11-08 09:47:58','carrier','name','phone','tracking_number',5),(352,'1',timestamp '2000-07-30 10:17:06','1',timestamp '2000-07-30 10:17:06','carrier','name','phone','tracking_number',4),(353,'1',timestamp '2001-07-15 08:56:46','1',timestamp '2001-07-15 08:56:46','carrier','name','phone','tracking_number',4),(354,'1',timestamp '2009-11-22 10:52:21','1',timestamp '2009-11-22 10:52:21','carrier','name','phone','tracking_number',3),(355,'1',timestamp '2015-01-29 08:28:49','1',timestamp '2015-01-29 08:28:49','carrier','name','phone','tracking_number',6),(356,'1',timestamp '2004-04-03 10:12:35','1',timestamp '2004-04-03 10:12:35','carrier','name','phone','tracking_number',3),(357,'1',timestamp '2009-01-23 10:47:49','1',timestamp '2009-01-23 10:47:49','carrier','name','phone','tracking_number',5),(358,'1',timestamp '2008-09-18 08:38:41','1',timestamp '2008-09-18 08:38:41','carrier','name','phone','tracking_number',5),(359,'1',timestamp '2011-07-22 10:26:34','1',timestamp '2011-07-22 10:26:34','carrier','name','phone','tracking_number',4),(360,'1',timestamp '2004-08-18 09:30:01','1',timestamp '2004-08-18 09:30:01','carrier','name','phone','tracking_number',1),(361,'1',timestamp '2002-03-10 08:41:37','1',timestamp '2002-03-10 08:41:37','carrier','name','phone','tracking_number',4),(362,'1',timestamp '1995-09-09 10:42:53','1',timestamp '1995-09-09 10:42:53','carrier','name','phone','tracking_number',2),(363,'1',timestamp '2020-01-08 09:45:46','1',timestamp '2020-01-08 09:45:46','carrier','name','phone','tracking_number',1),(364,'1',timestamp '2015-05-15 10:26:27','1',timestamp '2015-05-15 10:26:27','carrier','name','phone','tracking_number',2),(365,'1',timestamp '2013-12-17 10:49:27','1',timestamp '2013-12-17 10:49:27','carrier','name','phone','tracking_number',1),(366,'1',timestamp '1998-11-10 08:42:59','1',timestamp '1998-11-10 08:42:59','carrier','name','phone','tracking_number',3),(367,'1',timestamp '2017-10-20 09:38:58','1',timestamp '2017-10-20 09:38:58','carrier','name','phone','tracking_number',1),(368,'1',timestamp '2010-05-20 09:33:07','1',timestamp '2010-05-20 09:33:07','carrier','name','phone','tracking_number',4),(369,'1',timestamp '2001-08-06 10:14:50','1',timestamp '2001-08-06 10:14:50','carrier','name','phone','tracking_number',3),(370,'1',timestamp '2003-08-02 10:54:49','1',timestamp '2003-08-02 10:54:49','carrier','name','phone','tracking_number',2),(371,'1',timestamp '2001-07-30 10:48:43','1',timestamp '2001-07-30 10:48:43','carrier','name','phone','tracking_number',3),(372,'1',timestamp '1999-02-01 10:08:51','1',timestamp '1999-02-01 10:08:51','carrier','name','phone','tracking_number',5),(373,'1',timestamp '2010-05-07 08:52:14','1',timestamp '2010-05-07 08:52:14','carrier','name','phone','tracking_number',1),(374,'1',timestamp '1999-02-06 09:09:09','1',timestamp '1999-02-06 09:09:09','carrier','name','phone','tracking_number',4),(375,'1',timestamp '1998-01-13 09:47:22','1',timestamp '1998-01-13 09:47:22','carrier','name','phone','tracking_number',4),(376,'1',timestamp '2011-05-29 11:08:47','1',timestamp '2011-05-29 11:08:47','carrier','name','phone','tracking_number',2),(377,'1',timestamp '2006-03-15 09:14:11','1',timestamp '2006-03-15 09:14:11','carrier','name','phone','tracking_number',3),(378,'1',timestamp '2019-11-13 08:29:59','1',timestamp '2019-11-13 08:29:59','carrier','name','phone','tracking_number',2),(379,'1',timestamp '2012-10-28 09:39:01','1',timestamp '2012-10-28 09:39:01','carrier','name','phone','tracking_number',5),(380,'1',timestamp '2015-08-18 09:07:41','1',timestamp '2015-08-18 09:07:41','carrier','name','phone','tracking_number',3),(381,'1',timestamp '1995-02-20 09:46:40','1',timestamp '1995-02-20 09:46:40','carrier','name','phone','tracking_number',3),(382,'1',timestamp '2000-11-26 10:31:01','1',timestamp '2000-11-26 10:31:01','carrier','name','phone','tracking_number',5),(383,'1',timestamp '1996-04-29 09:09:14','1',timestamp '1996-04-29 09:09:14','carrier','name','phone','tracking_number',4),(384,'1',timestamp '1993-02-05 09:38:16','1',timestamp '1993-02-05 09:38:16','carrier','name','phone','tracking_number',6),(385,'1',timestamp '2002-03-26 10:09:31','1',timestamp '2002-03-26 10:09:31','carrier','name','phone','tracking_number',1),(386,'1',timestamp '1995-07-19 10:42:10','1',timestamp '1995-07-19 10:42:10','carrier','name','phone','tracking_number',4),(387,'1',timestamp '2009-08-01 09:35:35','1',timestamp '2009-08-01 09:35:35','carrier','name','phone','tracking_number',4),(388,'1',timestamp '1997-04-21 10:36:04','1',timestamp '1997-04-21 10:36:04','carrier','name','phone','tracking_number',6),(389,'1',timestamp '2015-03-18 10:28:23','1',timestamp '2015-03-18 10:28:23','carrier','name','phone','tracking_number',5),(390,'1',timestamp '1997-10-01 09:30:24','1',timestamp '1997-10-01 09:30:24','carrier','name','phone','tracking_number',3),(391,'1',timestamp '2010-07-08 09:04:04','1',timestamp '2010-07-08 09:04:04','carrier','name','phone','tracking_number',4),(392,'1',timestamp '2010-10-16 08:51:53','1',timestamp '2010-10-16 08:51:53','carrier','name','phone','tracking_number',5),(393,'1',timestamp '2013-03-14 08:29:33','1',timestamp '2013-03-14 08:29:33','carrier','name','phone','tracking_number',5),(394,'1',timestamp '1995-10-05 10:33:45','1',timestamp '1995-10-05 10:33:45','carrier','name','phone','tracking_number',4),(395,'1',timestamp '2000-06-25 09:18:05','1',timestamp '2000-06-25 09:18:05','carrier','name','phone','tracking_number',2),(396,'1',timestamp '2019-12-09 10:44:23','1',timestamp '2019-12-09 10:44:23','carrier','name','phone','tracking_number',5),(397,'1',timestamp '2019-06-25 10:25:30','1',timestamp '2019-06-25 10:25:30','carrier','name','phone','tracking_number',2),(398,'1',timestamp '1994-12-18 08:27:52','1',timestamp '1994-12-18 08:27:52','carrier','name','phone','tracking_number',1),(399,'1',timestamp '1995-10-23 09:47:28','1',timestamp '1995-10-23 09:47:28','carrier','name','phone','tracking_number',4),(400,'1',timestamp '2004-02-20 09:57:39','1',timestamp '2004-02-20 09:57:39','carrier','name','phone','tracking_number',5),(401,'1',timestamp '2017-06-15 10:38:38','1',timestamp '2017-06-15 10:38:38','carrier','name','phone','tracking_number',4),(402,'1',timestamp '2008-03-01 09:01:04','1',timestamp '2008-03-01 09:01:04','carrier','name','phone','tracking_number',2),(403,'1',timestamp '2006-05-18 09:55:32','1',timestamp '2006-05-18 09:55:32','carrier','name','phone','tracking_number',3),(404,'1',timestamp '2011-11-29 10:14:03','1',timestamp '2011-11-29 10:14:03','carrier','name','phone','tracking_number',4),(405,'1',timestamp '2018-02-01 10:58:24','1',timestamp '2018-02-01 10:58:24','carrier','name','phone','tracking_number',6),(406,'1',timestamp '2001-01-15 09:21:02','1',timestamp '2001-01-15 09:21:02','carrier','name','phone','tracking_number',2),(407,'1',timestamp '2003-05-02 08:46:42','1',timestamp '2003-05-02 08:46:42','carrier','name','phone','tracking_number',5),(408,'1',timestamp '2000-07-14 09:39:51','1',timestamp '2000-07-14 09:39:51','carrier','name','phone','tracking_number',4),(409,'1',timestamp '2008-04-28 08:52:09','1',timestamp '2008-04-28 08:52:09','carrier','name','phone','tracking_number',2),(410,'1',timestamp '1997-03-20 11:11:19','1',timestamp '1997-03-20 11:11:19','carrier','name','phone','tracking_number',1),(411,'1',timestamp '2010-05-13 09:38:49','1',timestamp '2010-05-13 09:38:49','carrier','name','phone','tracking_number',3),(412,'1',timestamp '1997-02-11 10:21:20','1',timestamp '1997-02-11 10:21:20','carrier','name','phone','tracking_number',4),(413,'1',timestamp '2001-07-12 09:10:24','1',timestamp '2001-07-12 09:10:24','carrier','name','phone','tracking_number',2),(414,'1',timestamp '1998-06-05 08:30:49','1',timestamp '1998-06-05 08:30:49','carrier','name','phone','tracking_number',5),(415,'1',timestamp '2008-07-02 09:57:30','1',timestamp '2008-07-02 09:57:30','carrier','name','phone','tracking_number',4),(416,'1',timestamp '1999-06-24 10:30:08','1',timestamp '1999-06-24 10:30:08','carrier','name','phone','tracking_number',4),(417,'1',timestamp '2014-07-28 10:28:44','1',timestamp '2014-07-28 10:28:44','carrier','name','phone','tracking_number',2),(418,'1',timestamp '1996-05-20 09:35:09','1',timestamp '1996-05-20 09:35:09','carrier','name','phone','tracking_number',4),(419,'1',timestamp '2016-11-29 11:00:53','1',timestamp '2016-11-29 11:00:53','carrier','name','phone','tracking_number',3),(420,'1',timestamp '2006-09-22 10:40:27','1',timestamp '2006-09-22 10:40:27','carrier','name','phone','tracking_number',1),(421,'1',timestamp '2007-12-31 10:47:57','1',timestamp '2007-12-31 10:47:57','carrier','name','phone','tracking_number',4),(422,'1',timestamp '2009-10-20 09:51:58','1',timestamp '2009-10-20 09:51:58','carrier','name','phone','tracking_number',5),(423,'1',timestamp '2007-10-23 08:54:00','1',timestamp '2007-10-23 08:54:00','carrier','name','phone','tracking_number',3),(424,'1',timestamp '2002-10-27 09:30:07','1',timestamp '2002-10-27 09:30:07','carrier','name','phone','tracking_number',2),(425,'1',timestamp '2019-12-20 09:19:52','1',timestamp '2019-12-20 09:19:52','carrier','name','phone','tracking_number',3),(426,'1',timestamp '2008-08-17 08:41:03','1',timestamp '2008-08-17 08:41:03','carrier','name','phone','tracking_number',3),(427,'1',timestamp '2002-08-11 10:06:30','1',timestamp '2002-08-11 10:06:30','carrier','name','phone','tracking_number',1),(428,'1',timestamp '2008-06-16 09:40:49','1',timestamp '2008-06-16 09:40:49','carrier','name','phone','tracking_number',3),(429,'1',timestamp '1996-01-17 11:10:45','1',timestamp '1996-01-17 11:10:45','carrier','name','phone','tracking_number',3),(430,'1',timestamp '2018-05-03 09:19:03','1',timestamp '2018-05-03 09:19:03','carrier','name','phone','tracking_number',5),(431,'1',timestamp '1996-06-17 10:56:40','1',timestamp '1996-06-17 10:56:40','carrier','name','phone','tracking_number',1),(432,'1',timestamp '1994-11-30 08:40:57','1',timestamp '1994-11-30 08:40:57','carrier','name','phone','tracking_number',2),(433,'1',timestamp '2016-10-05 10:39:50','1',timestamp '2016-10-05 10:39:50','carrier','name','phone','tracking_number',1),(434,'1',timestamp '2004-09-20 09:13:45','1',timestamp '2004-09-20 09:13:45','carrier','name','phone','tracking_number',4),(435,'1',timestamp '2002-11-04 09:07:23','1',timestamp '2002-11-04 09:07:23','carrier','name','phone','tracking_number',6),(436,'1',timestamp '2017-03-23 10:22:50','1',timestamp '2017-03-23 10:22:50','carrier','name','phone','tracking_number',3),(437,'1',timestamp '1994-01-30 08:55:03','1',timestamp '1994-01-30 08:55:03','carrier','name','phone','tracking_number',5),(438,'1',timestamp '2016-02-23 10:56:03','1',timestamp '2016-02-23 10:56:03','carrier','name','phone','tracking_number',2),(439,'1',timestamp '1995-11-23 09:44:07','1',timestamp '1995-11-23 09:44:07','carrier','name','phone','tracking_number',5),(440,'1',timestamp '2003-08-18 09:26:29','1',timestamp '2003-08-18 09:26:29','carrier','name','phone','tracking_number',2),(441,'1',timestamp '2009-09-02 10:39:54','1',timestamp '2009-09-02 10:39:54','carrier','name','phone','tracking_number',4),(442,'1',timestamp '2006-01-08 10:54:48','1',timestamp '2006-01-08 10:54:48','carrier','name','phone','tracking_number',6),(443,'1',timestamp '2006-01-22 09:56:07','1',timestamp '2006-01-22 09:56:07','carrier','name','phone','tracking_number',6),(444,'1',timestamp '2019-03-02 09:45:52','1',timestamp '2019-03-02 09:45:52','carrier','name','phone','tracking_number',5),(445,'1',timestamp '2020-02-10 09:09:05','1',timestamp '2020-02-10 09:09:05','carrier','name','phone','tracking_number',4),(446,'1',timestamp '2003-09-25 08:39:52','1',timestamp '2003-09-25 08:39:52','carrier','name','phone','tracking_number',5),(447,'1',timestamp '2010-02-26 10:45:40','1',timestamp '2010-02-26 10:45:40','carrier','name','phone','tracking_number',3),(448,'1',timestamp '2013-11-21 11:12:03','1',timestamp '2013-11-21 11:12:03','carrier','name','phone','tracking_number',1),(449,'1',timestamp '2006-01-05 08:42:45','1',timestamp '2006-01-05 08:42:45','carrier','name','phone','tracking_number',4),(450,'1',timestamp '2009-01-26 08:31:49','1',timestamp '2009-01-26 08:31:49','carrier','name','phone','tracking_number',3),(451,'1',timestamp '1998-11-16 09:02:41','1',timestamp '1998-11-16 09:02:41','carrier','name','phone','tracking_number',2),(452,'1',timestamp '1997-02-12 09:48:58','1',timestamp '1997-02-12 09:48:58','carrier','name','phone','tracking_number',4),(453,'1',timestamp '2013-11-07 09:41:50','1',timestamp '2013-11-07 09:41:50','carrier','name','phone','tracking_number',3),(454,'1',timestamp '2001-11-24 09:12:51','1',timestamp '2001-11-24 09:12:51','carrier','name','phone','tracking_number',2),(455,'1',timestamp '2012-11-07 08:54:53','1',timestamp '2012-11-07 08:54:53','carrier','name','phone','tracking_number',2),(456,'1',timestamp '1997-02-19 10:16:16','1',timestamp '1997-02-19 10:16:16','carrier','name','phone','tracking_number',4),(457,'1',timestamp '2003-11-25 09:18:41','1',timestamp '2003-11-25 09:18:41','carrier','name','phone','tracking_number',4),(458,'1',timestamp '1997-10-20 10:38:23','1',timestamp '1997-10-20 10:38:23','carrier','name','phone','tracking_number',5),(459,'1',timestamp '2005-06-11 10:01:31','1',timestamp '2005-06-11 10:01:31','carrier','name','phone','tracking_number',2),(460,'1',timestamp '2009-04-06 11:06:12','1',timestamp '2009-04-06 11:06:12','carrier','name','phone','tracking_number',5),(461,'1',timestamp '2001-08-08 09:13:33','1',timestamp '2001-08-08 09:13:33','carrier','name','phone','tracking_number',1),(462,'1',timestamp '2005-08-13 10:41:20','1',timestamp '2005-08-13 10:41:20','carrier','name','phone','tracking_number',4),(463,'1',timestamp '2005-05-06 11:04:05','1',timestamp '2005-05-06 11:04:05','carrier','name','phone','tracking_number',5),(464,'1',timestamp '2018-01-10 10:53:20','1',timestamp '2018-01-10 10:53:20','carrier','name','phone','tracking_number',3),(465,'1',timestamp '1994-04-06 11:00:15','1',timestamp '1994-04-06 11:00:15','carrier','name','phone','tracking_number',2),(466,'1',timestamp '2008-10-05 09:50:12','1',timestamp '2008-10-05 09:50:12','carrier','name','phone','tracking_number',5),(467,'1',timestamp '2018-11-28 10:42:09','1',timestamp '2018-11-28 10:42:09','carrier','name','phone','tracking_number',2),(468,'1',timestamp '2010-08-27 09:27:56','1',timestamp '2010-08-27 09:27:56','carrier','name','phone','tracking_number',5),(469,'1',timestamp '1994-06-08 09:15:16','1',timestamp '1994-06-08 09:15:16','carrier','name','phone','tracking_number',4),(470,'1',timestamp '1993-10-03 09:57:25','1',timestamp '1993-10-03 09:57:25','carrier','name','phone','tracking_number',5),(471,'1',timestamp '2016-04-30 08:57:14','1',timestamp '2016-04-30 08:57:14','carrier','name','phone','tracking_number',5),(472,'1',timestamp '2006-12-17 10:47:33','1',timestamp '2006-12-17 10:47:33','carrier','name','phone','tracking_number',4),(473,'1',timestamp '2008-12-05 10:05:54','1',timestamp '2008-12-05 10:05:54','carrier','name','phone','tracking_number',3),(474,'1',timestamp '2013-12-16 10:24:42','1',timestamp '2013-12-16 10:24:42','carrier','name','phone','tracking_number',5),(475,'1',timestamp '2003-01-11 10:11:39','1',timestamp '2003-01-11 10:11:39','carrier','name','phone','tracking_number',6),(476,'1',timestamp '2012-11-10 11:00:52','1',timestamp '2012-11-10 11:00:52','carrier','name','phone','tracking_number',1),(477,'1',timestamp '2005-05-18 09:27:17','1',timestamp '2005-05-18 09:27:17','carrier','name','phone','tracking_number',6),(478,'1',timestamp '1997-11-26 09:27:25','1',timestamp '1997-11-26 09:27:25','carrier','name','phone','tracking_number',1),(479,'1',timestamp '1998-08-01 09:38:52','1',timestamp '1998-08-01 09:38:52','carrier','name','phone','tracking_number',5),(480,'1',timestamp '1997-03-21 08:46:35','1',timestamp '1997-03-21 08:46:35','carrier','name','phone','tracking_number',3),(481,'1',timestamp '1993-07-09 11:13:40','1',timestamp '1993-07-09 11:13:40','carrier','name','phone','tracking_number',4),(482,'1',timestamp '2018-02-07 10:59:14','1',timestamp '2018-02-07 10:59:14','carrier','name','phone','tracking_number',3),(483,'1',timestamp '2000-08-09 10:32:33','1',timestamp '2000-08-09 10:32:33','carrier','name','phone','tracking_number',5),(484,'1',timestamp '2011-02-26 10:43:24','1',timestamp '2011-02-26 10:43:24','carrier','name','phone','tracking_number',4),(485,'1',timestamp '2015-04-27 11:07:31','1',timestamp '2015-04-27 11:07:31','carrier','name','phone','tracking_number',6),(486,'1',timestamp '2004-12-28 10:10:40','1',timestamp '2004-12-28 10:10:40','carrier','name','phone','tracking_number',3),(487,'1',timestamp '2014-10-25 08:56:48','1',timestamp '2014-10-25 08:56:48','carrier','name','phone','tracking_number',4),(488,'1',timestamp '2006-11-01 11:08:00','1',timestamp '2006-11-01 11:08:00','carrier','name','phone','tracking_number',2),(489,'1',timestamp '2013-04-25 10:42:40','1',timestamp '2013-04-25 10:42:40','carrier','name','phone','tracking_number',4),(490,'1',timestamp '2003-08-22 10:48:10','1',timestamp '2003-08-22 10:48:10','carrier','name','phone','tracking_number',5),(491,'1',timestamp '2015-10-05 09:02:31','1',timestamp '2015-10-05 09:02:31','carrier','name','phone','tracking_number',2),(492,'1',timestamp '1994-09-14 10:13:23','1',timestamp '1994-09-14 10:13:23','carrier','name','phone','tracking_number',1),(493,'1',timestamp '2015-12-06 10:18:54','1',timestamp '2015-12-06 10:18:54','carrier','name','phone','tracking_number',5),(494,'1',timestamp '2002-09-28 10:34:09','1',timestamp '2002-09-28 10:34:09','carrier','name','phone','tracking_number',2),(495,'1',timestamp '2008-03-08 10:22:13','1',timestamp '2008-03-08 10:22:13','carrier','name','phone','tracking_number',4),(496,'1',timestamp '2011-08-23 10:34:51','1',timestamp '2011-08-23 10:34:51','carrier','name','phone','tracking_number',1),(497,'1',timestamp '1994-06-23 10:25:40','1',timestamp '1994-06-23 10:25:40','carrier','name','phone','tracking_number',6),(498,'1',timestamp '2005-03-24 09:58:38','1',timestamp '2005-03-24 09:58:38','carrier','name','phone','tracking_number',4),(499,'1',timestamp '2015-05-26 10:41:38','1',timestamp '2015-05-26 10:41:38','carrier','name','phone','tracking_number',6),(500,'1',timestamp '2006-04-14 09:15:01','1',timestamp '2006-04-14 09:15:01','carrier','name','phone','tracking_number',6);

INSERT INTO payment (id,created_by,created_date,last_modified_by,last_modified_date,amount,currency,description,stripe_payment_intent_id) VALUES (1,'1',timestamp '2005-02-16 10:01:22','1',timestamp '2005-02-16 10:01:22',1,'eur','test payment number 1','stripe_payment_intent_id number 1'),(2,'1',timestamp '2003-03-18 09:53:18','1',timestamp '2003-03-18 09:53:18',1,'eur','test payment number 2','stripe_payment_intent_id number 2'),(3,'1',timestamp '2000-10-05 09:40:33','1',timestamp '2000-10-05 09:40:33',1,'eur','test payment number 3','stripe_payment_intent_id number 3'),(4,'1',timestamp '1994-02-11 10:12:49','1',timestamp '1994-02-11 10:12:49',1,'eur','test payment number 4','stripe_payment_intent_id number 4'),(5,'1',timestamp '2018-09-13 09:50:38','1',timestamp '2018-09-13 09:50:38',1,'eur','test payment number 5','stripe_payment_intent_id number 5'),(6,'1',timestamp '1996-02-14 09:08:26','1',timestamp '1996-02-14 09:08:26',1,'eur','test payment number 6','stripe_payment_intent_id number 6'),(7,'1',timestamp '2008-12-29 10:19:09','1',timestamp '2008-12-29 10:19:09',1,'eur','test payment number 7','stripe_payment_intent_id number 7'),(8,'1',timestamp '2004-06-30 09:20:21','1',timestamp '2004-06-30 09:20:21',1,'eur','test payment number 8','stripe_payment_intent_id number 8'),(9,'1',timestamp '2016-01-19 08:52:34','1',timestamp '2016-01-19 08:52:34',1,'eur','test payment number 9','stripe_payment_intent_id number 9'),(10,'1',timestamp '2016-09-15 09:10:09','1',timestamp '2016-09-15 09:10:09',1,'eur','test payment number 10','stripe_payment_intent_id number 10'),(11,'1',timestamp '2017-09-27 09:37:56','1',timestamp '2017-09-27 09:37:56',1,'eur','test payment number 11','stripe_payment_intent_id number 11'),(12,'1',timestamp '1994-05-13 10:05:11','1',timestamp '1994-05-13 10:05:11',1,'eur','test payment number 12','stripe_payment_intent_id number 12'),(13,'1',timestamp '2013-04-01 09:05:22','1',timestamp '2013-04-01 09:05:22',1,'eur','test payment number 13','stripe_payment_intent_id number 13'),(14,'1',timestamp '2015-01-08 11:02:55','1',timestamp '2015-01-08 11:02:55',1,'eur','test payment number 14','stripe_payment_intent_id number 14'),(15,'1',timestamp '2001-12-05 08:42:14','1',timestamp '2001-12-05 08:42:14',1,'eur','test payment number 15','stripe_payment_intent_id number 15'),(16,'1',timestamp '2015-02-12 10:42:20','1',timestamp '2015-02-12 10:42:20',1,'eur','test payment number 16','stripe_payment_intent_id number 16'),(17,'1',timestamp '2010-06-22 08:28:45','1',timestamp '2010-06-22 08:28:45',1,'eur','test payment number 17','stripe_payment_intent_id number 17'),(18,'1',timestamp '2007-09-29 08:35:58','1',timestamp '2007-09-29 08:35:58',1,'eur','test payment number 18','stripe_payment_intent_id number 18'),(19,'1',timestamp '1994-05-11 10:54:11','1',timestamp '1994-05-11 10:54:11',1,'eur','test payment number 19','stripe_payment_intent_id number 19'),(20,'1',timestamp '1995-01-25 09:15:19','1',timestamp '1995-01-25 09:15:19',1,'eur','test payment number 20','stripe_payment_intent_id number 20'),(21,'1',timestamp '1999-04-05 10:12:43','1',timestamp '1999-04-05 10:12:43',1,'eur','test payment number 21','stripe_payment_intent_id number 21'),(22,'1',timestamp '2003-11-09 10:28:33','1',timestamp '2003-11-09 10:28:33',1,'eur','test payment number 22','stripe_payment_intent_id number 22'),(23,'1',timestamp '1995-05-09 10:03:14','1',timestamp '1995-05-09 10:03:14',1,'eur','test payment number 23','stripe_payment_intent_id number 23'),(24,'1',timestamp '1995-07-12 08:46:45','1',timestamp '1995-07-12 08:46:45',1,'eur','test payment number 24','stripe_payment_intent_id number 24'),(25,'1',timestamp '1998-02-09 10:36:48','1',timestamp '1998-02-09 10:36:48',1,'eur','test payment number 25','stripe_payment_intent_id number 25'),(26,'1',timestamp '1993-08-31 11:02:46','1',timestamp '1993-08-31 11:02:46',1,'eur','test payment number 26','stripe_payment_intent_id number 26'),(27,'1',timestamp '1995-08-08 09:41:55','1',timestamp '1995-08-08 09:41:55',1,'eur','test payment number 27','stripe_payment_intent_id number 27'),(28,'1',timestamp '2011-10-12 08:44:34','1',timestamp '2011-10-12 08:44:34',1,'eur','test payment number 28','stripe_payment_intent_id number 28'),(29,'1',timestamp '2011-04-05 09:06:59','1',timestamp '2011-04-05 09:06:59',1,'eur','test payment number 29','stripe_payment_intent_id number 29'),(30,'1',timestamp '2005-12-11 09:55:22','1',timestamp '2005-12-11 09:55:22',1,'eur','test payment number 30','stripe_payment_intent_id number 30'),(31,'1',timestamp '2020-01-13 08:33:25','1',timestamp '2020-01-13 08:33:25',1,'eur','test payment number 31','stripe_payment_intent_id number 31'),(32,'1',timestamp '1993-08-07 09:13:46','1',timestamp '1993-08-07 09:13:46',1,'eur','test payment number 32','stripe_payment_intent_id number 32'),(33,'1',timestamp '2007-07-20 09:45:07','1',timestamp '2007-07-20 09:45:07',1,'eur','test payment number 33','stripe_payment_intent_id number 33'),(34,'1',timestamp '2013-12-22 08:43:20','1',timestamp '2013-12-22 08:43:20',1,'eur','test payment number 34','stripe_payment_intent_id number 34'),(35,'1',timestamp '2009-08-23 10:10:07','1',timestamp '2009-08-23 10:10:07',1,'eur','test payment number 35','stripe_payment_intent_id number 35'),(36,'1',timestamp '2003-11-12 10:24:57','1',timestamp '2003-11-12 10:24:57',1,'eur','test payment number 36','stripe_payment_intent_id number 36'),(37,'1',timestamp '2005-04-22 10:57:23','1',timestamp '2005-04-22 10:57:23',1,'eur','test payment number 37','stripe_payment_intent_id number 37'),(38,'1',timestamp '2005-05-03 10:08:11','1',timestamp '2005-05-03 10:08:11',1,'eur','test payment number 38','stripe_payment_intent_id number 38'),(39,'1',timestamp '2015-09-24 08:41:22','1',timestamp '2015-09-24 08:41:22',1,'eur','test payment number 39','stripe_payment_intent_id number 39'),(40,'1',timestamp '2013-09-27 09:41:02','1',timestamp '2013-09-27 09:41:02',1,'eur','test payment number 40','stripe_payment_intent_id number 40'),(41,'1',timestamp '2005-11-13 09:25:15','1',timestamp '2005-11-13 09:25:15',1,'eur','test payment number 41','stripe_payment_intent_id number 41'),(42,'1',timestamp '1997-07-19 09:50:58','1',timestamp '1997-07-19 09:50:58',1,'eur','test payment number 42','stripe_payment_intent_id number 42'),(43,'1',timestamp '2009-06-11 09:32:26','1',timestamp '2009-06-11 09:32:26',1,'eur','test payment number 43','stripe_payment_intent_id number 43'),(44,'1',timestamp '2009-10-26 08:56:15','1',timestamp '2009-10-26 08:56:15',1,'eur','test payment number 44','stripe_payment_intent_id number 44'),(45,'1',timestamp '2018-10-09 10:26:19','1',timestamp '2018-10-09 10:26:19',1,'eur','test payment number 45','stripe_payment_intent_id number 45'),(46,'1',timestamp '2013-05-21 10:36:36','1',timestamp '2013-05-21 10:36:36',1,'eur','test payment number 46','stripe_payment_intent_id number 46'),(47,'1',timestamp '2009-11-25 10:17:52','1',timestamp '2009-11-25 10:17:52',1,'eur','test payment number 47','stripe_payment_intent_id number 47'),(48,'1',timestamp '2016-01-10 10:44:51','1',timestamp '2016-01-10 10:44:51',1,'eur','test payment number 48','stripe_payment_intent_id number 48'),(49,'1',timestamp '1995-05-13 09:38:36','1',timestamp '1995-05-13 09:38:36',1,'eur','test payment number 49','stripe_payment_intent_id number 49'),(50,'1',timestamp '2007-09-03 10:15:22','1',timestamp '2007-09-03 10:15:22',1,'eur','test payment number 50','stripe_payment_intent_id number 50'),(51,'1',timestamp '2014-11-01 09:59:11','1',timestamp '2014-11-01 09:59:11',1,'eur','test payment number 51','stripe_payment_intent_id number 51'),(52,'1',timestamp '1998-09-21 09:58:12','1',timestamp '1998-09-21 09:58:12',1,'eur','test payment number 52','stripe_payment_intent_id number 52'),(53,'1',timestamp '2008-12-09 09:03:56','1',timestamp '2008-12-09 09:03:56',1,'eur','test payment number 53','stripe_payment_intent_id number 53'),(54,'1',timestamp '2001-03-24 10:03:22','1',timestamp '2001-03-24 10:03:22',1,'eur','test payment number 54','stripe_payment_intent_id number 54'),(55,'1',timestamp '1994-12-08 10:57:35','1',timestamp '1994-12-08 10:57:35',1,'eur','test payment number 55','stripe_payment_intent_id number 55'),(56,'1',timestamp '2010-11-04 08:49:03','1',timestamp '2010-11-04 08:49:03',1,'eur','test payment number 56','stripe_payment_intent_id number 56'),(57,'1',timestamp '2008-03-22 10:23:20','1',timestamp '2008-03-22 10:23:20',1,'eur','test payment number 57','stripe_payment_intent_id number 57'),(58,'1',timestamp '2005-04-20 10:13:05','1',timestamp '2005-04-20 10:13:05',1,'eur','test payment number 58','stripe_payment_intent_id number 58'),(59,'1',timestamp '2012-03-28 10:41:40','1',timestamp '2012-03-28 10:41:40',1,'eur','test payment number 59','stripe_payment_intent_id number 59'),(60,'1',timestamp '1994-10-07 09:05:20','1',timestamp '1994-10-07 09:05:20',1,'eur','test payment number 60','stripe_payment_intent_id number 60'),(61,'1',timestamp '2012-05-24 10:19:06','1',timestamp '2012-05-24 10:19:06',1,'eur','test payment number 61','stripe_payment_intent_id number 61'),(62,'1',timestamp '2000-04-05 09:02:35','1',timestamp '2000-04-05 09:02:35',1,'eur','test payment number 62','stripe_payment_intent_id number 62'),(63,'1',timestamp '1995-08-21 10:45:10','1',timestamp '1995-08-21 10:45:10',1,'eur','test payment number 63','stripe_payment_intent_id number 63'),(64,'1',timestamp '2004-03-29 09:17:05','1',timestamp '2004-03-29 09:17:05',1,'eur','test payment number 64','stripe_payment_intent_id number 64'),(65,'1',timestamp '2015-09-23 08:43:33','1',timestamp '2015-09-23 08:43:33',1,'eur','test payment number 65','stripe_payment_intent_id number 65'),(66,'1',timestamp '2005-12-14 08:44:23','1',timestamp '2005-12-14 08:44:23',1,'eur','test payment number 66','stripe_payment_intent_id number 66'),(67,'1',timestamp '1998-04-09 09:42:17','1',timestamp '1998-04-09 09:42:17',1,'eur','test payment number 67','stripe_payment_intent_id number 67'),(68,'1',timestamp '1994-12-14 08:51:28','1',timestamp '1994-12-14 08:51:28',1,'eur','test payment number 68','stripe_payment_intent_id number 68'),(69,'1',timestamp '2009-12-18 10:12:16','1',timestamp '2009-12-18 10:12:16',1,'eur','test payment number 69','stripe_payment_intent_id number 69'),(70,'1',timestamp '2012-07-25 09:16:46','1',timestamp '2012-07-25 09:16:46',1,'eur','test payment number 70','stripe_payment_intent_id number 70'),(71,'1',timestamp '2004-10-21 09:35:53','1',timestamp '2004-10-21 09:35:53',1,'eur','test payment number 71','stripe_payment_intent_id number 71'),(72,'1',timestamp '1993-05-19 09:11:19','1',timestamp '1993-05-19 09:11:19',1,'eur','test payment number 72','stripe_payment_intent_id number 72'),(73,'1',timestamp '2002-07-27 09:41:09','1',timestamp '2002-07-27 09:41:09',1,'eur','test payment number 73','stripe_payment_intent_id number 73'),(74,'1',timestamp '1993-06-01 08:50:15','1',timestamp '1993-06-01 08:50:15',1,'eur','test payment number 74','stripe_payment_intent_id number 74'),(75,'1',timestamp '1997-04-29 10:55:12','1',timestamp '1997-04-29 10:55:12',1,'eur','test payment number 75','stripe_payment_intent_id number 75'),(76,'1',timestamp '2017-04-22 08:33:00','1',timestamp '2017-04-22 08:33:00',1,'eur','test payment number 76','stripe_payment_intent_id number 76'),(77,'1',timestamp '2012-09-30 09:32:38','1',timestamp '2012-09-30 09:32:38',1,'eur','test payment number 77','stripe_payment_intent_id number 77'),(78,'1',timestamp '2011-12-22 10:53:03','1',timestamp '2011-12-22 10:53:03',1,'eur','test payment number 78','stripe_payment_intent_id number 78'),(79,'1',timestamp '2012-01-11 09:35:43','1',timestamp '2012-01-11 09:35:43',1,'eur','test payment number 79','stripe_payment_intent_id number 79'),(80,'1',timestamp '2018-12-15 08:43:13','1',timestamp '2018-12-15 08:43:13',1,'eur','test payment number 80','stripe_payment_intent_id number 80'),(81,'1',timestamp '1999-11-22 10:26:44','1',timestamp '1999-11-22 10:26:44',1,'eur','test payment number 81','stripe_payment_intent_id number 81'),(82,'1',timestamp '2010-01-30 09:23:35','1',timestamp '2010-01-30 09:23:35',1,'eur','test payment number 82','stripe_payment_intent_id number 82'),(83,'1',timestamp '2006-12-31 10:09:04','1',timestamp '2006-12-31 10:09:04',1,'eur','test payment number 83','stripe_payment_intent_id number 83'),(84,'1',timestamp '2007-07-02 10:05:01','1',timestamp '2007-07-02 10:05:01',1,'eur','test payment number 84','stripe_payment_intent_id number 84'),(85,'1',timestamp '1997-04-04 08:59:03','1',timestamp '1997-04-04 08:59:03',1,'eur','test payment number 85','stripe_payment_intent_id number 85'),(86,'1',timestamp '2017-05-23 10:59:14','1',timestamp '2017-05-23 10:59:14',1,'eur','test payment number 86','stripe_payment_intent_id number 86'),(87,'1',timestamp '1996-10-02 10:20:33','1',timestamp '1996-10-02 10:20:33',1,'eur','test payment number 87','stripe_payment_intent_id number 87'),(88,'1',timestamp '1995-10-18 09:47:38','1',timestamp '1995-10-18 09:47:38',1,'eur','test payment number 88','stripe_payment_intent_id number 88'),(89,'1',timestamp '1996-05-12 10:23:07','1',timestamp '1996-05-12 10:23:07',1,'eur','test payment number 89','stripe_payment_intent_id number 89'),(90,'1',timestamp '2003-07-11 08:51:14','1',timestamp '2003-07-11 08:51:14',1,'eur','test payment number 90','stripe_payment_intent_id number 90'),(91,'1',timestamp '2018-10-01 08:52:05','1',timestamp '2018-10-01 08:52:05',1,'eur','test payment number 91','stripe_payment_intent_id number 91'),(92,'1',timestamp '2007-01-31 10:08:57','1',timestamp '2007-01-31 10:08:57',1,'eur','test payment number 92','stripe_payment_intent_id number 92'),(93,'1',timestamp '2011-04-21 10:49:41','1',timestamp '2011-04-21 10:49:41',1,'eur','test payment number 93','stripe_payment_intent_id number 93'),(94,'1',timestamp '2006-12-04 10:02:11','1',timestamp '2006-12-04 10:02:11',1,'eur','test payment number 94','stripe_payment_intent_id number 94'),(95,'1',timestamp '2009-10-21 08:48:53','1',timestamp '2009-10-21 08:48:53',1,'eur','test payment number 95','stripe_payment_intent_id number 95'),(96,'1',timestamp '1998-05-31 09:40:18','1',timestamp '1998-05-31 09:40:18',1,'eur','test payment number 96','stripe_payment_intent_id number 96'),(97,'1',timestamp '2015-05-05 09:09:58','1',timestamp '2015-05-05 09:09:58',1,'eur','test payment number 97','stripe_payment_intent_id number 97'),(98,'1',timestamp '2018-07-01 10:10:36','1',timestamp '2018-07-01 10:10:36',1,'eur','test payment number 98','stripe_payment_intent_id number 98'),(99,'1',timestamp '1993-05-25 11:10:23','1',timestamp '1993-05-25 11:10:23',1,'eur','test payment number 99','stripe_payment_intent_id number 99'),(100,'1',timestamp '2001-12-31 09:24:52','1',timestamp '2001-12-31 09:24:52',1,'eur','test payment number 100','stripe_payment_intent_id number 100'),(101,'1',timestamp '1999-04-08 09:03:07','1',timestamp '1999-04-08 09:03:07',1,'eur','test payment number 101','stripe_payment_intent_id number 101'),(102,'1',timestamp '2001-03-26 11:05:25','1',timestamp '2001-03-26 11:05:25',1,'eur','test payment number 102','stripe_payment_intent_id number 102'),(103,'1',timestamp '2007-05-20 08:56:09','1',timestamp '2007-05-20 08:56:09',1,'eur','test payment number 103','stripe_payment_intent_id number 103'),(104,'1',timestamp '1997-11-27 10:56:38','1',timestamp '1997-11-27 10:56:38',1,'eur','test payment number 104','stripe_payment_intent_id number 104'),(105,'1',timestamp '1996-09-20 10:52:36','1',timestamp '1996-09-20 10:52:36',1,'eur','test payment number 105','stripe_payment_intent_id number 105'),(106,'1',timestamp '2009-05-02 10:04:02','1',timestamp '2009-05-02 10:04:02',1,'eur','test payment number 106','stripe_payment_intent_id number 106'),(107,'1',timestamp '2015-11-22 08:55:51','1',timestamp '2015-11-22 08:55:51',1,'eur','test payment number 107','stripe_payment_intent_id number 107'),(108,'1',timestamp '2004-02-28 11:00:56','1',timestamp '2004-02-28 11:00:56',1,'eur','test payment number 108','stripe_payment_intent_id number 108'),(109,'1',timestamp '2013-10-07 08:35:52','1',timestamp '2013-10-07 08:35:52',1,'eur','test payment number 109','stripe_payment_intent_id number 109'),(110,'1',timestamp '1997-04-14 10:52:29','1',timestamp '1997-04-14 10:52:29',1,'eur','test payment number 110','stripe_payment_intent_id number 110'),(111,'1',timestamp '2009-11-29 10:49:32','1',timestamp '2009-11-29 10:49:32',1,'eur','test payment number 111','stripe_payment_intent_id number 111'),(112,'1',timestamp '2013-03-31 08:38:11','1',timestamp '2013-03-31 08:38:11',1,'eur','test payment number 112','stripe_payment_intent_id number 112'),(113,'1',timestamp '2016-06-28 08:39:11','1',timestamp '2016-06-28 08:39:11',1,'eur','test payment number 113','stripe_payment_intent_id number 113'),(114,'1',timestamp '1997-05-17 09:04:14','1',timestamp '1997-05-17 09:04:14',1,'eur','test payment number 114','stripe_payment_intent_id number 114'),(115,'1',timestamp '2020-01-29 10:05:31','1',timestamp '2020-01-29 10:05:31',1,'eur','test payment number 115','stripe_payment_intent_id number 115'),(116,'1',timestamp '2010-12-06 09:30:15','1',timestamp '2010-12-06 09:30:15',1,'eur','test payment number 116','stripe_payment_intent_id number 116'),(117,'1',timestamp '2010-04-01 10:42:46','1',timestamp '2010-04-01 10:42:46',1,'eur','test payment number 117','stripe_payment_intent_id number 117'),(118,'1',timestamp '2006-05-27 10:59:09','1',timestamp '2006-05-27 10:59:09',1,'eur','test payment number 118','stripe_payment_intent_id number 118'),(119,'1',timestamp '2010-11-12 09:56:05','1',timestamp '2010-11-12 09:56:05',1,'eur','test payment number 119','stripe_payment_intent_id number 119'),(120,'1',timestamp '2013-06-03 11:00:31','1',timestamp '2013-06-03 11:00:31',1,'eur','test payment number 120','stripe_payment_intent_id number 120'),(121,'1',timestamp '2007-12-01 10:34:21','1',timestamp '2007-12-01 10:34:21',1,'eur','test payment number 121','stripe_payment_intent_id number 121'),(122,'1',timestamp '2005-11-29 09:52:10','1',timestamp '2005-11-29 09:52:10',1,'eur','test payment number 122','stripe_payment_intent_id number 122'),(123,'1',timestamp '1998-04-08 09:29:14','1',timestamp '1998-04-08 09:29:14',1,'eur','test payment number 123','stripe_payment_intent_id number 123'),(124,'1',timestamp '2010-09-25 08:41:34','1',timestamp '2010-09-25 08:41:34',1,'eur','test payment number 124','stripe_payment_intent_id number 124'),(125,'1',timestamp '2013-04-25 08:36:12','1',timestamp '2013-04-25 08:36:12',1,'eur','test payment number 125','stripe_payment_intent_id number 125'),(126,'1',timestamp '2006-06-22 11:05:13','1',timestamp '2006-06-22 11:05:13',1,'eur','test payment number 126','stripe_payment_intent_id number 126'),(127,'1',timestamp '2002-04-06 10:01:11','1',timestamp '2002-04-06 10:01:11',1,'eur','test payment number 127','stripe_payment_intent_id number 127'),(128,'1',timestamp '2000-03-11 09:48:16','1',timestamp '2000-03-11 09:48:16',1,'eur','test payment number 128','stripe_payment_intent_id number 128'),(129,'1',timestamp '2019-01-06 10:46:04','1',timestamp '2019-01-06 10:46:04',1,'eur','test payment number 129','stripe_payment_intent_id number 129'),(130,'1',timestamp '2018-11-30 10:04:26','1',timestamp '2018-11-30 10:04:26',1,'eur','test payment number 130','stripe_payment_intent_id number 130'),(131,'1',timestamp '1995-11-30 09:27:03','1',timestamp '1995-11-30 09:27:03',1,'eur','test payment number 131','stripe_payment_intent_id number 131'),(132,'1',timestamp '2013-05-02 09:15:33','1',timestamp '2013-05-02 09:15:33',1,'eur','test payment number 132','stripe_payment_intent_id number 132'),(133,'1',timestamp '2015-07-08 10:09:21','1',timestamp '2015-07-08 10:09:21',1,'eur','test payment number 133','stripe_payment_intent_id number 133'),(134,'1',timestamp '2002-11-20 09:01:27','1',timestamp '2002-11-20 09:01:27',1,'eur','test payment number 134','stripe_payment_intent_id number 134'),(135,'1',timestamp '2010-08-23 09:24:51','1',timestamp '2010-08-23 09:24:51',1,'eur','test payment number 135','stripe_payment_intent_id number 135'),(136,'1',timestamp '2016-01-13 09:47:15','1',timestamp '2016-01-13 09:47:15',1,'eur','test payment number 136','stripe_payment_intent_id number 136'),(137,'1',timestamp '2001-08-10 09:24:40','1',timestamp '2001-08-10 09:24:40',1,'eur','test payment number 137','stripe_payment_intent_id number 137'),(138,'1',timestamp '1999-01-25 09:07:20','1',timestamp '1999-01-25 09:07:20',1,'eur','test payment number 138','stripe_payment_intent_id number 138'),(139,'1',timestamp '2016-12-29 09:52:22','1',timestamp '2016-12-29 09:52:22',1,'eur','test payment number 139','stripe_payment_intent_id number 139'),(140,'1',timestamp '2012-12-04 08:41:38','1',timestamp '2012-12-04 08:41:38',1,'eur','test payment number 140','stripe_payment_intent_id number 140'),(141,'1',timestamp '2014-03-19 10:36:47','1',timestamp '2014-03-19 10:36:47',1,'eur','test payment number 141','stripe_payment_intent_id number 141'),(142,'1',timestamp '2009-10-26 10:04:02','1',timestamp '2009-10-26 10:04:02',1,'eur','test payment number 142','stripe_payment_intent_id number 142'),(143,'1',timestamp '1998-01-06 11:05:22','1',timestamp '1998-01-06 11:05:22',1,'eur','test payment number 143','stripe_payment_intent_id number 143'),(144,'1',timestamp '2006-07-31 10:42:58','1',timestamp '2006-07-31 10:42:58',1,'eur','test payment number 144','stripe_payment_intent_id number 144'),(145,'1',timestamp '2000-02-13 10:01:43','1',timestamp '2000-02-13 10:01:43',1,'eur','test payment number 145','stripe_payment_intent_id number 145'),(146,'1',timestamp '2004-08-21 09:20:14','1',timestamp '2004-08-21 09:20:14',1,'eur','test payment number 146','stripe_payment_intent_id number 146'),(147,'1',timestamp '2010-03-10 10:47:02','1',timestamp '2010-03-10 10:47:02',1,'eur','test payment number 147','stripe_payment_intent_id number 147'),(148,'1',timestamp '2005-08-10 08:43:58','1',timestamp '2005-08-10 08:43:58',1,'eur','test payment number 148','stripe_payment_intent_id number 148'),(149,'1',timestamp '2011-04-02 09:14:42','1',timestamp '2011-04-02 09:14:42',1,'eur','test payment number 149','stripe_payment_intent_id number 149'),(150,'1',timestamp '1997-03-09 08:35:45','1',timestamp '1997-03-09 08:35:45',1,'eur','test payment number 150','stripe_payment_intent_id number 150'),(151,'1',timestamp '2004-04-22 09:38:37','1',timestamp '2004-04-22 09:38:37',1,'eur','test payment number 151','stripe_payment_intent_id number 151'),(152,'1',timestamp '1998-12-07 11:01:56','1',timestamp '1998-12-07 11:01:56',1,'eur','test payment number 152','stripe_payment_intent_id number 152'),(153,'1',timestamp '1998-09-04 10:37:09','1',timestamp '1998-09-04 10:37:09',1,'eur','test payment number 153','stripe_payment_intent_id number 153'),(154,'1',timestamp '2001-07-04 08:34:26','1',timestamp '2001-07-04 08:34:26',1,'eur','test payment number 154','stripe_payment_intent_id number 154'),(155,'1',timestamp '2012-08-27 10:12:39','1',timestamp '2012-08-27 10:12:39',1,'eur','test payment number 155','stripe_payment_intent_id number 155'),(156,'1',timestamp '2007-05-31 08:52:12','1',timestamp '2007-05-31 08:52:12',1,'eur','test payment number 156','stripe_payment_intent_id number 156'),(157,'1',timestamp '2008-12-13 08:44:01','1',timestamp '2008-12-13 08:44:01',1,'eur','test payment number 157','stripe_payment_intent_id number 157'),(158,'1',timestamp '2011-05-05 08:54:16','1',timestamp '2011-05-05 08:54:16',1,'eur','test payment number 158','stripe_payment_intent_id number 158'),(159,'1',timestamp '1997-11-01 10:44:32','1',timestamp '1997-11-01 10:44:32',1,'eur','test payment number 159','stripe_payment_intent_id number 159'),(160,'1',timestamp '1998-11-30 10:24:47','1',timestamp '1998-11-30 10:24:47',1,'eur','test payment number 160','stripe_payment_intent_id number 160'),(161,'1',timestamp '2012-01-03 09:07:41','1',timestamp '2012-01-03 09:07:41',1,'eur','test payment number 161','stripe_payment_intent_id number 161'),(162,'1',timestamp '2009-09-15 11:11:16','1',timestamp '2009-09-15 11:11:16',1,'eur','test payment number 162','stripe_payment_intent_id number 162'),(163,'1',timestamp '1998-09-29 08:34:53','1',timestamp '1998-09-29 08:34:53',1,'eur','test payment number 163','stripe_payment_intent_id number 163'),(164,'1',timestamp '2009-04-18 08:57:50','1',timestamp '2009-04-18 08:57:50',1,'eur','test payment number 164','stripe_payment_intent_id number 164'),(165,'1',timestamp '2012-03-14 09:49:24','1',timestamp '2012-03-14 09:49:24',1,'eur','test payment number 165','stripe_payment_intent_id number 165'),(166,'1',timestamp '2014-12-08 10:02:00','1',timestamp '2014-12-08 10:02:00',1,'eur','test payment number 166','stripe_payment_intent_id number 166'),(167,'1',timestamp '2005-05-08 09:13:13','1',timestamp '2005-05-08 09:13:13',1,'eur','test payment number 167','stripe_payment_intent_id number 167'),(168,'1',timestamp '2009-11-04 08:40:41','1',timestamp '2009-11-04 08:40:41',1,'eur','test payment number 168','stripe_payment_intent_id number 168'),(169,'1',timestamp '2001-06-19 10:05:02','1',timestamp '2001-06-19 10:05:02',1,'eur','test payment number 169','stripe_payment_intent_id number 169'),(170,'1',timestamp '1999-08-28 09:03:41','1',timestamp '1999-08-28 09:03:41',1,'eur','test payment number 170','stripe_payment_intent_id number 170'),(171,'1',timestamp '2018-09-26 10:46:38','1',timestamp '2018-09-26 10:46:38',1,'eur','test payment number 171','stripe_payment_intent_id number 171'),(172,'1',timestamp '1995-07-02 09:56:39','1',timestamp '1995-07-02 09:56:39',1,'eur','test payment number 172','stripe_payment_intent_id number 172'),(173,'1',timestamp '2018-07-29 10:33:49','1',timestamp '2018-07-29 10:33:49',1,'eur','test payment number 173','stripe_payment_intent_id number 173'),(174,'1',timestamp '2006-01-26 11:05:14','1',timestamp '2006-01-26 11:05:14',1,'eur','test payment number 174','stripe_payment_intent_id number 174'),(175,'1',timestamp '2018-08-04 08:41:29','1',timestamp '2018-08-04 08:41:29',1,'eur','test payment number 175','stripe_payment_intent_id number 175'),(176,'1',timestamp '1995-05-11 09:01:09','1',timestamp '1995-05-11 09:01:09',1,'eur','test payment number 176','stripe_payment_intent_id number 176'),(177,'1',timestamp '1998-06-02 10:43:15','1',timestamp '1998-06-02 10:43:15',1,'eur','test payment number 177','stripe_payment_intent_id number 177'),(178,'1',timestamp '2009-06-28 08:49:21','1',timestamp '2009-06-28 08:49:21',1,'eur','test payment number 178','stripe_payment_intent_id number 178'),(179,'1',timestamp '2003-11-27 10:28:27','1',timestamp '2003-11-27 10:28:27',1,'eur','test payment number 179','stripe_payment_intent_id number 179'),(180,'1',timestamp '2018-04-12 09:41:56','1',timestamp '2018-04-12 09:41:56',1,'eur','test payment number 180','stripe_payment_intent_id number 180'),(181,'1',timestamp '2014-10-24 11:11:16','1',timestamp '2014-10-24 11:11:16',1,'eur','test payment number 181','stripe_payment_intent_id number 181'),(182,'1',timestamp '2006-11-12 08:42:12','1',timestamp '2006-11-12 08:42:12',1,'eur','test payment number 182','stripe_payment_intent_id number 182'),(183,'1',timestamp '1996-02-05 10:12:06','1',timestamp '1996-02-05 10:12:06',1,'eur','test payment number 183','stripe_payment_intent_id number 183'),(184,'1',timestamp '2012-12-22 10:45:55','1',timestamp '2012-12-22 10:45:55',1,'eur','test payment number 184','stripe_payment_intent_id number 184'),(185,'1',timestamp '1996-11-25 09:54:21','1',timestamp '1996-11-25 09:54:21',1,'eur','test payment number 185','stripe_payment_intent_id number 185'),(186,'1',timestamp '2012-09-17 09:29:02','1',timestamp '2012-09-17 09:29:02',1,'eur','test payment number 186','stripe_payment_intent_id number 186'),(187,'1',timestamp '2013-11-27 10:13:26','1',timestamp '2013-11-27 10:13:26',1,'eur','test payment number 187','stripe_payment_intent_id number 187'),(188,'1',timestamp '2010-04-20 08:45:02','1',timestamp '2010-04-20 08:45:02',1,'eur','test payment number 188','stripe_payment_intent_id number 188'),(189,'1',timestamp '1999-07-27 10:45:06','1',timestamp '1999-07-27 10:45:06',1,'eur','test payment number 189','stripe_payment_intent_id number 189'),(190,'1',timestamp '2018-06-03 09:32:53','1',timestamp '2018-06-03 09:32:53',1,'eur','test payment number 190','stripe_payment_intent_id number 190'),(191,'1',timestamp '1998-08-16 08:28:56','1',timestamp '1998-08-16 08:28:56',1,'eur','test payment number 191','stripe_payment_intent_id number 191'),(192,'1',timestamp '2011-07-01 10:19:35','1',timestamp '2011-07-01 10:19:35',1,'eur','test payment number 192','stripe_payment_intent_id number 192'),(193,'1',timestamp '1999-12-14 09:44:16','1',timestamp '1999-12-14 09:44:16',1,'eur','test payment number 193','stripe_payment_intent_id number 193'),(194,'1',timestamp '2018-11-15 10:29:40','1',timestamp '2018-11-15 10:29:40',1,'eur','test payment number 194','stripe_payment_intent_id number 194'),(195,'1',timestamp '1997-12-23 09:42:07','1',timestamp '1997-12-23 09:42:07',1,'eur','test payment number 195','stripe_payment_intent_id number 195'),(196,'1',timestamp '2006-10-26 08:36:12','1',timestamp '2006-10-26 08:36:12',1,'eur','test payment number 196','stripe_payment_intent_id number 196'),(197,'1',timestamp '2019-05-03 10:28:00','1',timestamp '2019-05-03 10:28:00',1,'eur','test payment number 197','stripe_payment_intent_id number 197'),(198,'1',timestamp '2008-05-09 10:47:58','1',timestamp '2008-05-09 10:47:58',1,'eur','test payment number 198','stripe_payment_intent_id number 198'),(199,'1',timestamp '2016-01-22 10:05:25','1',timestamp '2016-01-22 10:05:25',1,'eur','test payment number 199','stripe_payment_intent_id number 199'),(200,'1',timestamp '1994-06-11 09:04:59','1',timestamp '1994-06-11 09:04:59',1,'eur','test payment number 200','stripe_payment_intent_id number 200'),(201,'1',timestamp '2005-07-22 09:08:14','1',timestamp '2005-07-22 09:08:14',1,'eur','test payment number 201','stripe_payment_intent_id number 201'),(202,'1',timestamp '2010-06-21 09:28:08','1',timestamp '2010-06-21 09:28:08',1,'eur','test payment number 202','stripe_payment_intent_id number 202'),(203,'1',timestamp '1999-12-11 09:58:59','1',timestamp '1999-12-11 09:58:59',1,'eur','test payment number 203','stripe_payment_intent_id number 203'),(204,'1',timestamp '2002-10-20 09:47:27','1',timestamp '2002-10-20 09:47:27',1,'eur','test payment number 204','stripe_payment_intent_id number 204'),(205,'1',timestamp '2001-03-24 11:05:24','1',timestamp '2001-03-24 11:05:24',1,'eur','test payment number 205','stripe_payment_intent_id number 205'),(206,'1',timestamp '1999-08-18 08:49:39','1',timestamp '1999-08-18 08:49:39',1,'eur','test payment number 206','stripe_payment_intent_id number 206'),(207,'1',timestamp '2009-06-14 09:23:32','1',timestamp '2009-06-14 09:23:32',1,'eur','test payment number 207','stripe_payment_intent_id number 207'),(208,'1',timestamp '2018-05-26 08:37:51','1',timestamp '2018-05-26 08:37:51',1,'eur','test payment number 208','stripe_payment_intent_id number 208'),(209,'1',timestamp '2005-04-20 08:40:39','1',timestamp '2005-04-20 08:40:39',1,'eur','test payment number 209','stripe_payment_intent_id number 209'),(210,'1',timestamp '1997-06-19 10:20:27','1',timestamp '1997-06-19 10:20:27',1,'eur','test payment number 210','stripe_payment_intent_id number 210'),(211,'1',timestamp '2002-03-06 10:42:55','1',timestamp '2002-03-06 10:42:55',1,'eur','test payment number 211','stripe_payment_intent_id number 211'),(212,'1',timestamp '2015-04-20 08:59:47','1',timestamp '2015-04-20 08:59:47',1,'eur','test payment number 212','stripe_payment_intent_id number 212'),(213,'1',timestamp '2004-02-09 11:09:23','1',timestamp '2004-02-09 11:09:23',1,'eur','test payment number 213','stripe_payment_intent_id number 213'),(214,'1',timestamp '2009-02-03 08:39:45','1',timestamp '2009-02-03 08:39:45',1,'eur','test payment number 214','stripe_payment_intent_id number 214'),(215,'1',timestamp '2016-06-30 09:25:46','1',timestamp '2016-06-30 09:25:46',1,'eur','test payment number 215','stripe_payment_intent_id number 215'),(216,'1',timestamp '2001-08-24 11:02:56','1',timestamp '2001-08-24 11:02:56',1,'eur','test payment number 216','stripe_payment_intent_id number 216'),(217,'1',timestamp '2004-08-31 11:13:07','1',timestamp '2004-08-31 11:13:07',1,'eur','test payment number 217','stripe_payment_intent_id number 217'),(218,'1',timestamp '2013-03-21 10:21:18','1',timestamp '2013-03-21 10:21:18',1,'eur','test payment number 218','stripe_payment_intent_id number 218'),(219,'1',timestamp '1994-08-28 10:49:18','1',timestamp '1994-08-28 10:49:18',1,'eur','test payment number 219','stripe_payment_intent_id number 219'),(220,'1',timestamp '1996-01-18 10:43:35','1',timestamp '1996-01-18 10:43:35',1,'eur','test payment number 220','stripe_payment_intent_id number 220'),(221,'1',timestamp '2015-01-05 10:18:41','1',timestamp '2015-01-05 10:18:41',1,'eur','test payment number 221','stripe_payment_intent_id number 221'),(222,'1',timestamp '2012-09-08 10:10:20','1',timestamp '2012-09-08 10:10:20',1,'eur','test payment number 222','stripe_payment_intent_id number 222'),(223,'1',timestamp '2017-07-05 10:50:12','1',timestamp '2017-07-05 10:50:12',1,'eur','test payment number 223','stripe_payment_intent_id number 223'),(224,'1',timestamp '2005-09-07 09:48:18','1',timestamp '2005-09-07 09:48:18',1,'eur','test payment number 224','stripe_payment_intent_id number 224'),(225,'1',timestamp '2012-12-18 09:28:24','1',timestamp '2012-12-18 09:28:24',1,'eur','test payment number 225','stripe_payment_intent_id number 225'),(226,'1',timestamp '2000-06-04 09:03:36','1',timestamp '2000-06-04 09:03:36',1,'eur','test payment number 226','stripe_payment_intent_id number 226'),(227,'1',timestamp '2013-03-06 11:01:35','1',timestamp '2013-03-06 11:01:35',1,'eur','test payment number 227','stripe_payment_intent_id number 227'),(228,'1',timestamp '2011-03-22 08:50:05','1',timestamp '2011-03-22 08:50:05',1,'eur','test payment number 228','stripe_payment_intent_id number 228'),(229,'1',timestamp '1997-01-05 08:32:59','1',timestamp '1997-01-05 08:32:59',1,'eur','test payment number 229','stripe_payment_intent_id number 229'),(230,'1',timestamp '2017-06-02 09:30:55','1',timestamp '2017-06-02 09:30:55',1,'eur','test payment number 230','stripe_payment_intent_id number 230'),(231,'1',timestamp '2017-04-18 10:36:34','1',timestamp '2017-04-18 10:36:34',1,'eur','test payment number 231','stripe_payment_intent_id number 231'),(232,'1',timestamp '2018-12-25 10:41:38','1',timestamp '2018-12-25 10:41:38',1,'eur','test payment number 232','stripe_payment_intent_id number 232'),(233,'1',timestamp '2005-05-02 10:06:32','1',timestamp '2005-05-02 10:06:32',1,'eur','test payment number 233','stripe_payment_intent_id number 233'),(234,'1',timestamp '1994-06-08 09:09:21','1',timestamp '1994-06-08 09:09:21',1,'eur','test payment number 234','stripe_payment_intent_id number 234'),(235,'1',timestamp '1997-10-04 09:32:32','1',timestamp '1997-10-04 09:32:32',1,'eur','test payment number 235','stripe_payment_intent_id number 235'),(236,'1',timestamp '1999-08-22 09:33:22','1',timestamp '1999-08-22 09:33:22',1,'eur','test payment number 236','stripe_payment_intent_id number 236'),(237,'1',timestamp '2013-02-17 09:03:43','1',timestamp '2013-02-17 09:03:43',1,'eur','test payment number 237','stripe_payment_intent_id number 237'),(238,'1',timestamp '1998-04-26 09:21:59','1',timestamp '1998-04-26 09:21:59',1,'eur','test payment number 238','stripe_payment_intent_id number 238'),(239,'1',timestamp '1997-10-03 08:30:43','1',timestamp '1997-10-03 08:30:43',1,'eur','test payment number 239','stripe_payment_intent_id number 239'),(240,'1',timestamp '1999-12-30 08:41:07','1',timestamp '1999-12-30 08:41:07',1,'eur','test payment number 240','stripe_payment_intent_id number 240'),(241,'1',timestamp '2018-05-10 09:01:08','1',timestamp '2018-05-10 09:01:08',1,'eur','test payment number 241','stripe_payment_intent_id number 241'),(242,'1',timestamp '2008-09-26 08:38:23','1',timestamp '2008-09-26 08:38:23',1,'eur','test payment number 242','stripe_payment_intent_id number 242'),(243,'1',timestamp '2001-08-05 10:01:57','1',timestamp '2001-08-05 10:01:57',1,'eur','test payment number 243','stripe_payment_intent_id number 243'),(244,'1',timestamp '2010-05-23 10:26:36','1',timestamp '2010-05-23 10:26:36',1,'eur','test payment number 244','stripe_payment_intent_id number 244'),(245,'1',timestamp '2001-04-20 11:02:30','1',timestamp '2001-04-20 11:02:30',1,'eur','test payment number 245','stripe_payment_intent_id number 245'),(246,'1',timestamp '2012-12-10 10:20:16','1',timestamp '2012-12-10 10:20:16',1,'eur','test payment number 246','stripe_payment_intent_id number 246'),(247,'1',timestamp '2008-10-25 09:28:43','1',timestamp '2008-10-25 09:28:43',1,'eur','test payment number 247','stripe_payment_intent_id number 247'),(248,'1',timestamp '2008-10-08 10:39:40','1',timestamp '2008-10-08 10:39:40',1,'eur','test payment number 248','stripe_payment_intent_id number 248'),(249,'1',timestamp '1993-03-18 10:59:38','1',timestamp '1993-03-18 10:59:38',1,'eur','test payment number 249','stripe_payment_intent_id number 249'),(250,'1',timestamp '2005-08-04 10:43:39','1',timestamp '2005-08-04 10:43:39',1,'eur','test payment number 250','stripe_payment_intent_id number 250'),(251,'1',timestamp '2007-04-25 09:06:52','1',timestamp '2007-04-25 09:06:52',1,'eur','test payment number 251','stripe_payment_intent_id number 251'),(252,'1',timestamp '1997-06-13 10:59:08','1',timestamp '1997-06-13 10:59:08',1,'eur','test payment number 252','stripe_payment_intent_id number 252'),(253,'1',timestamp '2008-02-22 08:38:44','1',timestamp '2008-02-22 08:38:44',1,'eur','test payment number 253','stripe_payment_intent_id number 253'),(254,'1',timestamp '2008-04-21 09:52:25','1',timestamp '2008-04-21 09:52:25',1,'eur','test payment number 254','stripe_payment_intent_id number 254'),(255,'1',timestamp '2010-08-24 09:40:24','1',timestamp '2010-08-24 09:40:24',1,'eur','test payment number 255','stripe_payment_intent_id number 255'),(256,'1',timestamp '2017-08-17 10:26:48','1',timestamp '2017-08-17 10:26:48',1,'eur','test payment number 256','stripe_payment_intent_id number 256'),(257,'1',timestamp '2009-08-09 08:59:50','1',timestamp '2009-08-09 08:59:50',1,'eur','test payment number 257','stripe_payment_intent_id number 257'),(258,'1',timestamp '1993-10-15 08:54:11','1',timestamp '1993-10-15 08:54:11',1,'eur','test payment number 258','stripe_payment_intent_id number 258'),(259,'1',timestamp '2016-11-26 09:02:11','1',timestamp '2016-11-26 09:02:11',1,'eur','test payment number 259','stripe_payment_intent_id number 259'),(260,'1',timestamp '1996-05-23 10:40:34','1',timestamp '1996-05-23 10:40:34',1,'eur','test payment number 260','stripe_payment_intent_id number 260'),(261,'1',timestamp '2008-11-08 10:46:33','1',timestamp '2008-11-08 10:46:33',1,'eur','test payment number 261','stripe_payment_intent_id number 261'),(262,'1',timestamp '2014-09-01 10:53:26','1',timestamp '2014-09-01 10:53:26',1,'eur','test payment number 262','stripe_payment_intent_id number 262'),(263,'1',timestamp '2012-11-07 11:13:03','1',timestamp '2012-11-07 11:13:03',1,'eur','test payment number 263','stripe_payment_intent_id number 263'),(264,'1',timestamp '2012-09-30 09:20:44','1',timestamp '2012-09-30 09:20:44',1,'eur','test payment number 264','stripe_payment_intent_id number 264'),(265,'1',timestamp '2016-11-18 08:40:44','1',timestamp '2016-11-18 08:40:44',1,'eur','test payment number 265','stripe_payment_intent_id number 265'),(266,'1',timestamp '2013-05-11 08:33:42','1',timestamp '2013-05-11 08:33:42',1,'eur','test payment number 266','stripe_payment_intent_id number 266'),(267,'1',timestamp '2016-02-05 10:52:10','1',timestamp '2016-02-05 10:52:10',1,'eur','test payment number 267','stripe_payment_intent_id number 267'),(268,'1',timestamp '2017-12-14 10:40:52','1',timestamp '2017-12-14 10:40:52',1,'eur','test payment number 268','stripe_payment_intent_id number 268'),(269,'1',timestamp '2010-11-18 10:38:12','1',timestamp '2010-11-18 10:38:12',1,'eur','test payment number 269','stripe_payment_intent_id number 269'),(270,'1',timestamp '2011-11-24 08:57:57','1',timestamp '2011-11-24 08:57:57',1,'eur','test payment number 270','stripe_payment_intent_id number 270'),(271,'1',timestamp '2005-03-01 09:13:06','1',timestamp '2005-03-01 09:13:06',1,'eur','test payment number 271','stripe_payment_intent_id number 271'),(272,'1',timestamp '2010-05-24 09:13:50','1',timestamp '2010-05-24 09:13:50',1,'eur','test payment number 272','stripe_payment_intent_id number 272'),(273,'1',timestamp '2014-10-11 09:09:09','1',timestamp '2014-10-11 09:09:09',1,'eur','test payment number 273','stripe_payment_intent_id number 273'),(274,'1',timestamp '1995-06-17 09:23:53','1',timestamp '1995-06-17 09:23:53',1,'eur','test payment number 274','stripe_payment_intent_id number 274'),(275,'1',timestamp '2010-02-23 09:21:13','1',timestamp '2010-02-23 09:21:13',1,'eur','test payment number 275','stripe_payment_intent_id number 275'),(276,'1',timestamp '2018-12-30 11:05:04','1',timestamp '2018-12-30 11:05:04',1,'eur','test payment number 276','stripe_payment_intent_id number 276'),(277,'1',timestamp '1996-12-01 10:06:45','1',timestamp '1996-12-01 10:06:45',1,'eur','test payment number 277','stripe_payment_intent_id number 277'),(278,'1',timestamp '2005-06-16 09:42:43','1',timestamp '2005-06-16 09:42:43',1,'eur','test payment number 278','stripe_payment_intent_id number 278'),(279,'1',timestamp '2006-04-07 10:17:03','1',timestamp '2006-04-07 10:17:03',1,'eur','test payment number 279','stripe_payment_intent_id number 279'),(280,'1',timestamp '2010-11-14 11:07:47','1',timestamp '2010-11-14 11:07:47',1,'eur','test payment number 280','stripe_payment_intent_id number 280'),(281,'1',timestamp '2004-02-29 10:35:54','1',timestamp '2004-02-29 10:35:54',1,'eur','test payment number 281','stripe_payment_intent_id number 281'),(282,'1',timestamp '2005-10-09 09:05:22','1',timestamp '2005-10-09 09:05:22',1,'eur','test payment number 282','stripe_payment_intent_id number 282'),(283,'1',timestamp '2000-04-17 09:03:37','1',timestamp '2000-04-17 09:03:37',1,'eur','test payment number 283','stripe_payment_intent_id number 283'),(284,'1',timestamp '2018-08-28 09:47:38','1',timestamp '2018-08-28 09:47:38',1,'eur','test payment number 284','stripe_payment_intent_id number 284'),(285,'1',timestamp '2018-01-14 08:46:42','1',timestamp '2018-01-14 08:46:42',1,'eur','test payment number 285','stripe_payment_intent_id number 285'),(286,'1',timestamp '1997-12-19 09:58:58','1',timestamp '1997-12-19 09:58:58',1,'eur','test payment number 286','stripe_payment_intent_id number 286'),(287,'1',timestamp '2002-07-17 08:53:02','1',timestamp '2002-07-17 08:53:02',1,'eur','test payment number 287','stripe_payment_intent_id number 287'),(288,'1',timestamp '2001-09-02 10:07:45','1',timestamp '2001-09-02 10:07:45',1,'eur','test payment number 288','stripe_payment_intent_id number 288'),(289,'1',timestamp '2001-12-16 10:55:19','1',timestamp '2001-12-16 10:55:19',1,'eur','test payment number 289','stripe_payment_intent_id number 289'),(290,'1',timestamp '1994-07-24 08:45:14','1',timestamp '1994-07-24 08:45:14',1,'eur','test payment number 290','stripe_payment_intent_id number 290'),(291,'1',timestamp '2003-07-25 08:37:41','1',timestamp '2003-07-25 08:37:41',1,'eur','test payment number 291','stripe_payment_intent_id number 291'),(292,'1',timestamp '1996-04-07 10:04:24','1',timestamp '1996-04-07 10:04:24',1,'eur','test payment number 292','stripe_payment_intent_id number 292'),(293,'1',timestamp '2002-12-04 09:18:30','1',timestamp '2002-12-04 09:18:30',1,'eur','test payment number 293','stripe_payment_intent_id number 293'),(294,'1',timestamp '1993-03-16 10:43:48','1',timestamp '1993-03-16 10:43:48',1,'eur','test payment number 294','stripe_payment_intent_id number 294'),(295,'1',timestamp '2015-02-19 10:52:08','1',timestamp '2015-02-19 10:52:08',1,'eur','test payment number 295','stripe_payment_intent_id number 295'),(296,'1',timestamp '2010-08-16 09:00:13','1',timestamp '2010-08-16 09:00:13',1,'eur','test payment number 296','stripe_payment_intent_id number 296'),(297,'1',timestamp '2005-10-31 10:06:57','1',timestamp '2005-10-31 10:06:57',1,'eur','test payment number 297','stripe_payment_intent_id number 297'),(298,'1',timestamp '2019-12-27 10:54:49','1',timestamp '2019-12-27 10:54:49',1,'eur','test payment number 298','stripe_payment_intent_id number 298'),(299,'1',timestamp '2001-11-19 09:53:28','1',timestamp '2001-11-19 09:53:28',1,'eur','test payment number 299','stripe_payment_intent_id number 299'),(300,'1',timestamp '2008-06-11 10:58:31','1',timestamp '2008-06-11 10:58:31',1,'eur','test payment number 300','stripe_payment_intent_id number 300'),(301,'1',timestamp '2009-04-25 08:29:28','1',timestamp '2009-04-25 08:29:28',1,'eur','test payment number 301','stripe_payment_intent_id number 301'),(302,'1',timestamp '2003-02-19 11:10:18','1',timestamp '2003-02-19 11:10:18',1,'eur','test payment number 302','stripe_payment_intent_id number 302'),(303,'1',timestamp '2017-03-23 08:50:50','1',timestamp '2017-03-23 08:50:50',1,'eur','test payment number 303','stripe_payment_intent_id number 303'),(304,'1',timestamp '1994-08-01 11:00:51','1',timestamp '1994-08-01 11:00:51',1,'eur','test payment number 304','stripe_payment_intent_id number 304'),(305,'1',timestamp '1998-04-02 08:36:15','1',timestamp '1998-04-02 08:36:15',1,'eur','test payment number 305','stripe_payment_intent_id number 305'),(306,'1',timestamp '2018-09-09 08:36:40','1',timestamp '2018-09-09 08:36:40',1,'eur','test payment number 306','stripe_payment_intent_id number 306'),(307,'1',timestamp '1996-02-29 10:21:00','1',timestamp '1996-02-29 10:21:00',1,'eur','test payment number 307','stripe_payment_intent_id number 307'),(308,'1',timestamp '1994-04-10 10:31:21','1',timestamp '1994-04-10 10:31:21',1,'eur','test payment number 308','stripe_payment_intent_id number 308'),(309,'1',timestamp '2015-05-03 10:13:01','1',timestamp '2015-05-03 10:13:01',1,'eur','test payment number 309','stripe_payment_intent_id number 309'),(310,'1',timestamp '2000-04-28 08:58:24','1',timestamp '2000-04-28 08:58:24',1,'eur','test payment number 310','stripe_payment_intent_id number 310'),(311,'1',timestamp '2006-04-06 08:53:22','1',timestamp '2006-04-06 08:53:22',1,'eur','test payment number 311','stripe_payment_intent_id number 311'),(312,'1',timestamp '2000-03-28 08:32:07','1',timestamp '2000-03-28 08:32:07',1,'eur','test payment number 312','stripe_payment_intent_id number 312'),(313,'1',timestamp '1994-12-30 09:30:41','1',timestamp '1994-12-30 09:30:41',1,'eur','test payment number 313','stripe_payment_intent_id number 313'),(314,'1',timestamp '2000-10-02 08:53:56','1',timestamp '2000-10-02 08:53:56',1,'eur','test payment number 314','stripe_payment_intent_id number 314'),(315,'1',timestamp '2010-10-03 09:07:56','1',timestamp '2010-10-03 09:07:56',1,'eur','test payment number 315','stripe_payment_intent_id number 315'),(316,'1',timestamp '2005-07-03 11:04:47','1',timestamp '2005-07-03 11:04:47',1,'eur','test payment number 316','stripe_payment_intent_id number 316'),(317,'1',timestamp '2008-08-01 09:56:35','1',timestamp '2008-08-01 09:56:35',1,'eur','test payment number 317','stripe_payment_intent_id number 317'),(318,'1',timestamp '2004-04-26 09:48:58','1',timestamp '2004-04-26 09:48:58',1,'eur','test payment number 318','stripe_payment_intent_id number 318'),(319,'1',timestamp '1994-09-08 09:02:23','1',timestamp '1994-09-08 09:02:23',1,'eur','test payment number 319','stripe_payment_intent_id number 319'),(320,'1',timestamp '2013-06-29 08:55:01','1',timestamp '2013-06-29 08:55:01',1,'eur','test payment number 320','stripe_payment_intent_id number 320'),(321,'1',timestamp '2009-08-06 09:48:03','1',timestamp '2009-08-06 09:48:03',1,'eur','test payment number 321','stripe_payment_intent_id number 321'),(322,'1',timestamp '2005-03-20 09:45:11','1',timestamp '2005-03-20 09:45:11',1,'eur','test payment number 322','stripe_payment_intent_id number 322'),(323,'1',timestamp '1995-05-12 10:05:40','1',timestamp '1995-05-12 10:05:40',1,'eur','test payment number 323','stripe_payment_intent_id number 323'),(324,'1',timestamp '1997-08-08 09:32:26','1',timestamp '1997-08-08 09:32:26',1,'eur','test payment number 324','stripe_payment_intent_id number 324'),(325,'1',timestamp '1997-09-27 10:00:16','1',timestamp '1997-09-27 10:00:16',1,'eur','test payment number 325','stripe_payment_intent_id number 325'),(326,'1',timestamp '1994-09-07 09:55:53','1',timestamp '1994-09-07 09:55:53',1,'eur','test payment number 326','stripe_payment_intent_id number 326'),(327,'1',timestamp '2012-11-17 10:35:43','1',timestamp '2012-11-17 10:35:43',1,'eur','test payment number 327','stripe_payment_intent_id number 327'),(328,'1',timestamp '2013-12-16 08:48:28','1',timestamp '2013-12-16 08:48:28',1,'eur','test payment number 328','stripe_payment_intent_id number 328'),(329,'1',timestamp '2017-04-26 09:13:19','1',timestamp '2017-04-26 09:13:19',1,'eur','test payment number 329','stripe_payment_intent_id number 329'),(330,'1',timestamp '2013-01-15 10:45:55','1',timestamp '2013-01-15 10:45:55',1,'eur','test payment number 330','stripe_payment_intent_id number 330'),(331,'1',timestamp '2018-05-15 09:06:34','1',timestamp '2018-05-15 09:06:34',1,'eur','test payment number 331','stripe_payment_intent_id number 331'),(332,'1',timestamp '2014-03-07 09:53:13','1',timestamp '2014-03-07 09:53:13',1,'eur','test payment number 332','stripe_payment_intent_id number 332'),(333,'1',timestamp '2003-03-12 08:54:32','1',timestamp '2003-03-12 08:54:32',1,'eur','test payment number 333','stripe_payment_intent_id number 333'),(334,'1',timestamp '2003-01-19 10:46:23','1',timestamp '2003-01-19 10:46:23',1,'eur','test payment number 334','stripe_payment_intent_id number 334'),(335,'1',timestamp '2013-05-22 10:53:22','1',timestamp '2013-05-22 10:53:22',1,'eur','test payment number 335','stripe_payment_intent_id number 335'),(336,'1',timestamp '2006-08-12 09:05:39','1',timestamp '2006-08-12 09:05:39',1,'eur','test payment number 336','stripe_payment_intent_id number 336'),(337,'1',timestamp '2007-11-25 08:41:58','1',timestamp '2007-11-25 08:41:58',1,'eur','test payment number 337','stripe_payment_intent_id number 337'),(338,'1',timestamp '2012-03-01 11:00:32','1',timestamp '2012-03-01 11:00:32',1,'eur','test payment number 338','stripe_payment_intent_id number 338'),(339,'1',timestamp '2017-02-17 09:28:10','1',timestamp '2017-02-17 09:28:10',1,'eur','test payment number 339','stripe_payment_intent_id number 339'),(340,'1',timestamp '1994-06-16 09:37:35','1',timestamp '1994-06-16 09:37:35',1,'eur','test payment number 340','stripe_payment_intent_id number 340'),(341,'1',timestamp '1994-11-29 08:51:04','1',timestamp '1994-11-29 08:51:04',1,'eur','test payment number 341','stripe_payment_intent_id number 341'),(342,'1',timestamp '2001-10-20 10:09:44','1',timestamp '2001-10-20 10:09:44',1,'eur','test payment number 342','stripe_payment_intent_id number 342'),(343,'1',timestamp '2008-06-30 10:43:05','1',timestamp '2008-06-30 10:43:05',1,'eur','test payment number 343','stripe_payment_intent_id number 343'),(344,'1',timestamp '2010-06-28 09:23:43','1',timestamp '2010-06-28 09:23:43',1,'eur','test payment number 344','stripe_payment_intent_id number 344'),(345,'1',timestamp '1995-01-21 09:08:13','1',timestamp '1995-01-21 09:08:13',1,'eur','test payment number 345','stripe_payment_intent_id number 345'),(346,'1',timestamp '2006-07-31 10:02:29','1',timestamp '2006-07-31 10:02:29',1,'eur','test payment number 346','stripe_payment_intent_id number 346'),(347,'1',timestamp '2016-08-22 09:44:16','1',timestamp '2016-08-22 09:44:16',1,'eur','test payment number 347','stripe_payment_intent_id number 347'),(348,'1',timestamp '2013-05-15 10:06:27','1',timestamp '2013-05-15 10:06:27',1,'eur','test payment number 348','stripe_payment_intent_id number 348'),(349,'1',timestamp '2007-04-13 08:40:41','1',timestamp '2007-04-13 08:40:41',1,'eur','test payment number 349','stripe_payment_intent_id number 349'),(350,'1',timestamp '2020-01-27 09:04:32','1',timestamp '2020-01-27 09:04:32',1,'eur','test payment number 350','stripe_payment_intent_id number 350'),(351,'1',timestamp '2013-11-08 09:47:58','1',timestamp '2013-11-08 09:47:58',1,'eur','test payment number 351','stripe_payment_intent_id number 351'),(352,'1',timestamp '2000-07-30 10:17:06','1',timestamp '2000-07-30 10:17:06',1,'eur','test payment number 352','stripe_payment_intent_id number 352'),(353,'1',timestamp '2001-07-15 08:56:46','1',timestamp '2001-07-15 08:56:46',1,'eur','test payment number 353','stripe_payment_intent_id number 353'),(354,'1',timestamp '2009-11-22 10:52:21','1',timestamp '2009-11-22 10:52:21',1,'eur','test payment number 354','stripe_payment_intent_id number 354'),(355,'1',timestamp '2015-01-29 08:28:49','1',timestamp '2015-01-29 08:28:49',1,'eur','test payment number 355','stripe_payment_intent_id number 355'),(356,'1',timestamp '2004-04-03 10:12:35','1',timestamp '2004-04-03 10:12:35',1,'eur','test payment number 356','stripe_payment_intent_id number 356'),(357,'1',timestamp '2009-01-23 10:47:49','1',timestamp '2009-01-23 10:47:49',1,'eur','test payment number 357','stripe_payment_intent_id number 357'),(358,'1',timestamp '2008-09-18 08:38:41','1',timestamp '2008-09-18 08:38:41',1,'eur','test payment number 358','stripe_payment_intent_id number 358'),(359,'1',timestamp '2011-07-22 10:26:34','1',timestamp '2011-07-22 10:26:34',1,'eur','test payment number 359','stripe_payment_intent_id number 359'),(360,'1',timestamp '2004-08-18 09:30:01','1',timestamp '2004-08-18 09:30:01',1,'eur','test payment number 360','stripe_payment_intent_id number 360'),(361,'1',timestamp '2002-03-10 08:41:37','1',timestamp '2002-03-10 08:41:37',1,'eur','test payment number 361','stripe_payment_intent_id number 361'),(362,'1',timestamp '1995-09-09 10:42:53','1',timestamp '1995-09-09 10:42:53',1,'eur','test payment number 362','stripe_payment_intent_id number 362'),(363,'1',timestamp '2020-01-08 09:45:46','1',timestamp '2020-01-08 09:45:46',1,'eur','test payment number 363','stripe_payment_intent_id number 363'),(364,'1',timestamp '2015-05-15 10:26:27','1',timestamp '2015-05-15 10:26:27',1,'eur','test payment number 364','stripe_payment_intent_id number 364'),(365,'1',timestamp '2013-12-17 10:49:27','1',timestamp '2013-12-17 10:49:27',1,'eur','test payment number 365','stripe_payment_intent_id number 365'),(366,'1',timestamp '1998-11-10 08:42:59','1',timestamp '1998-11-10 08:42:59',1,'eur','test payment number 366','stripe_payment_intent_id number 366'),(367,'1',timestamp '2017-10-20 09:38:58','1',timestamp '2017-10-20 09:38:58',1,'eur','test payment number 367','stripe_payment_intent_id number 367'),(368,'1',timestamp '2010-05-20 09:33:07','1',timestamp '2010-05-20 09:33:07',1,'eur','test payment number 368','stripe_payment_intent_id number 368'),(369,'1',timestamp '2001-08-06 10:14:50','1',timestamp '2001-08-06 10:14:50',1,'eur','test payment number 369','stripe_payment_intent_id number 369'),(370,'1',timestamp '2003-08-02 10:54:49','1',timestamp '2003-08-02 10:54:49',1,'eur','test payment number 370','stripe_payment_intent_id number 370'),(371,'1',timestamp '2001-07-30 10:48:43','1',timestamp '2001-07-30 10:48:43',1,'eur','test payment number 371','stripe_payment_intent_id number 371'),(372,'1',timestamp '1999-02-01 10:08:51','1',timestamp '1999-02-01 10:08:51',1,'eur','test payment number 372','stripe_payment_intent_id number 372'),(373,'1',timestamp '2010-05-07 08:52:14','1',timestamp '2010-05-07 08:52:14',1,'eur','test payment number 373','stripe_payment_intent_id number 373'),(374,'1',timestamp '1999-02-06 09:09:09','1',timestamp '1999-02-06 09:09:09',1,'eur','test payment number 374','stripe_payment_intent_id number 374'),(375,'1',timestamp '1998-01-13 09:47:22','1',timestamp '1998-01-13 09:47:22',1,'eur','test payment number 375','stripe_payment_intent_id number 375'),(376,'1',timestamp '2011-05-29 11:08:47','1',timestamp '2011-05-29 11:08:47',1,'eur','test payment number 376','stripe_payment_intent_id number 376'),(377,'1',timestamp '2006-03-15 09:14:11','1',timestamp '2006-03-15 09:14:11',1,'eur','test payment number 377','stripe_payment_intent_id number 377'),(378,'1',timestamp '2019-11-13 08:29:59','1',timestamp '2019-11-13 08:29:59',1,'eur','test payment number 378','stripe_payment_intent_id number 378'),(379,'1',timestamp '2012-10-28 09:39:01','1',timestamp '2012-10-28 09:39:01',1,'eur','test payment number 379','stripe_payment_intent_id number 379'),(380,'1',timestamp '2015-08-18 09:07:41','1',timestamp '2015-08-18 09:07:41',1,'eur','test payment number 380','stripe_payment_intent_id number 380'),(381,'1',timestamp '1995-02-20 09:46:40','1',timestamp '1995-02-20 09:46:40',1,'eur','test payment number 381','stripe_payment_intent_id number 381'),(382,'1',timestamp '2000-11-26 10:31:01','1',timestamp '2000-11-26 10:31:01',1,'eur','test payment number 382','stripe_payment_intent_id number 382'),(383,'1',timestamp '1996-04-29 09:09:14','1',timestamp '1996-04-29 09:09:14',1,'eur','test payment number 383','stripe_payment_intent_id number 383'),(384,'1',timestamp '1993-02-05 09:38:16','1',timestamp '1993-02-05 09:38:16',1,'eur','test payment number 384','stripe_payment_intent_id number 384'),(385,'1',timestamp '2002-03-26 10:09:31','1',timestamp '2002-03-26 10:09:31',1,'eur','test payment number 385','stripe_payment_intent_id number 385'),(386,'1',timestamp '1995-07-19 10:42:10','1',timestamp '1995-07-19 10:42:10',1,'eur','test payment number 386','stripe_payment_intent_id number 386'),(387,'1',timestamp '2009-08-01 09:35:35','1',timestamp '2009-08-01 09:35:35',1,'eur','test payment number 387','stripe_payment_intent_id number 387'),(388,'1',timestamp '1997-04-21 10:36:04','1',timestamp '1997-04-21 10:36:04',1,'eur','test payment number 388','stripe_payment_intent_id number 388'),(389,'1',timestamp '2015-03-18 10:28:23','1',timestamp '2015-03-18 10:28:23',1,'eur','test payment number 389','stripe_payment_intent_id number 389'),(390,'1',timestamp '1997-10-01 09:30:24','1',timestamp '1997-10-01 09:30:24',1,'eur','test payment number 390','stripe_payment_intent_id number 390'),(391,'1',timestamp '2010-07-08 09:04:04','1',timestamp '2010-07-08 09:04:04',1,'eur','test payment number 391','stripe_payment_intent_id number 391'),(392,'1',timestamp '2010-10-16 08:51:53','1',timestamp '2010-10-16 08:51:53',1,'eur','test payment number 392','stripe_payment_intent_id number 392'),(393,'1',timestamp '2013-03-14 08:29:33','1',timestamp '2013-03-14 08:29:33',1,'eur','test payment number 393','stripe_payment_intent_id number 393'),(394,'1',timestamp '1995-10-05 10:33:45','1',timestamp '1995-10-05 10:33:45',1,'eur','test payment number 394','stripe_payment_intent_id number 394'),(395,'1',timestamp '2000-06-25 09:18:05','1',timestamp '2000-06-25 09:18:05',1,'eur','test payment number 395','stripe_payment_intent_id number 395'),(396,'1',timestamp '2019-12-09 10:44:23','1',timestamp '2019-12-09 10:44:23',1,'eur','test payment number 396','stripe_payment_intent_id number 396'),(397,'1',timestamp '2019-06-25 10:25:30','1',timestamp '2019-06-25 10:25:30',1,'eur','test payment number 397','stripe_payment_intent_id number 397'),(398,'1',timestamp '1994-12-18 08:27:52','1',timestamp '1994-12-18 08:27:52',1,'eur','test payment number 398','stripe_payment_intent_id number 398'),(399,'1',timestamp '1995-10-23 09:47:28','1',timestamp '1995-10-23 09:47:28',1,'eur','test payment number 399','stripe_payment_intent_id number 399'),(400,'1',timestamp '2004-02-20 09:57:39','1',timestamp '2004-02-20 09:57:39',1,'eur','test payment number 400','stripe_payment_intent_id number 400'),(401,'1',timestamp '2017-06-15 10:38:38','1',timestamp '2017-06-15 10:38:38',1,'eur','test payment number 401','stripe_payment_intent_id number 401'),(402,'1',timestamp '2008-03-01 09:01:04','1',timestamp '2008-03-01 09:01:04',1,'eur','test payment number 402','stripe_payment_intent_id number 402'),(403,'1',timestamp '2006-05-18 09:55:32','1',timestamp '2006-05-18 09:55:32',1,'eur','test payment number 403','stripe_payment_intent_id number 403'),(404,'1',timestamp '2011-11-29 10:14:03','1',timestamp '2011-11-29 10:14:03',1,'eur','test payment number 404','stripe_payment_intent_id number 404'),(405,'1',timestamp '2018-02-01 10:58:24','1',timestamp '2018-02-01 10:58:24',1,'eur','test payment number 405','stripe_payment_intent_id number 405'),(406,'1',timestamp '2001-01-15 09:21:02','1',timestamp '2001-01-15 09:21:02',1,'eur','test payment number 406','stripe_payment_intent_id number 406'),(407,'1',timestamp '2003-05-02 08:46:42','1',timestamp '2003-05-02 08:46:42',1,'eur','test payment number 407','stripe_payment_intent_id number 407'),(408,'1',timestamp '2000-07-14 09:39:51','1',timestamp '2000-07-14 09:39:51',1,'eur','test payment number 408','stripe_payment_intent_id number 408'),(409,'1',timestamp '2008-04-28 08:52:09','1',timestamp '2008-04-28 08:52:09',1,'eur','test payment number 409','stripe_payment_intent_id number 409'),(410,'1',timestamp '1997-03-20 11:11:19','1',timestamp '1997-03-20 11:11:19',1,'eur','test payment number 410','stripe_payment_intent_id number 410'),(411,'1',timestamp '2010-05-13 09:38:49','1',timestamp '2010-05-13 09:38:49',1,'eur','test payment number 411','stripe_payment_intent_id number 411'),(412,'1',timestamp '1997-02-11 10:21:20','1',timestamp '1997-02-11 10:21:20',1,'eur','test payment number 412','stripe_payment_intent_id number 412'),(413,'1',timestamp '2001-07-12 09:10:24','1',timestamp '2001-07-12 09:10:24',1,'eur','test payment number 413','stripe_payment_intent_id number 413'),(414,'1',timestamp '1998-06-05 08:30:49','1',timestamp '1998-06-05 08:30:49',1,'eur','test payment number 414','stripe_payment_intent_id number 414'),(415,'1',timestamp '2008-07-02 09:57:30','1',timestamp '2008-07-02 09:57:30',1,'eur','test payment number 415','stripe_payment_intent_id number 415'),(416,'1',timestamp '1999-06-24 10:30:08','1',timestamp '1999-06-24 10:30:08',1,'eur','test payment number 416','stripe_payment_intent_id number 416'),(417,'1',timestamp '2014-07-28 10:28:44','1',timestamp '2014-07-28 10:28:44',1,'eur','test payment number 417','stripe_payment_intent_id number 417'),(418,'1',timestamp '1996-05-20 09:35:09','1',timestamp '1996-05-20 09:35:09',1,'eur','test payment number 418','stripe_payment_intent_id number 418'),(419,'1',timestamp '2016-11-29 11:00:53','1',timestamp '2016-11-29 11:00:53',1,'eur','test payment number 419','stripe_payment_intent_id number 419'),(420,'1',timestamp '2006-09-22 10:40:27','1',timestamp '2006-09-22 10:40:27',1,'eur','test payment number 420','stripe_payment_intent_id number 420'),(421,'1',timestamp '2007-12-31 10:47:57','1',timestamp '2007-12-31 10:47:57',1,'eur','test payment number 421','stripe_payment_intent_id number 421'),(422,'1',timestamp '2009-10-20 09:51:58','1',timestamp '2009-10-20 09:51:58',1,'eur','test payment number 422','stripe_payment_intent_id number 422'),(423,'1',timestamp '2007-10-23 08:54:00','1',timestamp '2007-10-23 08:54:00',1,'eur','test payment number 423','stripe_payment_intent_id number 423'),(424,'1',timestamp '2002-10-27 09:30:07','1',timestamp '2002-10-27 09:30:07',1,'eur','test payment number 424','stripe_payment_intent_id number 424'),(425,'1',timestamp '2019-12-20 09:19:52','1',timestamp '2019-12-20 09:19:52',1,'eur','test payment number 425','stripe_payment_intent_id number 425'),(426,'1',timestamp '2008-08-17 08:41:03','1',timestamp '2008-08-17 08:41:03',1,'eur','test payment number 426','stripe_payment_intent_id number 426'),(427,'1',timestamp '2002-08-11 10:06:30','1',timestamp '2002-08-11 10:06:30',1,'eur','test payment number 427','stripe_payment_intent_id number 427'),(428,'1',timestamp '2008-06-16 09:40:49','1',timestamp '2008-06-16 09:40:49',1,'eur','test payment number 428','stripe_payment_intent_id number 428'),(429,'1',timestamp '1996-01-17 11:10:45','1',timestamp '1996-01-17 11:10:45',1,'eur','test payment number 429','stripe_payment_intent_id number 429'),(430,'1',timestamp '2018-05-03 09:19:03','1',timestamp '2018-05-03 09:19:03',1,'eur','test payment number 430','stripe_payment_intent_id number 430'),(431,'1',timestamp '1996-06-17 10:56:40','1',timestamp '1996-06-17 10:56:40',1,'eur','test payment number 431','stripe_payment_intent_id number 431'),(432,'1',timestamp '1994-11-30 08:40:57','1',timestamp '1994-11-30 08:40:57',1,'eur','test payment number 432','stripe_payment_intent_id number 432'),(433,'1',timestamp '2016-10-05 10:39:50','1',timestamp '2016-10-05 10:39:50',1,'eur','test payment number 433','stripe_payment_intent_id number 433'),(434,'1',timestamp '2004-09-20 09:13:45','1',timestamp '2004-09-20 09:13:45',1,'eur','test payment number 434','stripe_payment_intent_id number 434'),(435,'1',timestamp '2002-11-04 09:07:23','1',timestamp '2002-11-04 09:07:23',1,'eur','test payment number 435','stripe_payment_intent_id number 435'),(436,'1',timestamp '2017-03-23 10:22:50','1',timestamp '2017-03-23 10:22:50',1,'eur','test payment number 436','stripe_payment_intent_id number 436'),(437,'1',timestamp '1994-01-30 08:55:03','1',timestamp '1994-01-30 08:55:03',1,'eur','test payment number 437','stripe_payment_intent_id number 437'),(438,'1',timestamp '2016-02-23 10:56:03','1',timestamp '2016-02-23 10:56:03',1,'eur','test payment number 438','stripe_payment_intent_id number 438'),(439,'1',timestamp '1995-11-23 09:44:07','1',timestamp '1995-11-23 09:44:07',1,'eur','test payment number 439','stripe_payment_intent_id number 439'),(440,'1',timestamp '2003-08-18 09:26:29','1',timestamp '2003-08-18 09:26:29',1,'eur','test payment number 440','stripe_payment_intent_id number 440'),(441,'1',timestamp '2009-09-02 10:39:54','1',timestamp '2009-09-02 10:39:54',1,'eur','test payment number 441','stripe_payment_intent_id number 441'),(442,'1',timestamp '2006-01-08 10:54:48','1',timestamp '2006-01-08 10:54:48',1,'eur','test payment number 442','stripe_payment_intent_id number 442'),(443,'1',timestamp '2006-01-22 09:56:07','1',timestamp '2006-01-22 09:56:07',1,'eur','test payment number 443','stripe_payment_intent_id number 443'),(444,'1',timestamp '2019-03-02 09:45:52','1',timestamp '2019-03-02 09:45:52',1,'eur','test payment number 444','stripe_payment_intent_id number 444'),(445,'1',timestamp '2020-02-10 09:09:05','1',timestamp '2020-02-10 09:09:05',1,'eur','test payment number 445','stripe_payment_intent_id number 445'),(446,'1',timestamp '2003-09-25 08:39:52','1',timestamp '2003-09-25 08:39:52',1,'eur','test payment number 446','stripe_payment_intent_id number 446'),(447,'1',timestamp '2010-02-26 10:45:40','1',timestamp '2010-02-26 10:45:40',1,'eur','test payment number 447','stripe_payment_intent_id number 447'),(448,'1',timestamp '2013-11-21 11:12:03','1',timestamp '2013-11-21 11:12:03',1,'eur','test payment number 448','stripe_payment_intent_id number 448'),(449,'1',timestamp '2006-01-05 08:42:45','1',timestamp '2006-01-05 08:42:45',1,'eur','test payment number 449','stripe_payment_intent_id number 449'),(450,'1',timestamp '2009-01-26 08:31:49','1',timestamp '2009-01-26 08:31:49',1,'eur','test payment number 450','stripe_payment_intent_id number 450'),(451,'1',timestamp '1998-11-16 09:02:41','1',timestamp '1998-11-16 09:02:41',1,'eur','test payment number 451','stripe_payment_intent_id number 451'),(452,'1',timestamp '1997-02-12 09:48:58','1',timestamp '1997-02-12 09:48:58',1,'eur','test payment number 452','stripe_payment_intent_id number 452'),(453,'1',timestamp '2013-11-07 09:41:50','1',timestamp '2013-11-07 09:41:50',1,'eur','test payment number 453','stripe_payment_intent_id number 453'),(454,'1',timestamp '2001-11-24 09:12:51','1',timestamp '2001-11-24 09:12:51',1,'eur','test payment number 454','stripe_payment_intent_id number 454'),(455,'1',timestamp '2012-11-07 08:54:53','1',timestamp '2012-11-07 08:54:53',1,'eur','test payment number 455','stripe_payment_intent_id number 455'),(456,'1',timestamp '1997-02-19 10:16:16','1',timestamp '1997-02-19 10:16:16',1,'eur','test payment number 456','stripe_payment_intent_id number 456'),(457,'1',timestamp '2003-11-25 09:18:41','1',timestamp '2003-11-25 09:18:41',1,'eur','test payment number 457','stripe_payment_intent_id number 457'),(458,'1',timestamp '1997-10-20 10:38:23','1',timestamp '1997-10-20 10:38:23',1,'eur','test payment number 458','stripe_payment_intent_id number 458'),(459,'1',timestamp '2005-06-11 10:01:31','1',timestamp '2005-06-11 10:01:31',1,'eur','test payment number 459','stripe_payment_intent_id number 459'),(460,'1',timestamp '2009-04-06 11:06:12','1',timestamp '2009-04-06 11:06:12',1,'eur','test payment number 460','stripe_payment_intent_id number 460'),(461,'1',timestamp '2001-08-08 09:13:33','1',timestamp '2001-08-08 09:13:33',1,'eur','test payment number 461','stripe_payment_intent_id number 461'),(462,'1',timestamp '2005-08-13 10:41:20','1',timestamp '2005-08-13 10:41:20',1,'eur','test payment number 462','stripe_payment_intent_id number 462'),(463,'1',timestamp '2005-05-06 11:04:05','1',timestamp '2005-05-06 11:04:05',1,'eur','test payment number 463','stripe_payment_intent_id number 463'),(464,'1',timestamp '2018-01-10 10:53:20','1',timestamp '2018-01-10 10:53:20',1,'eur','test payment number 464','stripe_payment_intent_id number 464'),(465,'1',timestamp '1994-04-06 11:00:15','1',timestamp '1994-04-06 11:00:15',1,'eur','test payment number 465','stripe_payment_intent_id number 465'),(466,'1',timestamp '2008-10-05 09:50:12','1',timestamp '2008-10-05 09:50:12',1,'eur','test payment number 466','stripe_payment_intent_id number 466'),(467,'1',timestamp '2018-11-28 10:42:09','1',timestamp '2018-11-28 10:42:09',1,'eur','test payment number 467','stripe_payment_intent_id number 467'),(468,'1',timestamp '2010-08-27 09:27:56','1',timestamp '2010-08-27 09:27:56',1,'eur','test payment number 468','stripe_payment_intent_id number 468'),(469,'1',timestamp '1994-06-08 09:15:16','1',timestamp '1994-06-08 09:15:16',1,'eur','test payment number 469','stripe_payment_intent_id number 469'),(470,'1',timestamp '1993-10-03 09:57:25','1',timestamp '1993-10-03 09:57:25',1,'eur','test payment number 470','stripe_payment_intent_id number 470'),(471,'1',timestamp '2016-04-30 08:57:14','1',timestamp '2016-04-30 08:57:14',1,'eur','test payment number 471','stripe_payment_intent_id number 471'),(472,'1',timestamp '2006-12-17 10:47:33','1',timestamp '2006-12-17 10:47:33',1,'eur','test payment number 472','stripe_payment_intent_id number 472'),(473,'1',timestamp '2008-12-05 10:05:54','1',timestamp '2008-12-05 10:05:54',1,'eur','test payment number 473','stripe_payment_intent_id number 473'),(474,'1',timestamp '2013-12-16 10:24:42','1',timestamp '2013-12-16 10:24:42',1,'eur','test payment number 474','stripe_payment_intent_id number 474'),(475,'1',timestamp '2003-01-11 10:11:39','1',timestamp '2003-01-11 10:11:39',1,'eur','test payment number 475','stripe_payment_intent_id number 475'),(476,'1',timestamp '2012-11-10 11:00:52','1',timestamp '2012-11-10 11:00:52',1,'eur','test payment number 476','stripe_payment_intent_id number 476'),(477,'1',timestamp '2005-05-18 09:27:17','1',timestamp '2005-05-18 09:27:17',1,'eur','test payment number 477','stripe_payment_intent_id number 477'),(478,'1',timestamp '1997-11-26 09:27:25','1',timestamp '1997-11-26 09:27:25',1,'eur','test payment number 478','stripe_payment_intent_id number 478'),(479,'1',timestamp '1998-08-01 09:38:52','1',timestamp '1998-08-01 09:38:52',1,'eur','test payment number 479','stripe_payment_intent_id number 479'),(480,'1',timestamp '1997-03-21 08:46:35','1',timestamp '1997-03-21 08:46:35',1,'eur','test payment number 480','stripe_payment_intent_id number 480'),(481,'1',timestamp '1993-07-09 11:13:40','1',timestamp '1993-07-09 11:13:40',1,'eur','test payment number 481','stripe_payment_intent_id number 481'),(482,'1',timestamp '2018-02-07 10:59:14','1',timestamp '2018-02-07 10:59:14',1,'eur','test payment number 482','stripe_payment_intent_id number 482'),(483,'1',timestamp '2000-08-09 10:32:33','1',timestamp '2000-08-09 10:32:33',1,'eur','test payment number 483','stripe_payment_intent_id number 483'),(484,'1',timestamp '2011-02-26 10:43:24','1',timestamp '2011-02-26 10:43:24',1,'eur','test payment number 484','stripe_payment_intent_id number 484'),(485,'1',timestamp '2015-04-27 11:07:31','1',timestamp '2015-04-27 11:07:31',1,'eur','test payment number 485','stripe_payment_intent_id number 485'),(486,'1',timestamp '2004-12-28 10:10:40','1',timestamp '2004-12-28 10:10:40',1,'eur','test payment number 486','stripe_payment_intent_id number 486'),(487,'1',timestamp '2014-10-25 08:56:48','1',timestamp '2014-10-25 08:56:48',1,'eur','test payment number 487','stripe_payment_intent_id number 487'),(488,'1',timestamp '2006-11-01 11:08:00','1',timestamp '2006-11-01 11:08:00',1,'eur','test payment number 488','stripe_payment_intent_id number 488'),(489,'1',timestamp '2013-04-25 10:42:40','1',timestamp '2013-04-25 10:42:40',1,'eur','test payment number 489','stripe_payment_intent_id number 489'),(490,'1',timestamp '2003-08-22 10:48:10','1',timestamp '2003-08-22 10:48:10',1,'eur','test payment number 490','stripe_payment_intent_id number 490'),(491,'1',timestamp '2015-10-05 09:02:31','1',timestamp '2015-10-05 09:02:31',1,'eur','test payment number 491','stripe_payment_intent_id number 491'),(492,'1',timestamp '1994-09-14 10:13:23','1',timestamp '1994-09-14 10:13:23',1,'eur','test payment number 492','stripe_payment_intent_id number 492'),(493,'1',timestamp '2015-12-06 10:18:54','1',timestamp '2015-12-06 10:18:54',1,'eur','test payment number 493','stripe_payment_intent_id number 493'),(494,'1',timestamp '2002-09-28 10:34:09','1',timestamp '2002-09-28 10:34:09',1,'eur','test payment number 494','stripe_payment_intent_id number 494'),(495,'1',timestamp '2008-03-08 10:22:13','1',timestamp '2008-03-08 10:22:13',1,'eur','test payment number 495','stripe_payment_intent_id number 495'),(496,'1',timestamp '2011-08-23 10:34:51','1',timestamp '2011-08-23 10:34:51',1,'eur','test payment number 496','stripe_payment_intent_id number 496'),(497,'1',timestamp '1994-06-23 10:25:40','1',timestamp '1994-06-23 10:25:40',1,'eur','test payment number 497','stripe_payment_intent_id number 497'),(498,'1',timestamp '2005-03-24 09:58:38','1',timestamp '2005-03-24 09:58:38',1,'eur','test payment number 498','stripe_payment_intent_id number 498'),(499,'1',timestamp '2015-05-26 10:41:38','1',timestamp '2015-05-26 10:41:38',1,'eur','test payment number 499','stripe_payment_intent_id number 499'),(500,'1',timestamp '2006-04-14 09:15:01','1',timestamp '2006-04-14 09:15:01',1,'eur','test payment number 500','stripe_payment_intent_id number 500');

INSERT INTO pedido (id,created_by,created_date,last_modified_by,last_modified_date,status,payment_id,shipping_info_id,user_id) VALUES (1,'1',timestamp '2005-02-16 10:01:22','1',timestamp '2005-02-16 10:01:22','PROCESSING',1,1,22),(2,'2',timestamp '2003-03-18 09:53:18','2',timestamp '2003-03-18 09:53:18','SHIPPING',2,2,43),(3,'3',timestamp '2000-10-05 09:40:33','3',timestamp '2000-10-05 09:40:33','COMPLETED',3,3,25),(4,'4',timestamp '1994-02-11 10:12:49','4',timestamp '1994-02-11 10:12:49','SHIPPING',4,4,49),(5,'5',timestamp '2018-09-13 09:50:38','5',timestamp '2018-09-13 09:50:38','COMPLETED',5,5,5),(6,'6',timestamp '1996-02-14 09:08:26','6',timestamp '1996-02-14 09:08:26','COMPLETED',6,6,46),(7,'7',timestamp '2008-12-29 10:19:09','7',timestamp '2008-12-29 10:19:09','SHIPPING',7,7,61),(8,'8',timestamp '2004-06-30 09:20:21','8',timestamp '2004-06-30 09:20:21','COMPLETED',8,8,61),(9,'9',timestamp '2016-01-19 08:52:34','9',timestamp '2016-01-19 08:52:34','COMPLETED',9,9,25),(10,'10',timestamp '2016-09-15 09:10:09','10',timestamp '2016-09-15 09:10:09','COMPLETED',10,10,35),(11,'11',timestamp '2017-09-27 09:37:56','11',timestamp '2017-09-27 09:37:56','COMPLETED',11,11,56),(12,'12',timestamp '1994-05-13 10:05:11','12',timestamp '1994-05-13 10:05:11','COMPLETED',12,12,37),(13,'13',timestamp '2013-04-01 09:05:22','13',timestamp '2013-04-01 09:05:22','COMPLETED',13,13,35),(14,'14',timestamp '2015-01-08 11:02:55','14',timestamp '2015-01-08 11:02:55','SHIPPING',14,14,20),(15,'15',timestamp '2001-12-05 08:42:14','15',timestamp '2001-12-05 08:42:14','SHIPPING',15,15,38),(16,'16',timestamp '2015-02-12 10:42:20','16',timestamp '2015-02-12 10:42:20','COMPLETED',16,16,32),(17,'17',timestamp '2010-06-22 08:28:45','17',timestamp '2010-06-22 08:28:45','COMPLETED',17,17,59),(18,'18',timestamp '2007-09-29 08:35:58','18',timestamp '2007-09-29 08:35:58','COMPLETED',18,18,30),(19,'19',timestamp '1994-05-11 10:54:11','19',timestamp '1994-05-11 10:54:11','COMPLETED',19,19,14),(20,'20',timestamp '1995-01-25 09:15:19','20',timestamp '1995-01-25 09:15:19','PROCESSING',20,20,25),(21,'21',timestamp '1999-04-05 10:12:43','21',timestamp '1999-04-05 10:12:43','SHIPPING',21,21,7),(22,'22',timestamp '2003-11-09 10:28:33','22',timestamp '2003-11-09 10:28:33','COMPLETED',22,22,11),(23,'23',timestamp '1995-05-09 10:03:14','23',timestamp '1995-05-09 10:03:14','SHIPPING',23,23,49),(24,'24',timestamp '1995-07-12 08:46:45','24',timestamp '1995-07-12 08:46:45','COMPLETED',24,24,31),(25,'25',timestamp '1998-02-09 10:36:48','25',timestamp '1998-02-09 10:36:48','COMPLETED',25,25,32),(26,'26',timestamp '1993-08-31 11:02:46','26',timestamp '1993-08-31 11:02:46','PROCESSING',26,26,12),(27,'27',timestamp '1995-08-08 09:41:55','27',timestamp '1995-08-08 09:41:55','COMPLETED',27,27,25),(28,'28',timestamp '2011-10-12 08:44:34','28',timestamp '2011-10-12 08:44:34','COMPLETED',28,28,62),(29,'29',timestamp '2011-04-05 09:06:59','29',timestamp '2011-04-05 09:06:59','SHIPPING',29,29,9),(30,'30',timestamp '2005-12-11 09:55:22','30',timestamp '2005-12-11 09:55:22','COMPLETED',30,30,41),(31,'31',timestamp '2020-01-13 08:33:25','31',timestamp '2020-01-13 08:33:25','SHIPPING',31,31,29),(32,'32',timestamp '1993-08-07 09:13:46','32',timestamp '1993-08-07 09:13:46','COMPLETED',32,32,42),(33,'33',timestamp '2007-07-20 09:45:07','33',timestamp '2007-07-20 09:45:07','COMPLETED',33,33,33),(34,'34',timestamp '2013-12-22 08:43:20','34',timestamp '2013-12-22 08:43:20','COMPLETED',34,34,25),(35,'35',timestamp '2009-08-23 10:10:07','35',timestamp '2009-08-23 10:10:07','SHIPPING',35,35,43),(36,'36',timestamp '2003-11-12 10:24:57','36',timestamp '2003-11-12 10:24:57','SHIPPING',36,36,21),(37,'37',timestamp '2005-04-22 10:57:23','37',timestamp '2005-04-22 10:57:23','SHIPPING',37,37,23),(38,'38',timestamp '2005-05-03 10:08:11','38',timestamp '2005-05-03 10:08:11','PROCESSING',38,38,30),(39,'39',timestamp '2015-09-24 08:41:22','39',timestamp '2015-09-24 08:41:22','COMPLETED',39,39,20),(40,'40',timestamp '2013-09-27 09:41:02','40',timestamp '2013-09-27 09:41:02','COMPLETED',40,40,32),(41,'41',timestamp '2005-11-13 09:25:15','41',timestamp '2005-11-13 09:25:15','COMPLETED',41,41,4),(42,'42',timestamp '1997-07-19 09:50:58','42',timestamp '1997-07-19 09:50:58','COMPLETED',42,42,5),(43,'43',timestamp '2009-06-11 09:32:26','43',timestamp '2009-06-11 09:32:26','COMPLETED',43,43,4),(44,'44',timestamp '2009-10-26 08:56:15','44',timestamp '2009-10-26 08:56:15','COMPLETED',44,44,34),(45,'45',timestamp '2018-10-09 10:26:19','45',timestamp '2018-10-09 10:26:19','COMPLETED',45,45,63),(46,'46',timestamp '2013-05-21 10:36:36','46',timestamp '2013-05-21 10:36:36','COMPLETED',46,46,28),(47,'47',timestamp '2009-11-25 10:17:52','47',timestamp '2009-11-25 10:17:52','COMPLETED',47,47,40),(48,'48',timestamp '2016-01-10 10:44:51','48',timestamp '2016-01-10 10:44:51','COMPLETED',48,48,50),(49,'49',timestamp '1995-05-13 09:38:36','49',timestamp '1995-05-13 09:38:36','COMPLETED',49,49,12),(50,'50',timestamp '2007-09-03 10:15:22','50',timestamp '2007-09-03 10:15:22','SHIPPING',50,50,6),(51,'51',timestamp '2014-11-01 09:59:11','51',timestamp '2014-11-01 09:59:11','COMPLETED',51,51,18),(52,'52',timestamp '1998-09-21 09:58:12','52',timestamp '1998-09-21 09:58:12','SHIPPING',52,52,43),(53,'53',timestamp '2008-12-09 09:03:56','53',timestamp '2008-12-09 09:03:56','SHIPPING',53,53,46),(54,'54',timestamp '2001-03-24 10:03:22','54',timestamp '2001-03-24 10:03:22','COMPLETED',54,54,22),(55,'55',timestamp '1994-12-08 10:57:35','55',timestamp '1994-12-08 10:57:35','COMPLETED',55,55,32),(56,'56',timestamp '2010-11-04 08:49:03','56',timestamp '2010-11-04 08:49:03','COMPLETED',56,56,9),(57,'57',timestamp '2008-03-22 10:23:20','57',timestamp '2008-03-22 10:23:20','SHIPPING',57,57,55),(58,'58',timestamp '2005-04-20 10:13:05','58',timestamp '2005-04-20 10:13:05','COMPLETED',58,58,6),(59,'59',timestamp '2012-03-28 10:41:40','59',timestamp '2012-03-28 10:41:40','COMPLETED',59,59,37),(60,'60',timestamp '1994-10-07 09:05:20','60',timestamp '1994-10-07 09:05:20','COMPLETED',60,60,59),(61,'61',timestamp '2012-05-24 10:19:06','61',timestamp '2012-05-24 10:19:06','COMPLETED',61,61,62),(62,'62',timestamp '2000-04-05 09:02:35','62',timestamp '2000-04-05 09:02:35','PROCESSING',62,62,11),(63,'63',timestamp '1995-08-21 10:45:10','63',timestamp '1995-08-21 10:45:10','SHIPPING',63,63,38),(64,'64',timestamp '2004-03-29 09:17:05','64',timestamp '2004-03-29 09:17:05','COMPLETED',64,64,33),(65,'65',timestamp '2015-09-23 08:43:33','65',timestamp '2015-09-23 08:43:33','COMPLETED',65,65,50),(66,'66',timestamp '2005-12-14 08:44:23','66',timestamp '2005-12-14 08:44:23','SHIPPING',66,66,53),(67,'67',timestamp '1998-04-09 09:42:17','67',timestamp '1998-04-09 09:42:17','COMPLETED',67,67,35),(68,'68',timestamp '1994-12-14 08:51:28','68',timestamp '1994-12-14 08:51:28','COMPLETED',68,68,3),(69,'69',timestamp '2009-12-18 10:12:16','69',timestamp '2009-12-18 10:12:16','COMPLETED',69,69,42),(70,'70',timestamp '2012-07-25 09:16:46','70',timestamp '2012-07-25 09:16:46','COMPLETED',70,70,39),(71,'71',timestamp '2004-10-21 09:35:53','71',timestamp '2004-10-21 09:35:53','COMPLETED',71,71,21),(72,'72',timestamp '1993-05-19 09:11:19','72',timestamp '1993-05-19 09:11:19','SHIPPING',72,72,39),(73,'73',timestamp '2002-07-27 09:41:09','73',timestamp '2002-07-27 09:41:09','COMPLETED',73,73,60),(74,'74',timestamp '1993-06-01 08:50:15','74',timestamp '1993-06-01 08:50:15','COMPLETED',74,74,11),(75,'75',timestamp '1997-04-29 10:55:12','75',timestamp '1997-04-29 10:55:12','COMPLETED',75,75,12),(76,'76',timestamp '2017-04-22 08:33:00','76',timestamp '2017-04-22 08:33:00','SHIPPING',76,76,30),(77,'77',timestamp '2012-09-30 09:32:38','77',timestamp '2012-09-30 09:32:38','PROCESSING',77,77,43),(78,'78',timestamp '2011-12-22 10:53:03','78',timestamp '2011-12-22 10:53:03','COMPLETED',78,78,63),(79,'79',timestamp '2012-01-11 09:35:43','79',timestamp '2012-01-11 09:35:43','COMPLETED',79,79,33),(80,'80',timestamp '2018-12-15 08:43:13','80',timestamp '2018-12-15 08:43:13','COMPLETED',80,80,5),(81,'81',timestamp '1999-11-22 10:26:44','81',timestamp '1999-11-22 10:26:44','SHIPPING',81,81,6),(82,'82',timestamp '2010-01-30 09:23:35','82',timestamp '2010-01-30 09:23:35','COMPLETED',82,82,7),(83,'83',timestamp '2006-12-31 10:09:04','83',timestamp '2006-12-31 10:09:04','COMPLETED',83,83,19),(84,'84',timestamp '2007-07-02 10:05:01','84',timestamp '2007-07-02 10:05:01','COMPLETED',84,84,19),(85,'85',timestamp '1997-04-04 08:59:03','85',timestamp '1997-04-04 08:59:03','COMPLETED',85,85,13),(86,'86',timestamp '2017-05-23 10:59:14','86',timestamp '2017-05-23 10:59:14','COMPLETED',86,86,43),(87,'87',timestamp '1996-10-02 10:20:33','87',timestamp '1996-10-02 10:20:33','SHIPPING',87,87,54),(88,'88',timestamp '1995-10-18 09:47:38','88',timestamp '1995-10-18 09:47:38','COMPLETED',88,88,12),(89,'89',timestamp '1996-05-12 10:23:07','89',timestamp '1996-05-12 10:23:07','COMPLETED',89,89,2),(90,'90',timestamp '2003-07-11 08:51:14','90',timestamp '2003-07-11 08:51:14','SHIPPING',90,90,41),(91,'91',timestamp '2018-10-01 08:52:05','91',timestamp '2018-10-01 08:52:05','PROCESSING',91,91,33),(92,'92',timestamp '2007-01-31 10:08:57','92',timestamp '2007-01-31 10:08:57','COMPLETED',92,92,52),(93,'93',timestamp '2011-04-21 10:49:41','93',timestamp '2011-04-21 10:49:41','PROCESSING',93,93,12),(94,'94',timestamp '2006-12-04 10:02:11','94',timestamp '2006-12-04 10:02:11','SHIPPING',94,94,56),(95,'95',timestamp '2009-10-21 08:48:53','95',timestamp '2009-10-21 08:48:53','COMPLETED',95,95,33),(96,'96',timestamp '1998-05-31 09:40:18','96',timestamp '1998-05-31 09:40:18','COMPLETED',96,96,56),(97,'97',timestamp '2015-05-05 09:09:58','97',timestamp '2015-05-05 09:09:58','COMPLETED',97,97,61),(98,'98',timestamp '2018-07-01 10:10:36','98',timestamp '2018-07-01 10:10:36','COMPLETED',98,98,22),(99,'99',timestamp '1993-05-25 11:10:23','99',timestamp '1993-05-25 11:10:23','COMPLETED',99,99,62),(100,'100',timestamp '2001-12-31 09:24:52','100',timestamp '2001-12-31 09:24:52','COMPLETED',100,100,49),(101,'101',timestamp '1999-04-08 09:03:07','101',timestamp '1999-04-08 09:03:07','COMPLETED',101,101,15),(102,'102',timestamp '2001-03-26 11:05:25','102',timestamp '2001-03-26 11:05:25','COMPLETED',102,102,15),(103,'103',timestamp '2007-05-20 08:56:09','103',timestamp '2007-05-20 08:56:09','SHIPPING',103,103,57),(104,'104',timestamp '1997-11-27 10:56:38','104',timestamp '1997-11-27 10:56:38','COMPLETED',104,104,44),(105,'105',timestamp '1996-09-20 10:52:36','105',timestamp '1996-09-20 10:52:36','COMPLETED',105,105,5),(106,'106',timestamp '2009-05-02 10:04:02','106',timestamp '2009-05-02 10:04:02','COMPLETED',106,106,3),(107,'107',timestamp '2015-11-22 08:55:51','107',timestamp '2015-11-22 08:55:51','SHIPPING',107,107,62),(108,'108',timestamp '2004-02-28 11:00:56','108',timestamp '2004-02-28 11:00:56','COMPLETED',108,108,35),(109,'109',timestamp '2013-10-07 08:35:52','109',timestamp '2013-10-07 08:35:52','COMPLETED',109,109,58),(110,'110',timestamp '1997-04-14 10:52:29','110',timestamp '1997-04-14 10:52:29','COMPLETED',110,110,25),(111,'111',timestamp '2009-11-29 10:49:32','111',timestamp '2009-11-29 10:49:32','COMPLETED',111,111,54),(112,'112',timestamp '2013-03-31 08:38:11','112',timestamp '2013-03-31 08:38:11','COMPLETED',112,112,13),(113,'113',timestamp '2016-06-28 08:39:11','113',timestamp '2016-06-28 08:39:11','COMPLETED',113,113,33),(114,'114',timestamp '1997-05-17 09:04:14','114',timestamp '1997-05-17 09:04:14','SHIPPING',114,114,52),(115,'115',timestamp '2020-01-29 10:05:31','115',timestamp '2020-01-29 10:05:31','COMPLETED',115,115,36),(116,'116',timestamp '2010-12-06 09:30:15','116',timestamp '2010-12-06 09:30:15','COMPLETED',116,116,34),(117,'117',timestamp '2010-04-01 10:42:46','117',timestamp '2010-04-01 10:42:46','SHIPPING',117,117,15),(118,'118',timestamp '2006-05-27 10:59:09','118',timestamp '2006-05-27 10:59:09','COMPLETED',118,118,32),(119,'119',timestamp '2010-11-12 09:56:05','119',timestamp '2010-11-12 09:56:05','COMPLETED',119,119,42),(120,'120',timestamp '2013-06-03 11:00:31','120',timestamp '2013-06-03 11:00:31','SHIPPING',120,120,24),(121,'121',timestamp '2007-12-01 10:34:21','121',timestamp '2007-12-01 10:34:21','SHIPPING',121,121,43),(122,'122',timestamp '2005-11-29 09:52:10','122',timestamp '2005-11-29 09:52:10','COMPLETED',122,122,15),(123,'123',timestamp '1998-04-08 09:29:14','123',timestamp '1998-04-08 09:29:14','SHIPPING',123,123,44),(124,'124',timestamp '2010-09-25 08:41:34','124',timestamp '2010-09-25 08:41:34','SHIPPING',124,124,38),(125,'125',timestamp '2013-04-25 08:36:12','125',timestamp '2013-04-25 08:36:12','COMPLETED',125,125,40),(126,'126',timestamp '2006-06-22 11:05:13','126',timestamp '2006-06-22 11:05:13','COMPLETED',126,126,33),(127,'127',timestamp '2002-04-06 10:01:11','127',timestamp '2002-04-06 10:01:11','COMPLETED',127,127,29),(128,'128',timestamp '2000-03-11 09:48:16','128',timestamp '2000-03-11 09:48:16','COMPLETED',128,128,7),(129,'129',timestamp '2019-01-06 10:46:04','129',timestamp '2019-01-06 10:46:04','SHIPPING',129,129,61),(130,'130',timestamp '2018-11-30 10:04:26','130',timestamp '2018-11-30 10:04:26','COMPLETED',130,130,45),(131,'131',timestamp '1995-11-30 09:27:03','131',timestamp '1995-11-30 09:27:03','COMPLETED',131,131,30),(132,'132',timestamp '2013-05-02 09:15:33','132',timestamp '2013-05-02 09:15:33','SHIPPING',132,132,11),(133,'133',timestamp '2015-07-08 10:09:21','133',timestamp '2015-07-08 10:09:21','COMPLETED',133,133,38),(134,'134',timestamp '2002-11-20 09:01:27','134',timestamp '2002-11-20 09:01:27','PROCESSING',134,134,63),(135,'135',timestamp '2010-08-23 09:24:51','135',timestamp '2010-08-23 09:24:51','SHIPPING',135,135,22),(136,'136',timestamp '2016-01-13 09:47:15','136',timestamp '2016-01-13 09:47:15','COMPLETED',136,136,37),(137,'137',timestamp '2001-08-10 09:24:40','137',timestamp '2001-08-10 09:24:40','COMPLETED',137,137,39),(138,'138',timestamp '1999-01-25 09:07:20','138',timestamp '1999-01-25 09:07:20','COMPLETED',138,138,16),(139,'139',timestamp '2016-12-29 09:52:22','139',timestamp '2016-12-29 09:52:22','COMPLETED',139,139,45),(140,'140',timestamp '2012-12-04 08:41:38','140',timestamp '2012-12-04 08:41:38','COMPLETED',140,140,18),(141,'141',timestamp '2014-03-19 10:36:47','141',timestamp '2014-03-19 10:36:47','SHIPPING',141,141,28),(142,'142',timestamp '2009-10-26 10:04:02','142',timestamp '2009-10-26 10:04:02','COMPLETED',142,142,15),(143,'143',timestamp '1998-01-06 11:05:22','143',timestamp '1998-01-06 11:05:22','COMPLETED',143,143,41),(144,'144',timestamp '2006-07-31 10:42:58','144',timestamp '2006-07-31 10:42:58','COMPLETED',144,144,40),(145,'145',timestamp '2000-02-13 10:01:43','145',timestamp '2000-02-13 10:01:43','COMPLETED',145,145,47),(146,'146',timestamp '2004-08-21 09:20:14','146',timestamp '2004-08-21 09:20:14','COMPLETED',146,146,24),(147,'147',timestamp '2010-03-10 10:47:02','147',timestamp '2010-03-10 10:47:02','COMPLETED',147,147,7),(148,'148',timestamp '2005-08-10 08:43:58','148',timestamp '2005-08-10 08:43:58','COMPLETED',148,148,50),(149,'149',timestamp '2011-04-02 09:14:42','149',timestamp '2011-04-02 09:14:42','SHIPPING',149,149,63),(150,'150',timestamp '1997-03-09 08:35:45','150',timestamp '1997-03-09 08:35:45','SHIPPING',150,150,14),(151,'151',timestamp '2004-04-22 09:38:37','151',timestamp '2004-04-22 09:38:37','COMPLETED',151,151,13),(152,'152',timestamp '1998-12-07 11:01:56','152',timestamp '1998-12-07 11:01:56','COMPLETED',152,152,58),(153,'153',timestamp '1998-09-04 10:37:09','153',timestamp '1998-09-04 10:37:09','COMPLETED',153,153,57),(154,'154',timestamp '2001-07-04 08:34:26','154',timestamp '2001-07-04 08:34:26','COMPLETED',154,154,61),(155,'155',timestamp '2012-08-27 10:12:39','155',timestamp '2012-08-27 10:12:39','COMPLETED',155,155,16),(156,'156',timestamp '2007-05-31 08:52:12','156',timestamp '2007-05-31 08:52:12','SHIPPING',156,156,63),(157,'157',timestamp '2008-12-13 08:44:01','157',timestamp '2008-12-13 08:44:01','COMPLETED',157,157,11),(158,'158',timestamp '2011-05-05 08:54:16','158',timestamp '2011-05-05 08:54:16','PROCESSING',158,158,4),(159,'159',timestamp '1997-11-01 10:44:32','159',timestamp '1997-11-01 10:44:32','COMPLETED',159,159,46),(160,'160',timestamp '1998-11-30 10:24:47','160',timestamp '1998-11-30 10:24:47','COMPLETED',160,160,15),(161,'161',timestamp '2012-01-03 09:07:41','161',timestamp '2012-01-03 09:07:41','COMPLETED',161,161,4),(162,'162',timestamp '2009-09-15 11:11:16','162',timestamp '2009-09-15 11:11:16','PROCESSING',162,162,39),(163,'163',timestamp '1998-09-29 08:34:53','163',timestamp '1998-09-29 08:34:53','SHIPPING',163,163,46),(164,'164',timestamp '2009-04-18 08:57:50','164',timestamp '2009-04-18 08:57:50','COMPLETED',164,164,8),(165,'165',timestamp '2012-03-14 09:49:24','165',timestamp '2012-03-14 09:49:24','SHIPPING',165,165,33),(166,'166',timestamp '2014-12-08 10:02:00','166',timestamp '2014-12-08 10:02:00','COMPLETED',166,166,34),(167,'167',timestamp '2005-05-08 09:13:13','167',timestamp '2005-05-08 09:13:13','COMPLETED',167,167,39),(168,'168',timestamp '2009-11-04 08:40:41','168',timestamp '2009-11-04 08:40:41','SHIPPING',168,168,40),(169,'169',timestamp '2001-06-19 10:05:02','169',timestamp '2001-06-19 10:05:02','COMPLETED',169,169,41),(170,'170',timestamp '1999-08-28 09:03:41','170',timestamp '1999-08-28 09:03:41','SHIPPING',170,170,11),(171,'171',timestamp '2018-09-26 10:46:38','171',timestamp '2018-09-26 10:46:38','COMPLETED',171,171,34),(172,'172',timestamp '1995-07-02 09:56:39','172',timestamp '1995-07-02 09:56:39','COMPLETED',172,172,60),(173,'173',timestamp '2018-07-29 10:33:49','173',timestamp '2018-07-29 10:33:49','COMPLETED',173,173,47),(174,'174',timestamp '2006-01-26 11:05:14','174',timestamp '2006-01-26 11:05:14','COMPLETED',174,174,30),(175,'175',timestamp '2018-08-04 08:41:29','175',timestamp '2018-08-04 08:41:29','COMPLETED',175,175,39),(176,'176',timestamp '1995-05-11 09:01:09','176',timestamp '1995-05-11 09:01:09','COMPLETED',176,176,29),(177,'177',timestamp '1998-06-02 10:43:15','177',timestamp '1998-06-02 10:43:15','COMPLETED',177,177,48),(178,'178',timestamp '2009-06-28 08:49:21','178',timestamp '2009-06-28 08:49:21','SHIPPING',178,178,46),(179,'179',timestamp '2003-11-27 10:28:27','179',timestamp '2003-11-27 10:28:27','COMPLETED',179,179,19),(180,'180',timestamp '2018-04-12 09:41:56','180',timestamp '2018-04-12 09:41:56','COMPLETED',180,180,34),(181,'181',timestamp '2014-10-24 11:11:16','181',timestamp '2014-10-24 11:11:16','COMPLETED',181,181,36),(182,'182',timestamp '2006-11-12 08:42:12','182',timestamp '2006-11-12 08:42:12','COMPLETED',182,182,51),(183,'183',timestamp '1996-02-05 10:12:06','183',timestamp '1996-02-05 10:12:06','COMPLETED',183,183,33),(184,'184',timestamp '2012-12-22 10:45:55','184',timestamp '2012-12-22 10:45:55','COMPLETED',184,184,39),(185,'185',timestamp '1996-11-25 09:54:21','185',timestamp '1996-11-25 09:54:21','COMPLETED',185,185,24),(186,'186',timestamp '2012-09-17 09:29:02','186',timestamp '2012-09-17 09:29:02','COMPLETED',186,186,2),(187,'187',timestamp '2013-11-27 10:13:26','187',timestamp '2013-11-27 10:13:26','COMPLETED',187,187,19),(188,'188',timestamp '2010-04-20 08:45:02','188',timestamp '2010-04-20 08:45:02','COMPLETED',188,188,64),(189,'189',timestamp '1999-07-27 10:45:06','189',timestamp '1999-07-27 10:45:06','COMPLETED',189,189,50),(190,'190',timestamp '2018-06-03 09:32:53','190',timestamp '2018-06-03 09:32:53','SHIPPING',190,190,3),(191,'191',timestamp '1998-08-16 08:28:56','191',timestamp '1998-08-16 08:28:56','SHIPPING',191,191,16),(192,'192',timestamp '2011-07-01 10:19:35','192',timestamp '2011-07-01 10:19:35','PROCESSING',192,192,60),(193,'193',timestamp '1999-12-14 09:44:16','193',timestamp '1999-12-14 09:44:16','SHIPPING',193,193,40),(194,'194',timestamp '2018-11-15 10:29:40','194',timestamp '2018-11-15 10:29:40','COMPLETED',194,194,22),(195,'195',timestamp '1997-12-23 09:42:07','195',timestamp '1997-12-23 09:42:07','COMPLETED',195,195,14),(196,'196',timestamp '2006-10-26 08:36:12','196',timestamp '2006-10-26 08:36:12','COMPLETED',196,196,61),(197,'197',timestamp '2019-05-03 10:28:00','197',timestamp '2019-05-03 10:28:00','COMPLETED',197,197,54),(198,'198',timestamp '2008-05-09 10:47:58','198',timestamp '2008-05-09 10:47:58','SHIPPING',198,198,20),(199,'199',timestamp '2016-01-22 10:05:25','199',timestamp '2016-01-22 10:05:25','COMPLETED',199,199,56),(200,'200',timestamp '1994-06-11 09:04:59','200',timestamp '1994-06-11 09:04:59','COMPLETED',200,200,19),(201,'201',timestamp '2005-07-22 09:08:14','201',timestamp '2005-07-22 09:08:14','SHIPPING',201,201,55),(202,'202',timestamp '2010-06-21 09:28:08','202',timestamp '2010-06-21 09:28:08','COMPLETED',202,202,34),(203,'203',timestamp '1999-12-11 09:58:59','203',timestamp '1999-12-11 09:58:59','COMPLETED',203,203,49),(204,'204',timestamp '2002-10-20 09:47:27','204',timestamp '2002-10-20 09:47:27','COMPLETED',204,204,6),(205,'205',timestamp '2001-03-24 11:05:24','205',timestamp '2001-03-24 11:05:24','COMPLETED',205,205,52),(206,'206',timestamp '1999-08-18 08:49:39','206',timestamp '1999-08-18 08:49:39','COMPLETED',206,206,59),(207,'207',timestamp '2009-06-14 09:23:32','207',timestamp '2009-06-14 09:23:32','SHIPPING',207,207,25),(208,'208',timestamp '2018-05-26 08:37:51','208',timestamp '2018-05-26 08:37:51','COMPLETED',208,208,2),(209,'209',timestamp '2005-04-20 08:40:39','209',timestamp '2005-04-20 08:40:39','SHIPPING',209,209,64),(210,'210',timestamp '1997-06-19 10:20:27','210',timestamp '1997-06-19 10:20:27','COMPLETED',210,210,33),(211,'211',timestamp '2002-03-06 10:42:55','211',timestamp '2002-03-06 10:42:55','COMPLETED',211,211,8),(212,'212',timestamp '2015-04-20 08:59:47','212',timestamp '2015-04-20 08:59:47','COMPLETED',212,212,15),(213,'213',timestamp '2004-02-09 11:09:23','213',timestamp '2004-02-09 11:09:23','COMPLETED',213,213,4),(214,'214',timestamp '2009-02-03 08:39:45','214',timestamp '2009-02-03 08:39:45','COMPLETED',214,214,26),(215,'215',timestamp '2016-06-30 09:25:46','215',timestamp '2016-06-30 09:25:46','COMPLETED',215,215,43),(216,'216',timestamp '2001-08-24 11:02:56','216',timestamp '2001-08-24 11:02:56','COMPLETED',216,216,56),(217,'217',timestamp '2004-08-31 11:13:07','217',timestamp '2004-08-31 11:13:07','SHIPPING',217,217,38),(218,'218',timestamp '2013-03-21 10:21:18','218',timestamp '2013-03-21 10:21:18','COMPLETED',218,218,32),(219,'219',timestamp '1994-08-28 10:49:18','219',timestamp '1994-08-28 10:49:18','SHIPPING',219,219,28),(220,'220',timestamp '1996-01-18 10:43:35','220',timestamp '1996-01-18 10:43:35','COMPLETED',220,220,28),(221,'221',timestamp '2015-01-05 10:18:41','221',timestamp '2015-01-05 10:18:41','PROCESSING',221,221,59),(222,'222',timestamp '2012-09-08 10:10:20','222',timestamp '2012-09-08 10:10:20','COMPLETED',222,222,4),(223,'223',timestamp '2017-07-05 10:50:12','223',timestamp '2017-07-05 10:50:12','COMPLETED',223,223,18),(224,'224',timestamp '2005-09-07 09:48:18','224',timestamp '2005-09-07 09:48:18','SHIPPING',224,224,19),(225,'225',timestamp '2012-12-18 09:28:24','225',timestamp '2012-12-18 09:28:24','SHIPPING',225,225,31),(226,'226',timestamp '2000-06-04 09:03:36','226',timestamp '2000-06-04 09:03:36','COMPLETED',226,226,49),(227,'227',timestamp '2013-03-06 11:01:35','227',timestamp '2013-03-06 11:01:35','COMPLETED',227,227,25),(228,'228',timestamp '2011-03-22 08:50:05','228',timestamp '2011-03-22 08:50:05','COMPLETED',228,228,47),(229,'229',timestamp '1997-01-05 08:32:59','229',timestamp '1997-01-05 08:32:59','COMPLETED',229,229,18),(230,'230',timestamp '2017-06-02 09:30:55','230',timestamp '2017-06-02 09:30:55','COMPLETED',230,230,31),(231,'231',timestamp '2017-04-18 10:36:34','231',timestamp '2017-04-18 10:36:34','COMPLETED',231,231,35),(232,'232',timestamp '2018-12-25 10:41:38','232',timestamp '2018-12-25 10:41:38','SHIPPING',232,232,47),(233,'233',timestamp '2005-05-02 10:06:32','233',timestamp '2005-05-02 10:06:32','SHIPPING',233,233,3),(234,'234',timestamp '1994-06-08 09:09:21','234',timestamp '1994-06-08 09:09:21','COMPLETED',234,234,62),(235,'235',timestamp '1997-10-04 09:32:32','235',timestamp '1997-10-04 09:32:32','COMPLETED',235,235,53),(236,'236',timestamp '1999-08-22 09:33:22','236',timestamp '1999-08-22 09:33:22','PROCESSING',236,236,10),(237,'237',timestamp '2013-02-17 09:03:43','237',timestamp '2013-02-17 09:03:43','COMPLETED',237,237,54),(238,'238',timestamp '1998-04-26 09:21:59','238',timestamp '1998-04-26 09:21:59','SHIPPING',238,238,17),(239,'239',timestamp '1997-10-03 08:30:43','239',timestamp '1997-10-03 08:30:43','COMPLETED',239,239,2),(240,'240',timestamp '1999-12-30 08:41:07','240',timestamp '1999-12-30 08:41:07','COMPLETED',240,240,53),(241,'241',timestamp '2018-05-10 09:01:08','241',timestamp '2018-05-10 09:01:08','COMPLETED',241,241,51),(242,'242',timestamp '2008-09-26 08:38:23','242',timestamp '2008-09-26 08:38:23','COMPLETED',242,242,8),(243,'243',timestamp '2001-08-05 10:01:57','243',timestamp '2001-08-05 10:01:57','COMPLETED',243,243,28),(244,'244',timestamp '2010-05-23 10:26:36','244',timestamp '2010-05-23 10:26:36','SHIPPING',244,244,17),(245,'245',timestamp '2001-04-20 11:02:30','245',timestamp '2001-04-20 11:02:30','COMPLETED',245,245,49),(246,'246',timestamp '2012-12-10 10:20:16','246',timestamp '2012-12-10 10:20:16','COMPLETED',246,246,40),(247,'247',timestamp '2008-10-25 09:28:43','247',timestamp '2008-10-25 09:28:43','COMPLETED',247,247,11),(248,'248',timestamp '2008-10-08 10:39:40','248',timestamp '2008-10-08 10:39:40','SHIPPING',248,248,52),(249,'249',timestamp '1993-03-18 10:59:38','249',timestamp '1993-03-18 10:59:38','COMPLETED',249,249,61),(250,'250',timestamp '2005-08-04 10:43:39','250',timestamp '2005-08-04 10:43:39','PROCESSING',250,250,20),(251,'251',timestamp '2007-04-25 09:06:52','251',timestamp '2007-04-25 09:06:52','COMPLETED',251,251,40),(252,'252',timestamp '1997-06-13 10:59:08','252',timestamp '1997-06-13 10:59:08','SHIPPING',252,252,3),(253,'253',timestamp '2008-02-22 08:38:44','253',timestamp '2008-02-22 08:38:44','COMPLETED',253,253,19),(254,'254',timestamp '2008-04-21 09:52:25','254',timestamp '2008-04-21 09:52:25','COMPLETED',254,254,35),(255,'255',timestamp '2010-08-24 09:40:24','255',timestamp '2010-08-24 09:40:24','COMPLETED',255,255,3),(256,'256',timestamp '2017-08-17 10:26:48','256',timestamp '2017-08-17 10:26:48','SHIPPING',256,256,18),(257,'257',timestamp '2009-08-09 08:59:50','257',timestamp '2009-08-09 08:59:50','COMPLETED',257,257,45),(258,'258',timestamp '1993-10-15 08:54:11','258',timestamp '1993-10-15 08:54:11','COMPLETED',258,258,12),(259,'259',timestamp '2016-11-26 09:02:11','259',timestamp '2016-11-26 09:02:11','SHIPPING',259,259,24),(260,'260',timestamp '1996-05-23 10:40:34','260',timestamp '1996-05-23 10:40:34','COMPLETED',260,260,37),(261,'261',timestamp '2008-11-08 10:46:33','261',timestamp '2008-11-08 10:46:33','COMPLETED',261,261,51),(262,'262',timestamp '2014-09-01 10:53:26','262',timestamp '2014-09-01 10:53:26','COMPLETED',262,262,64),(263,'263',timestamp '2012-11-07 11:13:03','263',timestamp '2012-11-07 11:13:03','SHIPPING',263,263,45),(264,'264',timestamp '2012-09-30 09:20:44','264',timestamp '2012-09-30 09:20:44','COMPLETED',264,264,43),(265,'265',timestamp '2016-11-18 08:40:44','265',timestamp '2016-11-18 08:40:44','SHIPPING',265,265,63),(266,'266',timestamp '2013-05-11 08:33:42','266',timestamp '2013-05-11 08:33:42','COMPLETED',266,266,17),(267,'267',timestamp '2016-02-05 10:52:10','267',timestamp '2016-02-05 10:52:10','COMPLETED',267,267,4),(268,'268',timestamp '2017-12-14 10:40:52','268',timestamp '2017-12-14 10:40:52','COMPLETED',268,268,13),(269,'269',timestamp '2010-11-18 10:38:12','269',timestamp '2010-11-18 10:38:12','COMPLETED',269,269,46),(270,'270',timestamp '2011-11-24 08:57:57','270',timestamp '2011-11-24 08:57:57','COMPLETED',270,270,35),(271,'271',timestamp '2005-03-01 09:13:06','271',timestamp '2005-03-01 09:13:06','SHIPPING',271,271,44),(272,'272',timestamp '2010-05-24 09:13:50','272',timestamp '2010-05-24 09:13:50','COMPLETED',272,272,48),(273,'273',timestamp '2014-10-11 09:09:09','273',timestamp '2014-10-11 09:09:09','COMPLETED',273,273,60),(274,'274',timestamp '1995-06-17 09:23:53','274',timestamp '1995-06-17 09:23:53','COMPLETED',274,274,63),(275,'275',timestamp '2010-02-23 09:21:13','275',timestamp '2010-02-23 09:21:13','SHIPPING',275,275,26),(276,'276',timestamp '2018-12-30 11:05:04','276',timestamp '2018-12-30 11:05:04','COMPLETED',276,276,27),(277,'277',timestamp '1996-12-01 10:06:45','277',timestamp '1996-12-01 10:06:45','COMPLETED',277,277,35),(278,'278',timestamp '2005-06-16 09:42:43','278',timestamp '2005-06-16 09:42:43','COMPLETED',278,278,39),(279,'279',timestamp '2006-04-07 10:17:03','279',timestamp '2006-04-07 10:17:03','COMPLETED',279,279,44),(280,'280',timestamp '2010-11-14 11:07:47','280',timestamp '2010-11-14 11:07:47','SHIPPING',280,280,56),(281,'281',timestamp '2004-02-29 10:35:54','281',timestamp '2004-02-29 10:35:54','COMPLETED',281,281,36),(282,'282',timestamp '2005-10-09 09:05:22','282',timestamp '2005-10-09 09:05:22','SHIPPING',282,282,57),(283,'283',timestamp '2000-04-17 09:03:37','283',timestamp '2000-04-17 09:03:37','COMPLETED',283,283,22),(284,'284',timestamp '2018-08-28 09:47:38','284',timestamp '2018-08-28 09:47:38','COMPLETED',284,284,14),(285,'285',timestamp '2018-01-14 08:46:42','285',timestamp '2018-01-14 08:46:42','COMPLETED',285,285,23),(286,'286',timestamp '1997-12-19 09:58:58','286',timestamp '1997-12-19 09:58:58','COMPLETED',286,286,54),(287,'287',timestamp '2002-07-17 08:53:02','287',timestamp '2002-07-17 08:53:02','COMPLETED',287,287,57),(288,'288',timestamp '2001-09-02 10:07:45','288',timestamp '2001-09-02 10:07:45','COMPLETED',288,288,24),(289,'289',timestamp '2001-12-16 10:55:19','289',timestamp '2001-12-16 10:55:19','COMPLETED',289,289,55),(290,'290',timestamp '1994-07-24 08:45:14','290',timestamp '1994-07-24 08:45:14','COMPLETED',290,290,36),(291,'291',timestamp '2003-07-25 08:37:41','291',timestamp '2003-07-25 08:37:41','SHIPPING',291,291,55),(292,'292',timestamp '1996-04-07 10:04:24','292',timestamp '1996-04-07 10:04:24','COMPLETED',292,292,31),(293,'293',timestamp '2002-12-04 09:18:30','293',timestamp '2002-12-04 09:18:30','COMPLETED',293,293,27),(294,'294',timestamp '1993-03-16 10:43:48','294',timestamp '1993-03-16 10:43:48','COMPLETED',294,294,11),(295,'295',timestamp '2015-02-19 10:52:08','295',timestamp '2015-02-19 10:52:08','COMPLETED',295,295,46),(296,'296',timestamp '2010-08-16 09:00:13','296',timestamp '2010-08-16 09:00:13','SHIPPING',296,296,29),(297,'297',timestamp '2005-10-31 10:06:57','297',timestamp '2005-10-31 10:06:57','COMPLETED',297,297,36),(298,'298',timestamp '2019-12-27 10:54:49','298',timestamp '2019-12-27 10:54:49','SHIPPING',298,298,4),(299,'299',timestamp '2001-11-19 09:53:28','299',timestamp '2001-11-19 09:53:28','COMPLETED',299,299,26),(300,'300',timestamp '2008-06-11 10:58:31','300',timestamp '2008-06-11 10:58:31','PROCESSING',300,300,44),(301,'301',timestamp '2009-04-25 08:29:28','301',timestamp '2009-04-25 08:29:28','COMPLETED',301,301,47),(302,'302',timestamp '2003-02-19 11:10:18','302',timestamp '2003-02-19 11:10:18','COMPLETED',302,302,30),(303,'303',timestamp '2017-03-23 08:50:50','303',timestamp '2017-03-23 08:50:50','COMPLETED',303,303,45),(304,'304',timestamp '1994-08-01 11:00:51','304',timestamp '1994-08-01 11:00:51','COMPLETED',304,304,7),(305,'305',timestamp '1998-04-02 08:36:15','305',timestamp '1998-04-02 08:36:15','COMPLETED',305,305,28),(306,'306',timestamp '2018-09-09 08:36:40','306',timestamp '2018-09-09 08:36:40','SHIPPING',306,306,12),(307,'307',timestamp '1996-02-29 10:21:00','307',timestamp '1996-02-29 10:21:00','COMPLETED',307,307,38),(308,'308',timestamp '1994-04-10 10:31:21','308',timestamp '1994-04-10 10:31:21','SHIPPING',308,308,22),(309,'309',timestamp '2015-05-03 10:13:01','309',timestamp '2015-05-03 10:13:01','COMPLETED',309,309,7),(310,'310',timestamp '2000-04-28 08:58:24','310',timestamp '2000-04-28 08:58:24','SHIPPING',310,310,63),(311,'311',timestamp '2006-04-06 08:53:22','311',timestamp '2006-04-06 08:53:22','COMPLETED',311,311,44),(312,'312',timestamp '2000-03-28 08:32:07','312',timestamp '2000-03-28 08:32:07','COMPLETED',312,312,3),(313,'313',timestamp '1994-12-30 09:30:41','313',timestamp '1994-12-30 09:30:41','COMPLETED',313,313,31),(314,'314',timestamp '2000-10-02 08:53:56','314',timestamp '2000-10-02 08:53:56','SHIPPING',314,314,60),(315,'315',timestamp '2010-10-03 09:07:56','315',timestamp '2010-10-03 09:07:56','COMPLETED',315,315,32),(316,'316',timestamp '2005-07-03 11:04:47','316',timestamp '2005-07-03 11:04:47','COMPLETED',316,316,14),(317,'317',timestamp '2008-08-01 09:56:35','317',timestamp '2008-08-01 09:56:35','COMPLETED',317,317,58),(318,'318',timestamp '2004-04-26 09:48:58','318',timestamp '2004-04-26 09:48:58','COMPLETED',318,318,62),(319,'319',timestamp '1994-09-08 09:02:23','319',timestamp '1994-09-08 09:02:23','COMPLETED',319,319,61),(320,'320',timestamp '2013-06-29 08:55:01','320',timestamp '2013-06-29 08:55:01','SHIPPING',320,320,11),(321,'321',timestamp '2009-08-06 09:48:03','321',timestamp '2009-08-06 09:48:03','COMPLETED',321,321,45),(322,'322',timestamp '2005-03-20 09:45:11','322',timestamp '2005-03-20 09:45:11','PROCESSING',322,322,4),(323,'323',timestamp '1995-05-12 10:05:40','323',timestamp '1995-05-12 10:05:40','COMPLETED',323,323,54),(324,'324',timestamp '1997-08-08 09:32:26','324',timestamp '1997-08-08 09:32:26','COMPLETED',324,324,59),(325,'325',timestamp '1997-09-27 10:00:16','325',timestamp '1997-09-27 10:00:16','SHIPPING',325,325,47),(326,'326',timestamp '1994-09-07 09:55:53','326',timestamp '1994-09-07 09:55:53','COMPLETED',326,326,4),(327,'327',timestamp '2012-11-17 10:35:43','327',timestamp '2012-11-17 10:35:43','COMPLETED',327,327,24),(328,'328',timestamp '2013-12-16 08:48:28','328',timestamp '2013-12-16 08:48:28','COMPLETED',328,328,13),(329,'329',timestamp '2017-04-26 09:13:19','329',timestamp '2017-04-26 09:13:19','COMPLETED',329,329,11),(330,'330',timestamp '2013-01-15 10:45:55','330',timestamp '2013-01-15 10:45:55','SHIPPING',330,330,17),(331,'331',timestamp '2018-05-15 09:06:34','331',timestamp '2018-05-15 09:06:34','COMPLETED',331,331,4),(332,'332',timestamp '2014-03-07 09:53:13','332',timestamp '2014-03-07 09:53:13','COMPLETED',332,332,30),(333,'333',timestamp '2003-03-12 08:54:32','333',timestamp '2003-03-12 08:54:32','COMPLETED',333,333,53),(334,'334',timestamp '2003-01-19 10:46:23','334',timestamp '2003-01-19 10:46:23','COMPLETED',334,334,16),(335,'335',timestamp '2013-05-22 10:53:22','335',timestamp '2013-05-22 10:53:22','COMPLETED',335,335,46),(336,'336',timestamp '2006-08-12 09:05:39','336',timestamp '2006-08-12 09:05:39','COMPLETED',336,336,34),(337,'337',timestamp '2007-11-25 08:41:58','337',timestamp '2007-11-25 08:41:58','COMPLETED',337,337,60),(338,'338',timestamp '2012-03-01 11:00:32','338',timestamp '2012-03-01 11:00:32','COMPLETED',338,338,7),(339,'339',timestamp '2017-02-17 09:28:10','339',timestamp '2017-02-17 09:28:10','COMPLETED',339,339,35),(340,'340',timestamp '1994-06-16 09:37:35','340',timestamp '1994-06-16 09:37:35','COMPLETED',340,340,16),(341,'341',timestamp '1994-11-29 08:51:04','341',timestamp '1994-11-29 08:51:04','SHIPPING',341,341,26),(342,'342',timestamp '2001-10-20 10:09:44','342',timestamp '2001-10-20 10:09:44','COMPLETED',342,342,19),(343,'343',timestamp '2008-06-30 10:43:05','343',timestamp '2008-06-30 10:43:05','COMPLETED',343,343,5),(344,'344',timestamp '2010-06-28 09:23:43','344',timestamp '2010-06-28 09:23:43','COMPLETED',344,344,63),(345,'345',timestamp '1995-01-21 09:08:13','345',timestamp '1995-01-21 09:08:13','COMPLETED',345,345,36),(346,'346',timestamp '2006-07-31 10:02:29','346',timestamp '2006-07-31 10:02:29','COMPLETED',346,346,21),(347,'347',timestamp '2016-08-22 09:44:16','347',timestamp '2016-08-22 09:44:16','COMPLETED',347,347,41),(348,'348',timestamp '2013-05-15 10:06:27','348',timestamp '2013-05-15 10:06:27','COMPLETED',348,348,36),(349,'349',timestamp '2007-04-13 08:40:41','349',timestamp '2007-04-13 08:40:41','COMPLETED',349,349,44),(350,'350',timestamp '2020-01-27 09:04:32','350',timestamp '2020-01-27 09:04:32','SHIPPING',350,350,7),(351,'351',timestamp '2013-11-08 09:47:58','351',timestamp '2013-11-08 09:47:58','COMPLETED',351,351,23),(352,'352',timestamp '2000-07-30 10:17:06','352',timestamp '2000-07-30 10:17:06','SHIPPING',352,352,50),(353,'353',timestamp '2001-07-15 08:56:46','353',timestamp '2001-07-15 08:56:46','COMPLETED',353,353,28),(354,'354',timestamp '2009-11-22 10:52:21','354',timestamp '2009-11-22 10:52:21','PROCESSING',354,354,29),(355,'355',timestamp '2015-01-29 08:28:49','355',timestamp '2015-01-29 08:28:49','COMPLETED',355,355,15),(356,'356',timestamp '2004-04-03 10:12:35','356',timestamp '2004-04-03 10:12:35','COMPLETED',356,356,43),(357,'357',timestamp '2009-01-23 10:47:49','357',timestamp '2009-01-23 10:47:49','COMPLETED',357,357,4),(358,'358',timestamp '2008-09-18 08:38:41','358',timestamp '2008-09-18 08:38:41','COMPLETED',358,358,48),(359,'359',timestamp '2011-07-22 10:26:34','359',timestamp '2011-07-22 10:26:34','COMPLETED',359,359,53),(360,'360',timestamp '2004-08-18 09:30:01','360',timestamp '2004-08-18 09:30:01','COMPLETED',360,360,38),(361,'361',timestamp '2002-03-10 08:41:37','361',timestamp '2002-03-10 08:41:37','SHIPPING',361,361,22),(362,'362',timestamp '1995-09-09 10:42:53','362',timestamp '1995-09-09 10:42:53','COMPLETED',362,362,18),(363,'363',timestamp '2020-01-08 09:45:46','363',timestamp '2020-01-08 09:45:46','COMPLETED',363,363,15),(364,'364',timestamp '2015-05-15 10:26:27','364',timestamp '2015-05-15 10:26:27','COMPLETED',364,364,5),(365,'365',timestamp '2013-12-17 10:49:27','365',timestamp '2013-12-17 10:49:27','SHIPPING',365,365,63),(366,'366',timestamp '1998-11-10 08:42:59','366',timestamp '1998-11-10 08:42:59','SHIPPING',366,366,7),(367,'367',timestamp '2017-10-20 09:38:58','367',timestamp '2017-10-20 09:38:58','COMPLETED',367,367,33),(368,'368',timestamp '2010-05-20 09:33:07','368',timestamp '2010-05-20 09:33:07','SHIPPING',368,368,30),(369,'369',timestamp '2001-08-06 10:14:50','369',timestamp '2001-08-06 10:14:50','SHIPPING',369,369,28),(370,'370',timestamp '2003-08-02 10:54:49','370',timestamp '2003-08-02 10:54:49','COMPLETED',370,370,28),(371,'371',timestamp '2001-07-30 10:48:43','371',timestamp '2001-07-30 10:48:43','COMPLETED',371,371,19),(372,'372',timestamp '1999-02-01 10:08:51','372',timestamp '1999-02-01 10:08:51','COMPLETED',372,372,25),(373,'373',timestamp '2010-05-07 08:52:14','373',timestamp '2010-05-07 08:52:14','COMPLETED',373,373,8),(374,'374',timestamp '1999-02-06 09:09:09','374',timestamp '1999-02-06 09:09:09','COMPLETED',374,374,40),(375,'375',timestamp '1998-01-13 09:47:22','375',timestamp '1998-01-13 09:47:22','COMPLETED',375,375,42),(376,'376',timestamp '2011-05-29 11:08:47','376',timestamp '2011-05-29 11:08:47','COMPLETED',376,376,53),(377,'377',timestamp '2006-03-15 09:14:11','377',timestamp '2006-03-15 09:14:11','COMPLETED',377,377,43),(378,'378',timestamp '2019-11-13 08:29:59','378',timestamp '2019-11-13 08:29:59','COMPLETED',378,378,63),(379,'379',timestamp '2012-10-28 09:39:01','379',timestamp '2012-10-28 09:39:01','SHIPPING',379,379,12),(380,'380',timestamp '2015-08-18 09:07:41','380',timestamp '2015-08-18 09:07:41','COMPLETED',380,380,17),(381,'381',timestamp '1995-02-20 09:46:40','381',timestamp '1995-02-20 09:46:40','COMPLETED',381,381,29),(382,'382',timestamp '2000-11-26 10:31:01','382',timestamp '2000-11-26 10:31:01','COMPLETED',382,382,32),(383,'383',timestamp '1996-04-29 09:09:14','383',timestamp '1996-04-29 09:09:14','COMPLETED',383,383,27),(384,'384',timestamp '1993-02-05 09:38:16','384',timestamp '1993-02-05 09:38:16','COMPLETED',384,384,18),(385,'385',timestamp '2002-03-26 10:09:31','385',timestamp '2002-03-26 10:09:31','SHIPPING',385,385,5),(386,'386',timestamp '1995-07-19 10:42:10','386',timestamp '1995-07-19 10:42:10','COMPLETED',386,386,23),(387,'387',timestamp '2009-08-01 09:35:35','387',timestamp '2009-08-01 09:35:35','COMPLETED',387,387,24),(388,'388',timestamp '1997-04-21 10:36:04','388',timestamp '1997-04-21 10:36:04','PROCESSING',388,388,51),(389,'389',timestamp '2015-03-18 10:28:23','389',timestamp '2015-03-18 10:28:23','COMPLETED',389,389,24),(390,'390',timestamp '1997-10-01 09:30:24','390',timestamp '1997-10-01 09:30:24','SHIPPING',390,390,59),(391,'391',timestamp '2010-07-08 09:04:04','391',timestamp '2010-07-08 09:04:04','SHIPPING',391,391,61),(392,'392',timestamp '2010-10-16 08:51:53','392',timestamp '2010-10-16 08:51:53','COMPLETED',392,392,17),(393,'393',timestamp '2013-03-14 08:29:33','393',timestamp '2013-03-14 08:29:33','COMPLETED',393,393,38),(394,'394',timestamp '1995-10-05 10:33:45','394',timestamp '1995-10-05 10:33:45','SHIPPING',394,394,35),(395,'395',timestamp '2000-06-25 09:18:05','395',timestamp '2000-06-25 09:18:05','COMPLETED',395,395,40),(396,'396',timestamp '2019-12-09 10:44:23','396',timestamp '2019-12-09 10:44:23','COMPLETED',396,396,31),(397,'397',timestamp '2019-06-25 10:25:30','397',timestamp '2019-06-25 10:25:30','COMPLETED',397,397,10),(398,'398',timestamp '1994-12-18 08:27:52','398',timestamp '1994-12-18 08:27:52','COMPLETED',398,398,6),(399,'399',timestamp '1995-10-23 09:47:28','399',timestamp '1995-10-23 09:47:28','COMPLETED',399,399,43),(400,'400',timestamp '2004-02-20 09:57:39','400',timestamp '2004-02-20 09:57:39','PROCESSING',400,400,8),(401,'401',timestamp '2017-06-15 10:38:38','401',timestamp '2017-06-15 10:38:38','COMPLETED',401,401,53),(402,'402',timestamp '2008-03-01 09:01:04','402',timestamp '2008-03-01 09:01:04','COMPLETED',402,402,43),(403,'403',timestamp '2006-05-18 09:55:32','403',timestamp '2006-05-18 09:55:32','COMPLETED',403,403,44),(404,'404',timestamp '2011-11-29 10:14:03','404',timestamp '2011-11-29 10:14:03','COMPLETED',404,404,42),(405,'405',timestamp '2018-02-01 10:58:24','405',timestamp '2018-02-01 10:58:24','PROCESSING',405,405,21),(406,'406',timestamp '2001-01-15 09:21:02','406',timestamp '2001-01-15 09:21:02','COMPLETED',406,406,8),(407,'407',timestamp '2003-05-02 08:46:42','407',timestamp '2003-05-02 08:46:42','COMPLETED',407,407,13),(408,'408',timestamp '2000-07-14 09:39:51','408',timestamp '2000-07-14 09:39:51','COMPLETED',408,408,7),(409,'409',timestamp '2008-04-28 08:52:09','409',timestamp '2008-04-28 08:52:09','COMPLETED',409,409,24),(410,'410',timestamp '1997-03-20 11:11:19','410',timestamp '1997-03-20 11:11:19','COMPLETED',410,410,58),(411,'411',timestamp '2010-05-13 09:38:49','411',timestamp '2010-05-13 09:38:49','COMPLETED',411,411,28),(412,'412',timestamp '1997-02-11 10:21:20','412',timestamp '1997-02-11 10:21:20','COMPLETED',412,412,17),(413,'413',timestamp '2001-07-12 09:10:24','413',timestamp '2001-07-12 09:10:24','PROCESSING',413,413,55),(414,'414',timestamp '1998-06-05 08:30:49','414',timestamp '1998-06-05 08:30:49','COMPLETED',414,414,6),(415,'415',timestamp '2008-07-02 09:57:30','415',timestamp '2008-07-02 09:57:30','COMPLETED',415,415,20),(416,'416',timestamp '1999-06-24 10:30:08','416',timestamp '1999-06-24 10:30:08','SHIPPING',416,416,4),(417,'417',timestamp '2014-07-28 10:28:44','417',timestamp '2014-07-28 10:28:44','COMPLETED',417,417,28),(418,'418',timestamp '1996-05-20 09:35:09','418',timestamp '1996-05-20 09:35:09','COMPLETED',418,418,44),(419,'419',timestamp '2016-11-29 11:00:53','419',timestamp '2016-11-29 11:00:53','COMPLETED',419,419,11),(420,'420',timestamp '2006-09-22 10:40:27','420',timestamp '2006-09-22 10:40:27','COMPLETED',420,420,14),(421,'421',timestamp '2007-12-31 10:47:57','421',timestamp '2007-12-31 10:47:57','SHIPPING',421,421,6),(422,'422',timestamp '2009-10-20 09:51:58','422',timestamp '2009-10-20 09:51:58','COMPLETED',422,422,16),(423,'423',timestamp '2007-10-23 08:54:00','423',timestamp '2007-10-23 08:54:00','SHIPPING',423,423,47),(424,'424',timestamp '2002-10-27 09:30:07','424',timestamp '2002-10-27 09:30:07','COMPLETED',424,424,19),(425,'425',timestamp '2019-12-20 09:19:52','425',timestamp '2019-12-20 09:19:52','SHIPPING',425,425,33),(426,'426',timestamp '2008-08-17 08:41:03','426',timestamp '2008-08-17 08:41:03','COMPLETED',426,426,6),(427,'427',timestamp '2002-08-11 10:06:30','427',timestamp '2002-08-11 10:06:30','SHIPPING',427,427,57),(428,'428',timestamp '2008-06-16 09:40:49','428',timestamp '2008-06-16 09:40:49','COMPLETED',428,428,13),(429,'429',timestamp '1996-01-17 11:10:45','429',timestamp '1996-01-17 11:10:45','PROCESSING',429,429,64),(430,'430',timestamp '2018-05-03 09:19:03','430',timestamp '2018-05-03 09:19:03','SHIPPING',430,430,55),(431,'431',timestamp '1996-06-17 10:56:40','431',timestamp '1996-06-17 10:56:40','COMPLETED',431,431,5),(432,'432',timestamp '1994-11-30 08:40:57','432',timestamp '1994-11-30 08:40:57','COMPLETED',432,432,38),(433,'433',timestamp '2016-10-05 10:39:50','433',timestamp '2016-10-05 10:39:50','COMPLETED',433,433,22),(434,'434',timestamp '2004-09-20 09:13:45','434',timestamp '2004-09-20 09:13:45','SHIPPING',434,434,12),(435,'435',timestamp '2002-11-04 09:07:23','435',timestamp '2002-11-04 09:07:23','COMPLETED',435,435,24),(436,'436',timestamp '2017-03-23 10:22:50','436',timestamp '2017-03-23 10:22:50','COMPLETED',436,436,15),(437,'437',timestamp '1994-01-30 08:55:03','437',timestamp '1994-01-30 08:55:03','COMPLETED',437,437,11),(438,'438',timestamp '2016-02-23 10:56:03','438',timestamp '2016-02-23 10:56:03','SHIPPING',438,438,10),(439,'439',timestamp '1995-11-23 09:44:07','439',timestamp '1995-11-23 09:44:07','COMPLETED',439,439,58),(440,'440',timestamp '2003-08-18 09:26:29','440',timestamp '2003-08-18 09:26:29','SHIPPING',440,440,5),(441,'441',timestamp '2009-09-02 10:39:54','441',timestamp '2009-09-02 10:39:54','PROCESSING',441,441,27),(442,'442',timestamp '2006-01-08 10:54:48','442',timestamp '2006-01-08 10:54:48','PROCESSING',442,442,11),(443,'443',timestamp '2006-01-22 09:56:07','443',timestamp '2006-01-22 09:56:07','COMPLETED',443,443,52),(444,'444',timestamp '2019-03-02 09:45:52','444',timestamp '2019-03-02 09:45:52','COMPLETED',444,444,45),(445,'445',timestamp '2020-02-10 09:09:05','445',timestamp '2020-02-10 09:09:05','COMPLETED',445,445,52),(446,'446',timestamp '2003-09-25 08:39:52','446',timestamp '2003-09-25 08:39:52','SHIPPING',446,446,57),(447,'447',timestamp '2010-02-26 10:45:40','447',timestamp '2010-02-26 10:45:40','SHIPPING',447,447,14),(448,'448',timestamp '2013-11-21 11:12:03','448',timestamp '2013-11-21 11:12:03','COMPLETED',448,448,40),(449,'449',timestamp '2006-01-05 08:42:45','449',timestamp '2006-01-05 08:42:45','SHIPPING',449,449,53),(450,'450',timestamp '2009-01-26 08:31:49','450',timestamp '2009-01-26 08:31:49','COMPLETED',450,450,52),(451,'451',timestamp '1998-11-16 09:02:41','451',timestamp '1998-11-16 09:02:41','PROCESSING',451,451,20),(452,'452',timestamp '1997-02-12 09:48:58','452',timestamp '1997-02-12 09:48:58','COMPLETED',452,452,39),(453,'453',timestamp '2013-11-07 09:41:50','453',timestamp '2013-11-07 09:41:50','COMPLETED',453,453,9),(454,'454',timestamp '2001-11-24 09:12:51','454',timestamp '2001-11-24 09:12:51','COMPLETED',454,454,11),(455,'455',timestamp '2012-11-07 08:54:53','455',timestamp '2012-11-07 08:54:53','COMPLETED',455,455,17),(456,'456',timestamp '1997-02-19 10:16:16','456',timestamp '1997-02-19 10:16:16','COMPLETED',456,456,53),(457,'457',timestamp '2003-11-25 09:18:41','457',timestamp '2003-11-25 09:18:41','COMPLETED',457,457,8),(458,'458',timestamp '1997-10-20 10:38:23','458',timestamp '1997-10-20 10:38:23','COMPLETED',458,458,22),(459,'459',timestamp '2005-06-11 10:01:31','459',timestamp '2005-06-11 10:01:31','SHIPPING',459,459,56),(460,'460',timestamp '2009-04-06 11:06:12','460',timestamp '2009-04-06 11:06:12','COMPLETED',460,460,56),(461,'461',timestamp '2001-08-08 09:13:33','461',timestamp '2001-08-08 09:13:33','COMPLETED',461,461,39),(462,'462',timestamp '2005-08-13 10:41:20','462',timestamp '2005-08-13 10:41:20','COMPLETED',462,462,29),(463,'463',timestamp '2005-05-06 11:04:05','463',timestamp '2005-05-06 11:04:05','SHIPPING',463,463,51),(464,'464',timestamp '2018-01-10 10:53:20','464',timestamp '2018-01-10 10:53:20','SHIPPING',464,464,11),(465,'465',timestamp '1994-04-06 11:00:15','465',timestamp '1994-04-06 11:00:15','COMPLETED',465,465,38),(466,'466',timestamp '2008-10-05 09:50:12','466',timestamp '2008-10-05 09:50:12','COMPLETED',466,466,61),(467,'467',timestamp '2018-11-28 10:42:09','467',timestamp '2018-11-28 10:42:09','COMPLETED',467,467,63),(468,'468',timestamp '2010-08-27 09:27:56','468',timestamp '2010-08-27 09:27:56','SHIPPING',468,468,2),(469,'469',timestamp '1994-06-08 09:15:16','469',timestamp '1994-06-08 09:15:16','COMPLETED',469,469,61),(470,'470',timestamp '1993-10-03 09:57:25','470',timestamp '1993-10-03 09:57:25','COMPLETED',470,470,45),(471,'471',timestamp '2016-04-30 08:57:14','471',timestamp '2016-04-30 08:57:14','COMPLETED',471,471,12),(472,'472',timestamp '2006-12-17 10:47:33','472',timestamp '2006-12-17 10:47:33','COMPLETED',472,472,56),(473,'473',timestamp '2008-12-05 10:05:54','473',timestamp '2008-12-05 10:05:54','SHIPPING',473,473,48),(474,'474',timestamp '2013-12-16 10:24:42','474',timestamp '2013-12-16 10:24:42','SHIPPING',474,474,48),(475,'475',timestamp '2003-01-11 10:11:39','475',timestamp '2003-01-11 10:11:39','COMPLETED',475,475,51),(476,'476',timestamp '2012-11-10 11:00:52','476',timestamp '2012-11-10 11:00:52','COMPLETED',476,476,5),(477,'477',timestamp '2005-05-18 09:27:17','477',timestamp '2005-05-18 09:27:17','COMPLETED',477,477,30),(478,'478',timestamp '1997-11-26 09:27:25','478',timestamp '1997-11-26 09:27:25','COMPLETED',478,478,11),(479,'479',timestamp '1998-08-01 09:38:52','479',timestamp '1998-08-01 09:38:52','COMPLETED',479,479,37),(480,'480',timestamp '1997-03-21 08:46:35','480',timestamp '1997-03-21 08:46:35','COMPLETED',480,480,21),(481,'481',timestamp '1993-07-09 11:13:40','481',timestamp '1993-07-09 11:13:40','COMPLETED',481,481,30),(482,'482',timestamp '2018-02-07 10:59:14','482',timestamp '2018-02-07 10:59:14','COMPLETED',482,482,3),(483,'483',timestamp '2000-08-09 10:32:33','483',timestamp '2000-08-09 10:32:33','COMPLETED',483,483,13),(484,'484',timestamp '2011-02-26 10:43:24','484',timestamp '2011-02-26 10:43:24','SHIPPING',484,484,10),(485,'485',timestamp '2015-04-27 11:07:31','485',timestamp '2015-04-27 11:07:31','COMPLETED',485,485,59),(486,'486',timestamp '2004-12-28 10:10:40','486',timestamp '2004-12-28 10:10:40','COMPLETED',486,486,22),(487,'487',timestamp '2014-10-25 08:56:48','487',timestamp '2014-10-25 08:56:48','COMPLETED',487,487,43),(488,'488',timestamp '2006-11-01 11:08:00','488',timestamp '2006-11-01 11:08:00','COMPLETED',488,488,47),(489,'489',timestamp '2013-04-25 10:42:40','489',timestamp '2013-04-25 10:42:40','COMPLETED',489,489,33),(490,'490',timestamp '2003-08-22 10:48:10','490',timestamp '2003-08-22 10:48:10','COMPLETED',490,490,32),(491,'491',timestamp '2015-10-05 09:02:31','491',timestamp '2015-10-05 09:02:31','COMPLETED',491,491,34),(492,'492',timestamp '1994-09-14 10:13:23','492',timestamp '1994-09-14 10:13:23','COMPLETED',492,492,40),(493,'493',timestamp '2015-12-06 10:18:54','493',timestamp '2015-12-06 10:18:54','SHIPPING',493,493,56),(494,'494',timestamp '2002-09-28 10:34:09','494',timestamp '2002-09-28 10:34:09','COMPLETED',494,494,37),(495,'495',timestamp '2008-03-08 10:22:13','495',timestamp '2008-03-08 10:22:13','SHIPPING',495,495,26),(496,'496',timestamp '2011-08-23 10:34:51','496',timestamp '2011-08-23 10:34:51','SHIPPING',496,496,63),(497,'497',timestamp '1994-06-23 10:25:40','497',timestamp '1994-06-23 10:25:40','COMPLETED',497,497,22),(498,'498',timestamp '2005-03-24 09:58:38','498',timestamp '2005-03-24 09:58:38','SHIPPING',498,498,23),(499,'499',timestamp '2015-05-26 10:41:38','499',timestamp '2015-05-26 10:41:38','COMPLETED',499,499,35),(500,'500',timestamp '2006-04-14 09:15:01','500',timestamp '2006-04-14 09:15:01','COMPLETED',500,500,28);

INSERT INTO item (id,created_by,created_date,last_modified_by,last_modified_date,quantity,book_id) VALUES (201,'1',timestamp '2005-02-16 10:01:22','1',timestamp '2005-02-16 10:01:22',3,576),(202,'1',timestamp '2005-02-16 10:01:22','1',timestamp '2005-02-16 10:01:22',3,860),(203,'1',timestamp '2003-03-18 09:53:18','1',timestamp '2003-03-18 09:53:18',3,710),(204,'1',timestamp '2003-03-18 09:53:18','1',timestamp '2003-03-18 09:53:18',3,748),(205,'1',timestamp '2000-10-05 09:40:33','1',timestamp '2000-10-05 09:40:33',4,4),(206,'1',timestamp '2000-10-05 09:40:33','1',timestamp '2000-10-05 09:40:33',4,234),(207,'1',timestamp '1994-02-11 10:12:49','1',timestamp '1994-02-11 10:12:49',2,903),(208,'1',timestamp '1994-02-11 10:12:49','1',timestamp '1994-02-11 10:12:49',2,237),(209,'1',timestamp '1994-02-11 10:12:49','1',timestamp '1994-02-11 10:12:49',1,283),(210,'1',timestamp '2018-09-13 09:50:38','1',timestamp '2018-09-13 09:50:38',1,622),(211,'1',timestamp '2018-09-13 09:50:38','1',timestamp '2018-09-13 09:50:38',4,14),(212,'1',timestamp '2018-09-13 09:50:38','1',timestamp '2018-09-13 09:50:38',4,213),(213,'1',timestamp '1996-02-14 09:08:26','1',timestamp '1996-02-14 09:08:26',1,58),(214,'1',timestamp '1996-02-14 09:08:26','1',timestamp '1996-02-14 09:08:26',1,908),(215,'1',timestamp '2008-12-29 10:19:09','1',timestamp '2008-12-29 10:19:09',2,310),(216,'1',timestamp '2004-06-30 09:20:21','1',timestamp '2004-06-30 09:20:21',1,940),(217,'1',timestamp '2004-06-30 09:20:21','1',timestamp '2004-06-30 09:20:21',2,165),(218,'1',timestamp '2016-01-19 08:52:34','1',timestamp '2016-01-19 08:52:34',1,189),(219,'1',timestamp '2016-01-19 08:52:34','1',timestamp '2016-01-19 08:52:34',2,624),(220,'1',timestamp '2016-09-15 09:10:09','1',timestamp '2016-09-15 09:10:09',4,682),(221,'1',timestamp '2016-09-15 09:10:09','1',timestamp '2016-09-15 09:10:09',2,283),(222,'1',timestamp '2017-09-27 09:37:56','1',timestamp '2017-09-27 09:37:56',4,371),(223,'1',timestamp '2017-09-27 09:37:56','1',timestamp '2017-09-27 09:37:56',2,743),(224,'1',timestamp '1994-05-13 10:05:11','1',timestamp '1994-05-13 10:05:11',3,166),(225,'1',timestamp '2013-04-01 09:05:22','1',timestamp '2013-04-01 09:05:22',2,255),(226,'1',timestamp '2013-04-01 09:05:22','1',timestamp '2013-04-01 09:05:22',4,288),(227,'1',timestamp '2013-04-01 09:05:22','1',timestamp '2013-04-01 09:05:22',3,632),(228,'1',timestamp '2015-01-08 11:02:55','1',timestamp '2015-01-08 11:02:55',4,19),(229,'1',timestamp '2015-01-08 11:02:55','1',timestamp '2015-01-08 11:02:55',2,216),(230,'1',timestamp '2001-12-05 08:42:14','1',timestamp '2001-12-05 08:42:14',4,152),(231,'1',timestamp '2015-02-12 10:42:20','1',timestamp '2015-02-12 10:42:20',1,255),(232,'1',timestamp '2015-02-12 10:42:20','1',timestamp '2015-02-12 10:42:20',2,625),(233,'1',timestamp '2010-06-22 08:28:45','1',timestamp '2010-06-22 08:28:45',3,943),(234,'1',timestamp '2007-09-29 08:35:58','1',timestamp '2007-09-29 08:35:58',3,959),(235,'1',timestamp '1994-05-11 10:54:11','1',timestamp '1994-05-11 10:54:11',2,14),(236,'1',timestamp '1994-05-11 10:54:11','1',timestamp '1994-05-11 10:54:11',2,364),(237,'1',timestamp '1995-01-25 09:15:19','1',timestamp '1995-01-25 09:15:19',1,870),(238,'1',timestamp '1995-01-25 09:15:19','1',timestamp '1995-01-25 09:15:19',2,786),(239,'1',timestamp '1999-04-05 10:12:43','1',timestamp '1999-04-05 10:12:43',2,837),(240,'1',timestamp '2003-11-09 10:28:33','1',timestamp '2003-11-09 10:28:33',2,443),(241,'1',timestamp '2003-11-09 10:28:33','1',timestamp '2003-11-09 10:28:33',2,713),(242,'1',timestamp '1995-05-09 10:03:14','1',timestamp '1995-05-09 10:03:14',1,103),(243,'1',timestamp '1995-05-09 10:03:14','1',timestamp '1995-05-09 10:03:14',2,813),(244,'1',timestamp '1995-07-12 08:46:45','1',timestamp '1995-07-12 08:46:45',2,326),(245,'1',timestamp '1995-07-12 08:46:45','1',timestamp '1995-07-12 08:46:45',1,625),(246,'1',timestamp '1998-02-09 10:36:48','1',timestamp '1998-02-09 10:36:48',1,935),(247,'1',timestamp '1998-02-09 10:36:48','1',timestamp '1998-02-09 10:36:48',3,991),(248,'1',timestamp '1993-08-31 11:02:46','1',timestamp '1993-08-31 11:02:46',4,850),(249,'1',timestamp '1993-08-31 11:02:46','1',timestamp '1993-08-31 11:02:46',1,905),(250,'1',timestamp '1995-08-08 09:41:55','1',timestamp '1995-08-08 09:41:55',2,814),(251,'1',timestamp '2011-10-12 08:44:34','1',timestamp '2011-10-12 08:44:34',1,399),(252,'1',timestamp '2011-04-05 09:06:59','1',timestamp '2011-04-05 09:06:59',2,626),(253,'1',timestamp '2011-04-05 09:06:59','1',timestamp '2011-04-05 09:06:59',4,425),(254,'1',timestamp '2011-04-05 09:06:59','1',timestamp '2011-04-05 09:06:59',2,89),(255,'1',timestamp '2005-12-11 09:55:22','1',timestamp '2005-12-11 09:55:22',2,520),(256,'1',timestamp '2005-12-11 09:55:22','1',timestamp '2005-12-11 09:55:22',4,800),(257,'1',timestamp '2020-01-13 08:33:25','1',timestamp '2020-01-13 08:33:25',2,745),(258,'1',timestamp '2020-01-13 08:33:25','1',timestamp '2020-01-13 08:33:25',2,409),(259,'1',timestamp '1993-08-07 09:13:46','1',timestamp '1993-08-07 09:13:46',2,187),(260,'1',timestamp '1993-08-07 09:13:46','1',timestamp '1993-08-07 09:13:46',2,983),(261,'1',timestamp '1993-08-07 09:13:46','1',timestamp '1993-08-07 09:13:46',3,710),(262,'1',timestamp '2007-07-20 09:45:07','1',timestamp '2007-07-20 09:45:07',4,573),(263,'1',timestamp '2013-12-22 08:43:20','1',timestamp '2013-12-22 08:43:20',3,652),(264,'1',timestamp '2013-12-22 08:43:20','1',timestamp '2013-12-22 08:43:20',2,832),(265,'1',timestamp '2009-08-23 10:10:07','1',timestamp '2009-08-23 10:10:07',1,450),(266,'1',timestamp '2003-11-12 10:24:57','1',timestamp '2003-11-12 10:24:57',1,928),(267,'1',timestamp '2005-04-22 10:57:23','1',timestamp '2005-04-22 10:57:23',2,677),(268,'1',timestamp '2005-04-22 10:57:23','1',timestamp '2005-04-22 10:57:23',3,329),(269,'1',timestamp '2005-05-03 10:08:11','1',timestamp '2005-05-03 10:08:11',3,897),(270,'1',timestamp '2005-05-03 10:08:11','1',timestamp '2005-05-03 10:08:11',4,312),(271,'1',timestamp '2005-05-03 10:08:11','1',timestamp '2005-05-03 10:08:11',4,147),(272,'1',timestamp '2015-09-24 08:41:22','1',timestamp '2015-09-24 08:41:22',2,951),(273,'1',timestamp '2015-09-24 08:41:22','1',timestamp '2015-09-24 08:41:22',2,328),(274,'1',timestamp '2013-09-27 09:41:02','1',timestamp '2013-09-27 09:41:02',1,219),(275,'1',timestamp '2013-09-27 09:41:02','1',timestamp '2013-09-27 09:41:02',3,870),(276,'1',timestamp '2005-11-13 09:25:15','1',timestamp '2005-11-13 09:25:15',2,159),(277,'1',timestamp '2005-11-13 09:25:15','1',timestamp '2005-11-13 09:25:15',2,256),(278,'1',timestamp '1997-07-19 09:50:58','1',timestamp '1997-07-19 09:50:58',2,292),(279,'1',timestamp '1997-07-19 09:50:58','1',timestamp '1997-07-19 09:50:58',4,30),(280,'1',timestamp '2009-06-11 09:32:26','1',timestamp '2009-06-11 09:32:26',2,284),(281,'1',timestamp '2009-06-11 09:32:26','1',timestamp '2009-06-11 09:32:26',3,3),(282,'1',timestamp '2009-10-26 08:56:15','1',timestamp '2009-10-26 08:56:15',4,184),(283,'1',timestamp '2018-10-09 10:26:19','1',timestamp '2018-10-09 10:26:19',4,722),(284,'1',timestamp '2013-05-21 10:36:36','1',timestamp '2013-05-21 10:36:36',2,117),(285,'1',timestamp '2013-05-21 10:36:36','1',timestamp '2013-05-21 10:36:36',2,43),(286,'1',timestamp '2009-11-25 10:17:52','1',timestamp '2009-11-25 10:17:52',2,361),(287,'1',timestamp '2009-11-25 10:17:52','1',timestamp '2009-11-25 10:17:52',2,705),(288,'1',timestamp '2016-01-10 10:44:51','1',timestamp '2016-01-10 10:44:51',4,162),(289,'1',timestamp '2016-01-10 10:44:51','1',timestamp '2016-01-10 10:44:51',3,589),(290,'1',timestamp '1995-05-13 09:38:36','1',timestamp '1995-05-13 09:38:36',3,355),(291,'1',timestamp '1995-05-13 09:38:36','1',timestamp '1995-05-13 09:38:36',4,421),(292,'1',timestamp '1995-05-13 09:38:36','1',timestamp '1995-05-13 09:38:36',2,894),(293,'1',timestamp '2007-09-03 10:15:22','1',timestamp '2007-09-03 10:15:22',4,409),(294,'1',timestamp '2007-09-03 10:15:22','1',timestamp '2007-09-03 10:15:22',2,806),(295,'1',timestamp '2007-09-03 10:15:22','1',timestamp '2007-09-03 10:15:22',2,361),(296,'1',timestamp '2014-11-01 09:59:11','1',timestamp '2014-11-01 09:59:11',1,520),(297,'1',timestamp '2014-11-01 09:59:11','1',timestamp '2014-11-01 09:59:11',3,443),(298,'1',timestamp '1998-09-21 09:58:12','1',timestamp '1998-09-21 09:58:12',1,500),(299,'1',timestamp '1998-09-21 09:58:12','1',timestamp '1998-09-21 09:58:12',3,997),(300,'1',timestamp '2008-12-09 09:03:56','1',timestamp '2008-12-09 09:03:56',3,128),(301,'1',timestamp '2008-12-09 09:03:56','1',timestamp '2008-12-09 09:03:56',2,264),(302,'1',timestamp '2001-03-24 10:03:22','1',timestamp '2001-03-24 10:03:22',2,691),(303,'1',timestamp '2001-03-24 10:03:22','1',timestamp '2001-03-24 10:03:22',3,384),(304,'1',timestamp '1994-12-08 10:57:35','1',timestamp '1994-12-08 10:57:35',2,490),(305,'1',timestamp '1994-12-08 10:57:35','1',timestamp '1994-12-08 10:57:35',4,560),(306,'1',timestamp '2010-11-04 08:49:03','1',timestamp '2010-11-04 08:49:03',1,670),(307,'1',timestamp '2010-11-04 08:49:03','1',timestamp '2010-11-04 08:49:03',3,107),(308,'1',timestamp '2008-03-22 10:23:20','1',timestamp '2008-03-22 10:23:20',3,763),(309,'1',timestamp '2008-03-22 10:23:20','1',timestamp '2008-03-22 10:23:20',3,854),(310,'1',timestamp '2005-04-20 10:13:05','1',timestamp '2005-04-20 10:13:05',1,661),(311,'1',timestamp '2005-04-20 10:13:05','1',timestamp '2005-04-20 10:13:05',2,875),(312,'1',timestamp '2012-03-28 10:41:40','1',timestamp '2012-03-28 10:41:40',1,58),(313,'1',timestamp '2012-03-28 10:41:40','1',timestamp '2012-03-28 10:41:40',3,608),(314,'1',timestamp '1994-10-07 09:05:20','1',timestamp '1994-10-07 09:05:20',3,90),(315,'1',timestamp '1994-10-07 09:05:20','1',timestamp '1994-10-07 09:05:20',1,364),(316,'1',timestamp '2012-05-24 10:19:06','1',timestamp '2012-05-24 10:19:06',2,119),(317,'1',timestamp '2000-04-05 09:02:35','1',timestamp '2000-04-05 09:02:35',4,630),(318,'1',timestamp '2000-04-05 09:02:35','1',timestamp '2000-04-05 09:02:35',4,286),(319,'1',timestamp '2000-04-05 09:02:35','1',timestamp '2000-04-05 09:02:35',3,188),(320,'1',timestamp '1995-08-21 10:45:10','1',timestamp '1995-08-21 10:45:10',2,567),(321,'1',timestamp '1995-08-21 10:45:10','1',timestamp '1995-08-21 10:45:10',2,599),(322,'1',timestamp '2004-03-29 09:17:05','1',timestamp '2004-03-29 09:17:05',4,702),(323,'1',timestamp '2004-03-29 09:17:05','1',timestamp '2004-03-29 09:17:05',4,371),(324,'1',timestamp '2015-09-23 08:43:33','1',timestamp '2015-09-23 08:43:33',3,428),(325,'1',timestamp '2015-09-23 08:43:33','1',timestamp '2015-09-23 08:43:33',3,326),(326,'1',timestamp '2005-12-14 08:44:23','1',timestamp '2005-12-14 08:44:23',3,985),(327,'1',timestamp '2005-12-14 08:44:23','1',timestamp '2005-12-14 08:44:23',3,918),(328,'1',timestamp '1998-04-09 09:42:17','1',timestamp '1998-04-09 09:42:17',3,902),(329,'1',timestamp '1998-04-09 09:42:17','1',timestamp '1998-04-09 09:42:17',2,612),(330,'1',timestamp '1994-12-14 08:51:28','1',timestamp '1994-12-14 08:51:28',2,507),(331,'1',timestamp '1994-12-14 08:51:28','1',timestamp '1994-12-14 08:51:28',2,387),(332,'1',timestamp '2009-12-18 10:12:16','1',timestamp '2009-12-18 10:12:16',3,608),(333,'1',timestamp '2009-12-18 10:12:16','1',timestamp '2009-12-18 10:12:16',3,605),(334,'1',timestamp '2012-07-25 09:16:46','1',timestamp '2012-07-25 09:16:46',2,174),(335,'1',timestamp '2012-07-25 09:16:46','1',timestamp '2012-07-25 09:16:46',2,552),(336,'1',timestamp '2004-10-21 09:35:53','1',timestamp '2004-10-21 09:35:53',4,737),(337,'1',timestamp '1993-05-19 09:11:19','1',timestamp '1993-05-19 09:11:19',2,589),(338,'1',timestamp '1993-05-19 09:11:19','1',timestamp '1993-05-19 09:11:19',2,618),(339,'1',timestamp '2002-07-27 09:41:09','1',timestamp '2002-07-27 09:41:09',1,469),(340,'1',timestamp '1993-06-01 08:50:15','1',timestamp '1993-06-01 08:50:15',3,404),(341,'1',timestamp '1993-06-01 08:50:15','1',timestamp '1993-06-01 08:50:15',1,11),(342,'1',timestamp '1997-04-29 10:55:12','1',timestamp '1997-04-29 10:55:12',1,616),(343,'1',timestamp '1997-04-29 10:55:12','1',timestamp '1997-04-29 10:55:12',2,167),(344,'1',timestamp '1997-04-29 10:55:12','1',timestamp '1997-04-29 10:55:12',4,360),(345,'1',timestamp '2017-04-22 08:33:00','1',timestamp '2017-04-22 08:33:00',3,791),(346,'1',timestamp '2017-04-22 08:33:00','1',timestamp '2017-04-22 08:33:00',2,789),(347,'1',timestamp '2017-04-22 08:33:00','1',timestamp '2017-04-22 08:33:00',2,957),(348,'1',timestamp '2012-09-30 09:32:38','1',timestamp '2012-09-30 09:32:38',1,621),(349,'1',timestamp '2012-09-30 09:32:38','1',timestamp '2012-09-30 09:32:38',3,999),(350,'1',timestamp '2012-09-30 09:32:38','1',timestamp '2012-09-30 09:32:38',2,694),(351,'1',timestamp '2011-12-22 10:53:03','1',timestamp '2011-12-22 10:53:03',3,661),(352,'1',timestamp '2011-12-22 10:53:03','1',timestamp '2011-12-22 10:53:03',2,479),(353,'1',timestamp '2011-12-22 10:53:03','1',timestamp '2011-12-22 10:53:03',4,225),(354,'1',timestamp '2012-01-11 09:35:43','1',timestamp '2012-01-11 09:35:43',3,208),(355,'1',timestamp '2012-01-11 09:35:43','1',timestamp '2012-01-11 09:35:43',1,23),(356,'1',timestamp '2012-01-11 09:35:43','1',timestamp '2012-01-11 09:35:43',1,889),(357,'1',timestamp '2018-12-15 08:43:13','1',timestamp '2018-12-15 08:43:13',1,891),(358,'1',timestamp '1999-11-22 10:26:44','1',timestamp '1999-11-22 10:26:44',4,4),(359,'1',timestamp '1999-11-22 10:26:44','1',timestamp '1999-11-22 10:26:44',1,743),(360,'1',timestamp '2010-01-30 09:23:35','1',timestamp '2010-01-30 09:23:35',1,656),(361,'1',timestamp '2006-12-31 10:09:04','1',timestamp '2006-12-31 10:09:04',4,950),(362,'1',timestamp '2007-07-02 10:05:01','1',timestamp '2007-07-02 10:05:01',3,843),(363,'1',timestamp '2007-07-02 10:05:01','1',timestamp '2007-07-02 10:05:01',3,127),(364,'1',timestamp '1997-04-04 08:59:03','1',timestamp '1997-04-04 08:59:03',3,348),(365,'1',timestamp '1997-04-04 08:59:03','1',timestamp '1997-04-04 08:59:03',3,128),(366,'1',timestamp '1997-04-04 08:59:03','1',timestamp '1997-04-04 08:59:03',4,615),(367,'1',timestamp '2017-05-23 10:59:14','1',timestamp '2017-05-23 10:59:14',3,436),(368,'1',timestamp '2017-05-23 10:59:14','1',timestamp '2017-05-23 10:59:14',3,502),(369,'1',timestamp '1996-10-02 10:20:33','1',timestamp '1996-10-02 10:20:33',1,57),(370,'1',timestamp '1996-10-02 10:20:33','1',timestamp '1996-10-02 10:20:33',4,10),(371,'1',timestamp '1996-10-02 10:20:33','1',timestamp '1996-10-02 10:20:33',2,749),(372,'1',timestamp '1995-10-18 09:47:38','1',timestamp '1995-10-18 09:47:38',1,468),(373,'1',timestamp '1995-10-18 09:47:38','1',timestamp '1995-10-18 09:47:38',3,564),(374,'1',timestamp '1996-05-12 10:23:07','1',timestamp '1996-05-12 10:23:07',3,577),(375,'1',timestamp '1996-05-12 10:23:07','1',timestamp '1996-05-12 10:23:07',2,205),(376,'1',timestamp '2003-07-11 08:51:14','1',timestamp '2003-07-11 08:51:14',1,142),(377,'1',timestamp '2018-10-01 08:52:05','1',timestamp '2018-10-01 08:52:05',2,214),(378,'1',timestamp '2007-01-31 10:08:57','1',timestamp '2007-01-31 10:08:57',4,87),(379,'1',timestamp '2007-01-31 10:08:57','1',timestamp '2007-01-31 10:08:57',4,632),(380,'1',timestamp '2011-04-21 10:49:41','1',timestamp '2011-04-21 10:49:41',2,936),(381,'1',timestamp '2006-12-04 10:02:11','1',timestamp '2006-12-04 10:02:11',4,393),(382,'1',timestamp '2006-12-04 10:02:11','1',timestamp '2006-12-04 10:02:11',3,359),(383,'1',timestamp '2009-10-21 08:48:53','1',timestamp '2009-10-21 08:48:53',2,418),(384,'1',timestamp '2009-10-21 08:48:53','1',timestamp '2009-10-21 08:48:53',4,434),(385,'1',timestamp '2009-10-21 08:48:53','1',timestamp '2009-10-21 08:48:53',4,511),(386,'1',timestamp '1998-05-31 09:40:18','1',timestamp '1998-05-31 09:40:18',3,313),(387,'1',timestamp '2015-05-05 09:09:58','1',timestamp '2015-05-05 09:09:58',1,836),(388,'1',timestamp '2015-05-05 09:09:58','1',timestamp '2015-05-05 09:09:58',3,373),(389,'1',timestamp '2015-05-05 09:09:58','1',timestamp '2015-05-05 09:09:58',3,97),(390,'1',timestamp '2018-07-01 10:10:36','1',timestamp '2018-07-01 10:10:36',4,107),(391,'1',timestamp '2018-07-01 10:10:36','1',timestamp '2018-07-01 10:10:36',2,228),(392,'1',timestamp '1993-05-25 11:10:23','1',timestamp '1993-05-25 11:10:23',1,653),(393,'1',timestamp '2001-12-31 09:24:52','1',timestamp '2001-12-31 09:24:52',4,520),(394,'1',timestamp '2001-12-31 09:24:52','1',timestamp '2001-12-31 09:24:52',3,337),(395,'1',timestamp '2001-12-31 09:24:52','1',timestamp '2001-12-31 09:24:52',3,666),(396,'1',timestamp '1999-04-08 09:03:07','1',timestamp '1999-04-08 09:03:07',2,543),(397,'1',timestamp '1999-04-08 09:03:07','1',timestamp '1999-04-08 09:03:07',3,330),(398,'1',timestamp '2001-03-26 11:05:25','1',timestamp '2001-03-26 11:05:25',2,685),(399,'1',timestamp '2001-03-26 11:05:25','1',timestamp '2001-03-26 11:05:25',2,623),(400,'1',timestamp '2001-03-26 11:05:25','1',timestamp '2001-03-26 11:05:25',3,433),(401,'1',timestamp '2007-05-20 08:56:09','1',timestamp '2007-05-20 08:56:09',2,345),(402,'1',timestamp '1997-11-27 10:56:38','1',timestamp '1997-11-27 10:56:38',2,385),(403,'1',timestamp '1996-09-20 10:52:36','1',timestamp '1996-09-20 10:52:36',2,353),(404,'1',timestamp '2009-05-02 10:04:02','1',timestamp '2009-05-02 10:04:02',2,928),(405,'1',timestamp '2009-05-02 10:04:02','1',timestamp '2009-05-02 10:04:02',2,626),(406,'1',timestamp '2015-11-22 08:55:51','1',timestamp '2015-11-22 08:55:51',2,266),(407,'1',timestamp '2015-11-22 08:55:51','1',timestamp '2015-11-22 08:55:51',2,168),(408,'1',timestamp '2004-02-28 11:00:56','1',timestamp '2004-02-28 11:00:56',2,809),(409,'1',timestamp '2004-02-28 11:00:56','1',timestamp '2004-02-28 11:00:56',4,983),(410,'1',timestamp '2013-10-07 08:35:52','1',timestamp '2013-10-07 08:35:52',3,738),(411,'1',timestamp '2013-10-07 08:35:52','1',timestamp '2013-10-07 08:35:52',3,703),(412,'1',timestamp '2013-10-07 08:35:52','1',timestamp '2013-10-07 08:35:52',1,622),(413,'1',timestamp '1997-04-14 10:52:29','1',timestamp '1997-04-14 10:52:29',4,464),(414,'1',timestamp '2009-11-29 10:49:32','1',timestamp '2009-11-29 10:49:32',3,462),(415,'1',timestamp '2009-11-29 10:49:32','1',timestamp '2009-11-29 10:49:32',3,284),(416,'1',timestamp '2013-03-31 08:38:11','1',timestamp '2013-03-31 08:38:11',2,347),(417,'1',timestamp '2013-03-31 08:38:11','1',timestamp '2013-03-31 08:38:11',4,54),(418,'1',timestamp '2016-06-28 08:39:11','1',timestamp '2016-06-28 08:39:11',4,494),(419,'1',timestamp '1997-05-17 09:04:14','1',timestamp '1997-05-17 09:04:14',4,507),(420,'1',timestamp '1997-05-17 09:04:14','1',timestamp '1997-05-17 09:04:14',1,101),(421,'1',timestamp '2020-01-29 10:05:31','1',timestamp '2020-01-29 10:05:31',3,90),(422,'1',timestamp '2010-12-06 09:30:15','1',timestamp '2010-12-06 09:30:15',1,97),(423,'1',timestamp '2010-12-06 09:30:15','1',timestamp '2010-12-06 09:30:15',2,848),(424,'1',timestamp '2010-04-01 10:42:46','1',timestamp '2010-04-01 10:42:46',4,216),(425,'1',timestamp '2010-04-01 10:42:46','1',timestamp '2010-04-01 10:42:46',3,763),(426,'1',timestamp '2010-04-01 10:42:46','1',timestamp '2010-04-01 10:42:46',3,941),(427,'1',timestamp '2006-05-27 10:59:09','1',timestamp '2006-05-27 10:59:09',4,225),(428,'1',timestamp '2010-11-12 09:56:05','1',timestamp '2010-11-12 09:56:05',3,849),(429,'1',timestamp '2010-11-12 09:56:05','1',timestamp '2010-11-12 09:56:05',2,227),(430,'1',timestamp '2010-11-12 09:56:05','1',timestamp '2010-11-12 09:56:05',4,431),(431,'1',timestamp '2013-06-03 11:00:31','1',timestamp '2013-06-03 11:00:31',2,783),(432,'1',timestamp '2013-06-03 11:00:31','1',timestamp '2013-06-03 11:00:31',1,538),(433,'1',timestamp '2013-06-03 11:00:31','1',timestamp '2013-06-03 11:00:31',3,923),(434,'1',timestamp '2007-12-01 10:34:21','1',timestamp '2007-12-01 10:34:21',1,13),(435,'1',timestamp '2007-12-01 10:34:21','1',timestamp '2007-12-01 10:34:21',3,783),(436,'1',timestamp '2005-11-29 09:52:10','1',timestamp '2005-11-29 09:52:10',2,536),(437,'1',timestamp '2005-11-29 09:52:10','1',timestamp '2005-11-29 09:52:10',2,95),(438,'1',timestamp '2005-11-29 09:52:10','1',timestamp '2005-11-29 09:52:10',3,174),(439,'1',timestamp '1998-04-08 09:29:14','1',timestamp '1998-04-08 09:29:14',3,422),(440,'1',timestamp '1998-04-08 09:29:14','1',timestamp '1998-04-08 09:29:14',1,469),(441,'1',timestamp '2010-09-25 08:41:34','1',timestamp '2010-09-25 08:41:34',1,785),(442,'1',timestamp '2010-09-25 08:41:34','1',timestamp '2010-09-25 08:41:34',3,987),(443,'1',timestamp '2013-04-25 08:36:12','1',timestamp '2013-04-25 08:36:12',3,548),(444,'1',timestamp '2006-06-22 11:05:13','1',timestamp '2006-06-22 11:05:13',2,389),(445,'1',timestamp '2006-06-22 11:05:13','1',timestamp '2006-06-22 11:05:13',2,779),(446,'1',timestamp '2002-04-06 10:01:11','1',timestamp '2002-04-06 10:01:11',2,481),(447,'1',timestamp '2000-03-11 09:48:16','1',timestamp '2000-03-11 09:48:16',4,267),(448,'1',timestamp '2000-03-11 09:48:16','1',timestamp '2000-03-11 09:48:16',2,783),(449,'1',timestamp '2019-01-06 10:46:04','1',timestamp '2019-01-06 10:46:04',3,139),(450,'1',timestamp '2019-01-06 10:46:04','1',timestamp '2019-01-06 10:46:04',3,224),(451,'1',timestamp '2019-01-06 10:46:04','1',timestamp '2019-01-06 10:46:04',1,249),(452,'1',timestamp '2018-11-30 10:04:26','1',timestamp '2018-11-30 10:04:26',3,246),(453,'1',timestamp '2018-11-30 10:04:26','1',timestamp '2018-11-30 10:04:26',4,847),(454,'1',timestamp '1995-11-30 09:27:03','1',timestamp '1995-11-30 09:27:03',2,108),(455,'1',timestamp '2013-05-02 09:15:33','1',timestamp '2013-05-02 09:15:33',3,285),(456,'1',timestamp '2013-05-02 09:15:33','1',timestamp '2013-05-02 09:15:33',1,655),(457,'1',timestamp '2015-07-08 10:09:21','1',timestamp '2015-07-08 10:09:21',3,205),(458,'1',timestamp '2015-07-08 10:09:21','1',timestamp '2015-07-08 10:09:21',2,843),(459,'1',timestamp '2002-11-20 09:01:27','1',timestamp '2002-11-20 09:01:27',4,51),(460,'1',timestamp '2002-11-20 09:01:27','1',timestamp '2002-11-20 09:01:27',4,826),(461,'1',timestamp '2010-08-23 09:24:51','1',timestamp '2010-08-23 09:24:51',1,604),(462,'1',timestamp '2010-08-23 09:24:51','1',timestamp '2010-08-23 09:24:51',2,966),(463,'1',timestamp '2016-01-13 09:47:15','1',timestamp '2016-01-13 09:47:15',4,621),(464,'1',timestamp '2016-01-13 09:47:15','1',timestamp '2016-01-13 09:47:15',4,598),(465,'1',timestamp '2001-08-10 09:24:40','1',timestamp '2001-08-10 09:24:40',3,649),(466,'1',timestamp '2001-08-10 09:24:40','1',timestamp '2001-08-10 09:24:40',2,884),(467,'1',timestamp '1999-01-25 09:07:20','1',timestamp '1999-01-25 09:07:20',1,785),(468,'1',timestamp '1999-01-25 09:07:20','1',timestamp '1999-01-25 09:07:20',1,489),(469,'1',timestamp '2016-12-29 09:52:22','1',timestamp '2016-12-29 09:52:22',3,435),(470,'1',timestamp '2016-12-29 09:52:22','1',timestamp '2016-12-29 09:52:22',1,229),(471,'1',timestamp '2012-12-04 08:41:38','1',timestamp '2012-12-04 08:41:38',2,819),(472,'1',timestamp '2014-03-19 10:36:47','1',timestamp '2014-03-19 10:36:47',4,909),(473,'1',timestamp '2014-03-19 10:36:47','1',timestamp '2014-03-19 10:36:47',3,345),(474,'1',timestamp '2009-10-26 10:04:02','1',timestamp '2009-10-26 10:04:02',2,904),(475,'1',timestamp '1998-01-06 11:05:22','1',timestamp '1998-01-06 11:05:22',1,397),(476,'1',timestamp '1998-01-06 11:05:22','1',timestamp '1998-01-06 11:05:22',2,96),(477,'1',timestamp '2006-07-31 10:42:58','1',timestamp '2006-07-31 10:42:58',1,603),(478,'1',timestamp '2006-07-31 10:42:58','1',timestamp '2006-07-31 10:42:58',1,428),(479,'1',timestamp '2000-02-13 10:01:43','1',timestamp '2000-02-13 10:01:43',2,568),(480,'1',timestamp '2000-02-13 10:01:43','1',timestamp '2000-02-13 10:01:43',4,329),(481,'1',timestamp '2004-08-21 09:20:14','1',timestamp '2004-08-21 09:20:14',2,333),(482,'1',timestamp '2010-03-10 10:47:02','1',timestamp '2010-03-10 10:47:02',2,898),(483,'1',timestamp '2010-03-10 10:47:02','1',timestamp '2010-03-10 10:47:02',2,621),(484,'1',timestamp '2010-03-10 10:47:02','1',timestamp '2010-03-10 10:47:02',2,982),(485,'1',timestamp '2005-08-10 08:43:58','1',timestamp '2005-08-10 08:43:58',2,798),(486,'1',timestamp '2005-08-10 08:43:58','1',timestamp '2005-08-10 08:43:58',2,334),(487,'1',timestamp '2005-08-10 08:43:58','1',timestamp '2005-08-10 08:43:58',4,82),(488,'1',timestamp '2011-04-02 09:14:42','1',timestamp '2011-04-02 09:14:42',1,873),(489,'1',timestamp '2011-04-02 09:14:42','1',timestamp '2011-04-02 09:14:42',3,526),(490,'1',timestamp '1997-03-09 08:35:45','1',timestamp '1997-03-09 08:35:45',2,948),(491,'1',timestamp '1997-03-09 08:35:45','1',timestamp '1997-03-09 08:35:45',2,997),(492,'1',timestamp '2004-04-22 09:38:37','1',timestamp '2004-04-22 09:38:37',3,282),(493,'1',timestamp '1998-12-07 11:01:56','1',timestamp '1998-12-07 11:01:56',3,984),(494,'1',timestamp '1998-09-04 10:37:09','1',timestamp '1998-09-04 10:37:09',4,183),(495,'1',timestamp '2001-07-04 08:34:26','1',timestamp '2001-07-04 08:34:26',3,441),(496,'1',timestamp '2001-07-04 08:34:26','1',timestamp '2001-07-04 08:34:26',1,309),(497,'1',timestamp '2012-08-27 10:12:39','1',timestamp '2012-08-27 10:12:39',3,807),(498,'1',timestamp '2007-05-31 08:52:12','1',timestamp '2007-05-31 08:52:12',3,362),(499,'1',timestamp '2007-05-31 08:52:12','1',timestamp '2007-05-31 08:52:12',2,373),(500,'1',timestamp '2008-12-13 08:44:01','1',timestamp '2008-12-13 08:44:01',4,768),(501,'1',timestamp '2008-12-13 08:44:01','1',timestamp '2008-12-13 08:44:01',2,938),(502,'1',timestamp '2011-05-05 08:54:16','1',timestamp '2011-05-05 08:54:16',1,2),(503,'1',timestamp '2011-05-05 08:54:16','1',timestamp '2011-05-05 08:54:16',1,767),(504,'1',timestamp '1997-11-01 10:44:32','1',timestamp '1997-11-01 10:44:32',3,600),(505,'1',timestamp '1997-11-01 10:44:32','1',timestamp '1997-11-01 10:44:32',1,87),(506,'1',timestamp '1998-11-30 10:24:47','1',timestamp '1998-11-30 10:24:47',4,245),(507,'1',timestamp '1998-11-30 10:24:47','1',timestamp '1998-11-30 10:24:47',2,899),(508,'1',timestamp '2012-01-03 09:07:41','1',timestamp '2012-01-03 09:07:41',2,632),(509,'1',timestamp '2009-09-15 11:11:16','1',timestamp '2009-09-15 11:11:16',4,593),(510,'1',timestamp '2009-09-15 11:11:16','1',timestamp '2009-09-15 11:11:16',2,173),(511,'1',timestamp '1998-09-29 08:34:53','1',timestamp '1998-09-29 08:34:53',2,908),(512,'1',timestamp '1998-09-29 08:34:53','1',timestamp '1998-09-29 08:34:53',4,644),(513,'1',timestamp '2009-04-18 08:57:50','1',timestamp '2009-04-18 08:57:50',1,123),(514,'1',timestamp '2012-03-14 09:49:24','1',timestamp '2012-03-14 09:49:24',3,522),(515,'1',timestamp '2012-03-14 09:49:24','1',timestamp '2012-03-14 09:49:24',4,834),(516,'1',timestamp '2012-03-14 09:49:24','1',timestamp '2012-03-14 09:49:24',3,597),(517,'1',timestamp '2014-12-08 10:02:00','1',timestamp '2014-12-08 10:02:00',3,904),(518,'1',timestamp '2014-12-08 10:02:00','1',timestamp '2014-12-08 10:02:00',4,340),(519,'1',timestamp '2005-05-08 09:13:13','1',timestamp '2005-05-08 09:13:13',2,232),(520,'1',timestamp '2005-05-08 09:13:13','1',timestamp '2005-05-08 09:13:13',3,711),(521,'1',timestamp '2009-11-04 08:40:41','1',timestamp '2009-11-04 08:40:41',2,91),(522,'1',timestamp '2001-06-19 10:05:02','1',timestamp '2001-06-19 10:05:02',2,446),(523,'1',timestamp '2001-06-19 10:05:02','1',timestamp '2001-06-19 10:05:02',3,924),(524,'1',timestamp '1999-08-28 09:03:41','1',timestamp '1999-08-28 09:03:41',3,766),(525,'1',timestamp '1999-08-28 09:03:41','1',timestamp '1999-08-28 09:03:41',2,1000),(526,'1',timestamp '2018-09-26 10:46:38','1',timestamp '2018-09-26 10:46:38',3,38),(527,'1',timestamp '2018-09-26 10:46:38','1',timestamp '2018-09-26 10:46:38',4,85),(528,'1',timestamp '1995-07-02 09:56:39','1',timestamp '1995-07-02 09:56:39',2,639),(529,'1',timestamp '2018-07-29 10:33:49','1',timestamp '2018-07-29 10:33:49',3,290),(530,'1',timestamp '2018-07-29 10:33:49','1',timestamp '2018-07-29 10:33:49',1,780),(531,'1',timestamp '2006-01-26 11:05:14','1',timestamp '2006-01-26 11:05:14',3,901),(532,'1',timestamp '2006-01-26 11:05:14','1',timestamp '2006-01-26 11:05:14',4,104),(533,'1',timestamp '2018-08-04 08:41:29','1',timestamp '2018-08-04 08:41:29',2,719),(534,'1',timestamp '2018-08-04 08:41:29','1',timestamp '2018-08-04 08:41:29',3,254),(535,'1',timestamp '2018-08-04 08:41:29','1',timestamp '2018-08-04 08:41:29',3,745),(536,'1',timestamp '1995-05-11 09:01:09','1',timestamp '1995-05-11 09:01:09',2,988),(537,'1',timestamp '1998-06-02 10:43:15','1',timestamp '1998-06-02 10:43:15',4,433),(538,'1',timestamp '1998-06-02 10:43:15','1',timestamp '1998-06-02 10:43:15',2,697),(539,'1',timestamp '1998-06-02 10:43:15','1',timestamp '1998-06-02 10:43:15',3,535),(540,'1',timestamp '2009-06-28 08:49:21','1',timestamp '2009-06-28 08:49:21',3,425),(541,'1',timestamp '2009-06-28 08:49:21','1',timestamp '2009-06-28 08:49:21',4,800),(542,'1',timestamp '2003-11-27 10:28:27','1',timestamp '2003-11-27 10:28:27',4,721),(543,'1',timestamp '2003-11-27 10:28:27','1',timestamp '2003-11-27 10:28:27',2,859),(544,'1',timestamp '2018-04-12 09:41:56','1',timestamp '2018-04-12 09:41:56',4,828),(545,'1',timestamp '2018-04-12 09:41:56','1',timestamp '2018-04-12 09:41:56',3,356),(546,'1',timestamp '2014-10-24 11:11:16','1',timestamp '2014-10-24 11:11:16',2,862),(547,'1',timestamp '2006-11-12 08:42:12','1',timestamp '2006-11-12 08:42:12',4,333),(548,'1',timestamp '2006-11-12 08:42:12','1',timestamp '2006-11-12 08:42:12',3,767),(549,'1',timestamp '1996-02-05 10:12:06','1',timestamp '1996-02-05 10:12:06',3,992),(550,'1',timestamp '1996-02-05 10:12:06','1',timestamp '1996-02-05 10:12:06',1,912),(551,'1',timestamp '2012-12-22 10:45:55','1',timestamp '2012-12-22 10:45:55',3,66),(552,'1',timestamp '2012-12-22 10:45:55','1',timestamp '2012-12-22 10:45:55',3,276),(553,'1',timestamp '1996-11-25 09:54:21','1',timestamp '1996-11-25 09:54:21',3,691),(554,'1',timestamp '1996-11-25 09:54:21','1',timestamp '1996-11-25 09:54:21',3,152),(555,'1',timestamp '2012-09-17 09:29:02','1',timestamp '2012-09-17 09:29:02',1,161),(556,'1',timestamp '2013-11-27 10:13:26','1',timestamp '2013-11-27 10:13:26',2,60),(557,'1',timestamp '2013-11-27 10:13:26','1',timestamp '2013-11-27 10:13:26',1,207),(558,'1',timestamp '2010-04-20 08:45:02','1',timestamp '2010-04-20 08:45:02',3,720),(559,'1',timestamp '1999-07-27 10:45:06','1',timestamp '1999-07-27 10:45:06',2,656),(560,'1',timestamp '1999-07-27 10:45:06','1',timestamp '1999-07-27 10:45:06',4,430),(561,'1',timestamp '2018-06-03 09:32:53','1',timestamp '2018-06-03 09:32:53',3,188),(562,'1',timestamp '2018-06-03 09:32:53','1',timestamp '2018-06-03 09:32:53',4,419),(563,'1',timestamp '1998-08-16 08:28:56','1',timestamp '1998-08-16 08:28:56',2,735),(564,'1',timestamp '1998-08-16 08:28:56','1',timestamp '1998-08-16 08:28:56',2,520),(565,'1',timestamp '1998-08-16 08:28:56','1',timestamp '1998-08-16 08:28:56',4,249),(566,'1',timestamp '2011-07-01 10:19:35','1',timestamp '2011-07-01 10:19:35',2,855),(567,'1',timestamp '2011-07-01 10:19:35','1',timestamp '2011-07-01 10:19:35',1,184),(568,'1',timestamp '2011-07-01 10:19:35','1',timestamp '2011-07-01 10:19:35',3,735),(569,'1',timestamp '1999-12-14 09:44:16','1',timestamp '1999-12-14 09:44:16',3,408),(570,'1',timestamp '1999-12-14 09:44:16','1',timestamp '1999-12-14 09:44:16',3,991),(571,'1',timestamp '2018-11-15 10:29:40','1',timestamp '2018-11-15 10:29:40',2,282),(572,'1',timestamp '2018-11-15 10:29:40','1',timestamp '2018-11-15 10:29:40',3,716),(573,'1',timestamp '2018-11-15 10:29:40','1',timestamp '2018-11-15 10:29:40',2,171),(574,'1',timestamp '1997-12-23 09:42:07','1',timestamp '1997-12-23 09:42:07',2,351),(575,'1',timestamp '1997-12-23 09:42:07','1',timestamp '1997-12-23 09:42:07',3,287),(576,'1',timestamp '1997-12-23 09:42:07','1',timestamp '1997-12-23 09:42:07',2,153),(577,'1',timestamp '2006-10-26 08:36:12','1',timestamp '2006-10-26 08:36:12',1,153),(578,'1',timestamp '2006-10-26 08:36:12','1',timestamp '2006-10-26 08:36:12',2,614),(579,'1',timestamp '2019-05-03 10:28:00','1',timestamp '2019-05-03 10:28:00',2,376),(580,'1',timestamp '2008-05-09 10:47:58','1',timestamp '2008-05-09 10:47:58',3,666),(581,'1',timestamp '2008-05-09 10:47:58','1',timestamp '2008-05-09 10:47:58',4,71),(582,'1',timestamp '2008-05-09 10:47:58','1',timestamp '2008-05-09 10:47:58',3,644),(583,'1',timestamp '2016-01-22 10:05:25','1',timestamp '2016-01-22 10:05:25',3,799),(584,'1',timestamp '2016-01-22 10:05:25','1',timestamp '2016-01-22 10:05:25',4,367),(585,'1',timestamp '1994-06-11 09:04:59','1',timestamp '1994-06-11 09:04:59',1,788),(586,'1',timestamp '1994-06-11 09:04:59','1',timestamp '1994-06-11 09:04:59',3,191),(587,'1',timestamp '2005-07-22 09:08:14','1',timestamp '2005-07-22 09:08:14',3,453),(588,'1',timestamp '2005-07-22 09:08:14','1',timestamp '2005-07-22 09:08:14',3,369),(589,'1',timestamp '2010-06-21 09:28:08','1',timestamp '2010-06-21 09:28:08',3,801),(590,'1',timestamp '2010-06-21 09:28:08','1',timestamp '2010-06-21 09:28:08',3,781),(591,'1',timestamp '1999-12-11 09:58:59','1',timestamp '1999-12-11 09:58:59',3,27),(592,'1',timestamp '1999-12-11 09:58:59','1',timestamp '1999-12-11 09:58:59',4,87),(593,'1',timestamp '2002-10-20 09:47:27','1',timestamp '2002-10-20 09:47:27',3,553),(594,'1',timestamp '2002-10-20 09:47:27','1',timestamp '2002-10-20 09:47:27',1,663),(595,'1',timestamp '2001-03-24 11:05:24','1',timestamp '2001-03-24 11:05:24',2,977),(596,'1',timestamp '2001-03-24 11:05:24','1',timestamp '2001-03-24 11:05:24',2,889),(597,'1',timestamp '1999-08-18 08:49:39','1',timestamp '1999-08-18 08:49:39',3,749),(598,'1',timestamp '1999-08-18 08:49:39','1',timestamp '1999-08-18 08:49:39',4,606),(599,'1',timestamp '2009-06-14 09:23:32','1',timestamp '2009-06-14 09:23:32',2,24),(600,'1',timestamp '2009-06-14 09:23:32','1',timestamp '2009-06-14 09:23:32',2,288),(601,'1',timestamp '2009-06-14 09:23:32','1',timestamp '2009-06-14 09:23:32',4,373),(602,'1',timestamp '2018-05-26 08:37:51','1',timestamp '2018-05-26 08:37:51',3,595),(603,'1',timestamp '2005-04-20 08:40:39','1',timestamp '2005-04-20 08:40:39',2,64),(604,'1',timestamp '2005-04-20 08:40:39','1',timestamp '2005-04-20 08:40:39',1,660),(605,'1',timestamp '1997-06-19 10:20:27','1',timestamp '1997-06-19 10:20:27',1,334),(606,'1',timestamp '1997-06-19 10:20:27','1',timestamp '1997-06-19 10:20:27',2,520),(607,'1',timestamp '2002-03-06 10:42:55','1',timestamp '2002-03-06 10:42:55',4,738),(608,'1',timestamp '2002-03-06 10:42:55','1',timestamp '2002-03-06 10:42:55',4,728),(609,'1',timestamp '2015-04-20 08:59:47','1',timestamp '2015-04-20 08:59:47',3,393),(610,'1',timestamp '2015-04-20 08:59:47','1',timestamp '2015-04-20 08:59:47',2,185),(611,'1',timestamp '2015-04-20 08:59:47','1',timestamp '2015-04-20 08:59:47',2,581),(612,'1',timestamp '2004-02-09 11:09:23','1',timestamp '2004-02-09 11:09:23',1,755),(613,'1',timestamp '2004-02-09 11:09:23','1',timestamp '2004-02-09 11:09:23',1,27),(614,'1',timestamp '2009-02-03 08:39:45','1',timestamp '2009-02-03 08:39:45',3,240),(615,'1',timestamp '2009-02-03 08:39:45','1',timestamp '2009-02-03 08:39:45',1,700),(616,'1',timestamp '2009-02-03 08:39:45','1',timestamp '2009-02-03 08:39:45',2,192),(617,'1',timestamp '2016-06-30 09:25:46','1',timestamp '2016-06-30 09:25:46',3,224),(618,'1',timestamp '2016-06-30 09:25:46','1',timestamp '2016-06-30 09:25:46',1,682),(619,'1',timestamp '2001-08-24 11:02:56','1',timestamp '2001-08-24 11:02:56',1,188),(620,'1',timestamp '2001-08-24 11:02:56','1',timestamp '2001-08-24 11:02:56',2,666),(621,'1',timestamp '2004-08-31 11:13:07','1',timestamp '2004-08-31 11:13:07',1,961),(622,'1',timestamp '2004-08-31 11:13:07','1',timestamp '2004-08-31 11:13:07',1,211),(623,'1',timestamp '2004-08-31 11:13:07','1',timestamp '2004-08-31 11:13:07',3,375),(624,'1',timestamp '2013-03-21 10:21:18','1',timestamp '2013-03-21 10:21:18',3,482),(625,'1',timestamp '1994-08-28 10:49:18','1',timestamp '1994-08-28 10:49:18',2,750),(626,'1',timestamp '1996-01-18 10:43:35','1',timestamp '1996-01-18 10:43:35',4,628),(627,'1',timestamp '1996-01-18 10:43:35','1',timestamp '1996-01-18 10:43:35',3,364),(628,'1',timestamp '2015-01-05 10:18:41','1',timestamp '2015-01-05 10:18:41',3,654),(629,'1',timestamp '2015-01-05 10:18:41','1',timestamp '2015-01-05 10:18:41',1,280),(630,'1',timestamp '2012-09-08 10:10:20','1',timestamp '2012-09-08 10:10:20',1,121),(631,'1',timestamp '2012-09-08 10:10:20','1',timestamp '2012-09-08 10:10:20',3,261),(632,'1',timestamp '2012-09-08 10:10:20','1',timestamp '2012-09-08 10:10:20',1,597),(633,'1',timestamp '2017-07-05 10:50:12','1',timestamp '2017-07-05 10:50:12',1,730),(634,'1',timestamp '2017-07-05 10:50:12','1',timestamp '2017-07-05 10:50:12',2,346),(635,'1',timestamp '2017-07-05 10:50:12','1',timestamp '2017-07-05 10:50:12',2,4),(636,'1',timestamp '2005-09-07 09:48:18','1',timestamp '2005-09-07 09:48:18',4,804),(637,'1',timestamp '2012-12-18 09:28:24','1',timestamp '2012-12-18 09:28:24',1,937),(638,'1',timestamp '2012-12-18 09:28:24','1',timestamp '2012-12-18 09:28:24',1,264),(639,'1',timestamp '2000-06-04 09:03:36','1',timestamp '2000-06-04 09:03:36',1,418),(640,'1',timestamp '2000-06-04 09:03:36','1',timestamp '2000-06-04 09:03:36',3,979),(641,'1',timestamp '2000-06-04 09:03:36','1',timestamp '2000-06-04 09:03:36',3,420),(642,'1',timestamp '2013-03-06 11:01:35','1',timestamp '2013-03-06 11:01:35',3,179),(643,'1',timestamp '2013-03-06 11:01:35','1',timestamp '2013-03-06 11:01:35',2,229),(644,'1',timestamp '2011-03-22 08:50:05','1',timestamp '2011-03-22 08:50:05',4,494),(645,'1',timestamp '2011-03-22 08:50:05','1',timestamp '2011-03-22 08:50:05',3,394),(646,'1',timestamp '1997-01-05 08:32:59','1',timestamp '1997-01-05 08:32:59',4,714),(647,'1',timestamp '2017-06-02 09:30:55','1',timestamp '2017-06-02 09:30:55',4,904),(648,'1',timestamp '2017-06-02 09:30:55','1',timestamp '2017-06-02 09:30:55',2,329),(649,'1',timestamp '2017-04-18 10:36:34','1',timestamp '2017-04-18 10:36:34',3,122),(650,'1',timestamp '2017-04-18 10:36:34','1',timestamp '2017-04-18 10:36:34',1,913),(651,'1',timestamp '2018-12-25 10:41:38','1',timestamp '2018-12-25 10:41:38',4,895),(652,'1',timestamp '2018-12-25 10:41:38','1',timestamp '2018-12-25 10:41:38',3,916),(653,'1',timestamp '2005-05-02 10:06:32','1',timestamp '2005-05-02 10:06:32',2,893),(654,'1',timestamp '2005-05-02 10:06:32','1',timestamp '2005-05-02 10:06:32',3,928),(655,'1',timestamp '1994-06-08 09:09:21','1',timestamp '1994-06-08 09:09:21',1,532),(656,'1',timestamp '1994-06-08 09:09:21','1',timestamp '1994-06-08 09:09:21',2,943),(657,'1',timestamp '1997-10-04 09:32:32','1',timestamp '1997-10-04 09:32:32',2,106),(658,'1',timestamp '1999-08-22 09:33:22','1',timestamp '1999-08-22 09:33:22',3,13),(659,'1',timestamp '1999-08-22 09:33:22','1',timestamp '1999-08-22 09:33:22',1,14),(660,'1',timestamp '2013-02-17 09:03:43','1',timestamp '2013-02-17 09:03:43',2,550),(661,'1',timestamp '2013-02-17 09:03:43','1',timestamp '2013-02-17 09:03:43',2,790),(662,'1',timestamp '2013-02-17 09:03:43','1',timestamp '2013-02-17 09:03:43',3,239),(663,'1',timestamp '1998-04-26 09:21:59','1',timestamp '1998-04-26 09:21:59',2,29),(664,'1',timestamp '1998-04-26 09:21:59','1',timestamp '1998-04-26 09:21:59',2,452),(665,'1',timestamp '1997-10-03 08:30:43','1',timestamp '1997-10-03 08:30:43',4,386),(666,'1',timestamp '1997-10-03 08:30:43','1',timestamp '1997-10-03 08:30:43',2,14),(667,'1',timestamp '1999-12-30 08:41:07','1',timestamp '1999-12-30 08:41:07',4,655),(668,'1',timestamp '1999-12-30 08:41:07','1',timestamp '1999-12-30 08:41:07',1,241),(669,'1',timestamp '2018-05-10 09:01:08','1',timestamp '2018-05-10 09:01:08',3,470),(670,'1',timestamp '2008-09-26 08:38:23','1',timestamp '2008-09-26 08:38:23',1,374),(671,'1',timestamp '2008-09-26 08:38:23','1',timestamp '2008-09-26 08:38:23',2,410),(672,'1',timestamp '2001-08-05 10:01:57','1',timestamp '2001-08-05 10:01:57',3,959),(673,'1',timestamp '2010-05-23 10:26:36','1',timestamp '2010-05-23 10:26:36',2,294),(674,'1',timestamp '2010-05-23 10:26:36','1',timestamp '2010-05-23 10:26:36',2,512),(675,'1',timestamp '2001-04-20 11:02:30','1',timestamp '2001-04-20 11:02:30',2,853),(676,'1',timestamp '2001-04-20 11:02:30','1',timestamp '2001-04-20 11:02:30',2,955),(677,'1',timestamp '2012-12-10 10:20:16','1',timestamp '2012-12-10 10:20:16',3,227),(678,'1',timestamp '2008-10-25 09:28:43','1',timestamp '2008-10-25 09:28:43',2,449),(679,'1',timestamp '2008-10-08 10:39:40','1',timestamp '2008-10-08 10:39:40',2,444),(680,'1',timestamp '2008-10-08 10:39:40','1',timestamp '2008-10-08 10:39:40',4,668),(681,'1',timestamp '1993-03-18 10:59:38','1',timestamp '1993-03-18 10:59:38',3,68),(682,'1',timestamp '1993-03-18 10:59:38','1',timestamp '1993-03-18 10:59:38',3,150),(683,'1',timestamp '1993-03-18 10:59:38','1',timestamp '1993-03-18 10:59:38',2,475),(684,'1',timestamp '2005-08-04 10:43:39','1',timestamp '2005-08-04 10:43:39',4,542),(685,'1',timestamp '2005-08-04 10:43:39','1',timestamp '2005-08-04 10:43:39',3,881),(686,'1',timestamp '2007-04-25 09:06:52','1',timestamp '2007-04-25 09:06:52',2,943),(687,'1',timestamp '2007-04-25 09:06:52','1',timestamp '2007-04-25 09:06:52',2,141),(688,'1',timestamp '1997-06-13 10:59:08','1',timestamp '1997-06-13 10:59:08',1,606),(689,'1',timestamp '1997-06-13 10:59:08','1',timestamp '1997-06-13 10:59:08',2,135),(690,'1',timestamp '1997-06-13 10:59:08','1',timestamp '1997-06-13 10:59:08',4,456),(691,'1',timestamp '2008-02-22 08:38:44','1',timestamp '2008-02-22 08:38:44',2,23),(692,'1',timestamp '2008-02-22 08:38:44','1',timestamp '2008-02-22 08:38:44',3,926),(693,'1',timestamp '2008-04-21 09:52:25','1',timestamp '2008-04-21 09:52:25',3,34),(694,'1',timestamp '2008-04-21 09:52:25','1',timestamp '2008-04-21 09:52:25',2,567),(695,'1',timestamp '2008-04-21 09:52:25','1',timestamp '2008-04-21 09:52:25',2,381),(696,'1',timestamp '2010-08-24 09:40:24','1',timestamp '2010-08-24 09:40:24',4,382),(697,'1',timestamp '2010-08-24 09:40:24','1',timestamp '2010-08-24 09:40:24',2,587),(698,'1',timestamp '2017-08-17 10:26:48','1',timestamp '2017-08-17 10:26:48',2,29),(699,'1',timestamp '2017-08-17 10:26:48','1',timestamp '2017-08-17 10:26:48',4,925),(700,'1',timestamp '2009-08-09 08:59:50','1',timestamp '2009-08-09 08:59:50',4,488),(701,'1',timestamp '2009-08-09 08:59:50','1',timestamp '2009-08-09 08:59:50',3,229),(702,'1',timestamp '1993-10-15 08:54:11','1',timestamp '1993-10-15 08:54:11',2,494),(703,'1',timestamp '2016-11-26 09:02:11','1',timestamp '2016-11-26 09:02:11',3,913),(704,'1',timestamp '2016-11-26 09:02:11','1',timestamp '2016-11-26 09:02:11',3,579),(705,'1',timestamp '1996-05-23 10:40:34','1',timestamp '1996-05-23 10:40:34',3,931),(706,'1',timestamp '2008-11-08 10:46:33','1',timestamp '2008-11-08 10:46:33',4,768),(707,'1',timestamp '2008-11-08 10:46:33','1',timestamp '2008-11-08 10:46:33',3,946),(708,'1',timestamp '2014-09-01 10:53:26','1',timestamp '2014-09-01 10:53:26',3,619),(709,'1',timestamp '2012-11-07 11:13:03','1',timestamp '2012-11-07 11:13:03',4,298),(710,'1',timestamp '2012-11-07 11:13:03','1',timestamp '2012-11-07 11:13:03',4,391),(711,'1',timestamp '2012-09-30 09:20:44','1',timestamp '2012-09-30 09:20:44',3,146),(712,'1',timestamp '2012-09-30 09:20:44','1',timestamp '2012-09-30 09:20:44',2,916),(713,'1',timestamp '2016-11-18 08:40:44','1',timestamp '2016-11-18 08:40:44',3,881),(714,'1',timestamp '2016-11-18 08:40:44','1',timestamp '2016-11-18 08:40:44',2,75),(715,'1',timestamp '2013-05-11 08:33:42','1',timestamp '2013-05-11 08:33:42',2,849),(716,'1',timestamp '2013-05-11 08:33:42','1',timestamp '2013-05-11 08:33:42',1,320),(717,'1',timestamp '2016-02-05 10:52:10','1',timestamp '2016-02-05 10:52:10',2,149),(718,'1',timestamp '2017-12-14 10:40:52','1',timestamp '2017-12-14 10:40:52',4,195),(719,'1',timestamp '2017-12-14 10:40:52','1',timestamp '2017-12-14 10:40:52',4,834),(720,'1',timestamp '2010-11-18 10:38:12','1',timestamp '2010-11-18 10:38:12',3,21),(721,'1',timestamp '2010-11-18 10:38:12','1',timestamp '2010-11-18 10:38:12',1,226),(722,'1',timestamp '2011-11-24 08:57:57','1',timestamp '2011-11-24 08:57:57',2,117),(723,'1',timestamp '2005-03-01 09:13:06','1',timestamp '2005-03-01 09:13:06',3,921),(724,'1',timestamp '2005-03-01 09:13:06','1',timestamp '2005-03-01 09:13:06',2,501),(725,'1',timestamp '2005-03-01 09:13:06','1',timestamp '2005-03-01 09:13:06',2,867),(726,'1',timestamp '2010-05-24 09:13:50','1',timestamp '2010-05-24 09:13:50',2,247),(727,'1',timestamp '2010-05-24 09:13:50','1',timestamp '2010-05-24 09:13:50',3,423),(728,'1',timestamp '2014-10-11 09:09:09','1',timestamp '2014-10-11 09:09:09',3,187),(729,'1',timestamp '2014-10-11 09:09:09','1',timestamp '2014-10-11 09:09:09',2,277),(730,'1',timestamp '1995-06-17 09:23:53','1',timestamp '1995-06-17 09:23:53',2,825),(731,'1',timestamp '1995-06-17 09:23:53','1',timestamp '1995-06-17 09:23:53',3,199),(732,'1',timestamp '2010-02-23 09:21:13','1',timestamp '2010-02-23 09:21:13',4,706),(733,'1',timestamp '2010-02-23 09:21:13','1',timestamp '2010-02-23 09:21:13',3,15),(734,'1',timestamp '2018-12-30 11:05:04','1',timestamp '2018-12-30 11:05:04',2,47),(735,'1',timestamp '2018-12-30 11:05:04','1',timestamp '2018-12-30 11:05:04',2,569),(736,'1',timestamp '2018-12-30 11:05:04','1',timestamp '2018-12-30 11:05:04',2,32),(737,'1',timestamp '1996-12-01 10:06:45','1',timestamp '1996-12-01 10:06:45',4,612),(738,'1',timestamp '1996-12-01 10:06:45','1',timestamp '1996-12-01 10:06:45',4,880),(739,'1',timestamp '2005-06-16 09:42:43','1',timestamp '2005-06-16 09:42:43',4,129),(740,'1',timestamp '2005-06-16 09:42:43','1',timestamp '2005-06-16 09:42:43',3,74),(741,'1',timestamp '2006-04-07 10:17:03','1',timestamp '2006-04-07 10:17:03',2,766),(742,'1',timestamp '2006-04-07 10:17:03','1',timestamp '2006-04-07 10:17:03',3,638),(743,'1',timestamp '2006-04-07 10:17:03','1',timestamp '2006-04-07 10:17:03',3,355),(744,'1',timestamp '2010-11-14 11:07:47','1',timestamp '2010-11-14 11:07:47',1,865),(745,'1',timestamp '2010-11-14 11:07:47','1',timestamp '2010-11-14 11:07:47',2,352),(746,'1',timestamp '2010-11-14 11:07:47','1',timestamp '2010-11-14 11:07:47',3,114),(747,'1',timestamp '2004-02-29 10:35:54','1',timestamp '2004-02-29 10:35:54',1,776),(748,'1',timestamp '2004-02-29 10:35:54','1',timestamp '2004-02-29 10:35:54',3,384),(749,'1',timestamp '2005-10-09 09:05:22','1',timestamp '2005-10-09 09:05:22',3,503),(750,'1',timestamp '2005-10-09 09:05:22','1',timestamp '2005-10-09 09:05:22',2,752),(751,'1',timestamp '2000-04-17 09:03:37','1',timestamp '2000-04-17 09:03:37',2,91),(752,'1',timestamp '2000-04-17 09:03:37','1',timestamp '2000-04-17 09:03:37',1,750),(753,'1',timestamp '2018-08-28 09:47:38','1',timestamp '2018-08-28 09:47:38',2,182),(754,'1',timestamp '2018-08-28 09:47:38','1',timestamp '2018-08-28 09:47:38',2,659),(755,'1',timestamp '2018-01-14 08:46:42','1',timestamp '2018-01-14 08:46:42',3,382),(756,'1',timestamp '2018-01-14 08:46:42','1',timestamp '2018-01-14 08:46:42',1,903),(757,'1',timestamp '2018-01-14 08:46:42','1',timestamp '2018-01-14 08:46:42',2,808),(758,'1',timestamp '1997-12-19 09:58:58','1',timestamp '1997-12-19 09:58:58',2,805),(759,'1',timestamp '1997-12-19 09:58:58','1',timestamp '1997-12-19 09:58:58',4,894),(760,'1',timestamp '2002-07-17 08:53:02','1',timestamp '2002-07-17 08:53:02',2,982),(761,'1',timestamp '2002-07-17 08:53:02','1',timestamp '2002-07-17 08:53:02',3,540),(762,'1',timestamp '2002-07-17 08:53:02','1',timestamp '2002-07-17 08:53:02',1,223),(763,'1',timestamp '2001-09-02 10:07:45','1',timestamp '2001-09-02 10:07:45',1,974),(764,'1',timestamp '2001-09-02 10:07:45','1',timestamp '2001-09-02 10:07:45',1,591),(765,'1',timestamp '2001-12-16 10:55:19','1',timestamp '2001-12-16 10:55:19',2,764),(766,'1',timestamp '2001-12-16 10:55:19','1',timestamp '2001-12-16 10:55:19',3,489),(767,'1',timestamp '1994-07-24 08:45:14','1',timestamp '1994-07-24 08:45:14',2,58),(768,'1',timestamp '1994-07-24 08:45:14','1',timestamp '1994-07-24 08:45:14',3,179),(769,'1',timestamp '2003-07-25 08:37:41','1',timestamp '2003-07-25 08:37:41',4,315),(770,'1',timestamp '2003-07-25 08:37:41','1',timestamp '2003-07-25 08:37:41',2,264),(771,'1',timestamp '2003-07-25 08:37:41','1',timestamp '2003-07-25 08:37:41',3,126),(772,'1',timestamp '1996-04-07 10:04:24','1',timestamp '1996-04-07 10:04:24',2,807),(773,'1',timestamp '1996-04-07 10:04:24','1',timestamp '1996-04-07 10:04:24',1,101),(774,'1',timestamp '2002-12-04 09:18:30','1',timestamp '2002-12-04 09:18:30',2,661),(775,'1',timestamp '2002-12-04 09:18:30','1',timestamp '2002-12-04 09:18:30',3,411),(776,'1',timestamp '1993-03-16 10:43:48','1',timestamp '1993-03-16 10:43:48',1,286),(777,'1',timestamp '1993-03-16 10:43:48','1',timestamp '1993-03-16 10:43:48',3,775),(778,'1',timestamp '2015-02-19 10:52:08','1',timestamp '2015-02-19 10:52:08',3,923),(779,'1',timestamp '2015-02-19 10:52:08','1',timestamp '2015-02-19 10:52:08',2,733),(780,'1',timestamp '2010-08-16 09:00:13','1',timestamp '2010-08-16 09:00:13',2,509),(781,'1',timestamp '2010-08-16 09:00:13','1',timestamp '2010-08-16 09:00:13',3,182),(782,'1',timestamp '2005-10-31 10:06:57','1',timestamp '2005-10-31 10:06:57',2,185),(783,'1',timestamp '2005-10-31 10:06:57','1',timestamp '2005-10-31 10:06:57',4,836),(784,'1',timestamp '2019-12-27 10:54:49','1',timestamp '2019-12-27 10:54:49',2,777),(785,'1',timestamp '2019-12-27 10:54:49','1',timestamp '2019-12-27 10:54:49',1,387),(786,'1',timestamp '2001-11-19 09:53:28','1',timestamp '2001-11-19 09:53:28',1,6),(787,'1',timestamp '2008-06-11 10:58:31','1',timestamp '2008-06-11 10:58:31',1,518),(788,'1',timestamp '2008-06-11 10:58:31','1',timestamp '2008-06-11 10:58:31',2,607),(789,'1',timestamp '2008-06-11 10:58:31','1',timestamp '2008-06-11 10:58:31',1,736),(790,'1',timestamp '2009-04-25 08:29:28','1',timestamp '2009-04-25 08:29:28',1,942),(791,'1',timestamp '2009-04-25 08:29:28','1',timestamp '2009-04-25 08:29:28',1,194),(792,'1',timestamp '2003-02-19 11:10:18','1',timestamp '2003-02-19 11:10:18',2,952),(793,'1',timestamp '2003-02-19 11:10:18','1',timestamp '2003-02-19 11:10:18',4,622),(794,'1',timestamp '2003-02-19 11:10:18','1',timestamp '2003-02-19 11:10:18',3,948),(795,'1',timestamp '2017-03-23 08:50:50','1',timestamp '2017-03-23 08:50:50',4,947),(796,'1',timestamp '1994-08-01 11:00:51','1',timestamp '1994-08-01 11:00:51',4,966),(797,'1',timestamp '1994-08-01 11:00:51','1',timestamp '1994-08-01 11:00:51',2,490),(798,'1',timestamp '1998-04-02 08:36:15','1',timestamp '1998-04-02 08:36:15',4,621),(799,'1',timestamp '1998-04-02 08:36:15','1',timestamp '1998-04-02 08:36:15',3,806),(800,'1',timestamp '2018-09-09 08:36:40','1',timestamp '2018-09-09 08:36:40',3,735),(801,'1',timestamp '2018-09-09 08:36:40','1',timestamp '2018-09-09 08:36:40',2,296),(802,'1',timestamp '1996-02-29 10:21:00','1',timestamp '1996-02-29 10:21:00',3,551),(803,'1',timestamp '1996-02-29 10:21:00','1',timestamp '1996-02-29 10:21:00',3,861),(804,'1',timestamp '1994-04-10 10:31:21','1',timestamp '1994-04-10 10:31:21',1,600),(805,'1',timestamp '1994-04-10 10:31:21','1',timestamp '1994-04-10 10:31:21',1,819),(806,'1',timestamp '2015-05-03 10:13:01','1',timestamp '2015-05-03 10:13:01',4,367),(807,'1',timestamp '2015-05-03 10:13:01','1',timestamp '2015-05-03 10:13:01',3,399),(808,'1',timestamp '2000-04-28 08:58:24','1',timestamp '2000-04-28 08:58:24',1,9),(809,'1',timestamp '2000-04-28 08:58:24','1',timestamp '2000-04-28 08:58:24',4,548),(810,'1',timestamp '2000-04-28 08:58:24','1',timestamp '2000-04-28 08:58:24',4,837),(811,'1',timestamp '2006-04-06 08:53:22','1',timestamp '2006-04-06 08:53:22',1,334),(812,'1',timestamp '2006-04-06 08:53:22','1',timestamp '2006-04-06 08:53:22',3,265),(813,'1',timestamp '2000-03-28 08:32:07','1',timestamp '2000-03-28 08:32:07',4,37),(814,'1',timestamp '2000-03-28 08:32:07','1',timestamp '2000-03-28 08:32:07',2,91),(815,'1',timestamp '1994-12-30 09:30:41','1',timestamp '1994-12-30 09:30:41',1,50),(816,'1',timestamp '1994-12-30 09:30:41','1',timestamp '1994-12-30 09:30:41',3,944),(817,'1',timestamp '1994-12-30 09:30:41','1',timestamp '1994-12-30 09:30:41',2,32),(818,'1',timestamp '2000-10-02 08:53:56','1',timestamp '2000-10-02 08:53:56',2,705),(819,'1',timestamp '2000-10-02 08:53:56','1',timestamp '2000-10-02 08:53:56',3,842),(820,'1',timestamp '2010-10-03 09:07:56','1',timestamp '2010-10-03 09:07:56',2,229),(821,'1',timestamp '2005-07-03 11:04:47','1',timestamp '2005-07-03 11:04:47',2,168),(822,'1',timestamp '2008-08-01 09:56:35','1',timestamp '2008-08-01 09:56:35',2,521),(823,'1',timestamp '2004-04-26 09:48:58','1',timestamp '2004-04-26 09:48:58',2,793),(824,'1',timestamp '2004-04-26 09:48:58','1',timestamp '2004-04-26 09:48:58',4,116),(825,'1',timestamp '1994-09-08 09:02:23','1',timestamp '1994-09-08 09:02:23',4,304),(826,'1',timestamp '1994-09-08 09:02:23','1',timestamp '1994-09-08 09:02:23',3,341),(827,'1',timestamp '1994-09-08 09:02:23','1',timestamp '1994-09-08 09:02:23',3,886),(828,'1',timestamp '2013-06-29 08:55:01','1',timestamp '2013-06-29 08:55:01',2,728),(829,'1',timestamp '2013-06-29 08:55:01','1',timestamp '2013-06-29 08:55:01',4,718),(830,'1',timestamp '2013-06-29 08:55:01','1',timestamp '2013-06-29 08:55:01',3,189),(831,'1',timestamp '2009-08-06 09:48:03','1',timestamp '2009-08-06 09:48:03',1,400),(832,'1',timestamp '2009-08-06 09:48:03','1',timestamp '2009-08-06 09:48:03',4,736),(833,'1',timestamp '2005-03-20 09:45:11','1',timestamp '2005-03-20 09:45:11',1,239),(834,'1',timestamp '2005-03-20 09:45:11','1',timestamp '2005-03-20 09:45:11',3,106),(835,'1',timestamp '1995-05-12 10:05:40','1',timestamp '1995-05-12 10:05:40',1,962),(836,'1',timestamp '1995-05-12 10:05:40','1',timestamp '1995-05-12 10:05:40',2,522),(837,'1',timestamp '1995-05-12 10:05:40','1',timestamp '1995-05-12 10:05:40',2,757),(838,'1',timestamp '1997-08-08 09:32:26','1',timestamp '1997-08-08 09:32:26',1,707),(839,'1',timestamp '1997-08-08 09:32:26','1',timestamp '1997-08-08 09:32:26',1,632),(840,'1',timestamp '1997-09-27 10:00:16','1',timestamp '1997-09-27 10:00:16',2,694),(841,'1',timestamp '1994-09-07 09:55:53','1',timestamp '1994-09-07 09:55:53',3,559),(842,'1',timestamp '2012-11-17 10:35:43','1',timestamp '2012-11-17 10:35:43',2,837),(843,'1',timestamp '2012-11-17 10:35:43','1',timestamp '2012-11-17 10:35:43',1,559),(844,'1',timestamp '2013-12-16 08:48:28','1',timestamp '2013-12-16 08:48:28',2,133),(845,'1',timestamp '2013-12-16 08:48:28','1',timestamp '2013-12-16 08:48:28',2,999),(846,'1',timestamp '2017-04-26 09:13:19','1',timestamp '2017-04-26 09:13:19',1,222),(847,'1',timestamp '2017-04-26 09:13:19','1',timestamp '2017-04-26 09:13:19',3,345),(848,'1',timestamp '2013-01-15 10:45:55','1',timestamp '2013-01-15 10:45:55',2,597),(849,'1',timestamp '2013-01-15 10:45:55','1',timestamp '2013-01-15 10:45:55',3,212),(850,'1',timestamp '2018-05-15 09:06:34','1',timestamp '2018-05-15 09:06:34',2,212),(851,'1',timestamp '2018-05-15 09:06:34','1',timestamp '2018-05-15 09:06:34',3,83),(852,'1',timestamp '2018-05-15 09:06:34','1',timestamp '2018-05-15 09:06:34',4,737),(853,'1',timestamp '2014-03-07 09:53:13','1',timestamp '2014-03-07 09:53:13',4,852),(854,'1',timestamp '2014-03-07 09:53:13','1',timestamp '2014-03-07 09:53:13',3,284),(855,'1',timestamp '2003-03-12 08:54:32','1',timestamp '2003-03-12 08:54:32',2,667),(856,'1',timestamp '2003-01-19 10:46:23','1',timestamp '2003-01-19 10:46:23',1,452),(857,'1',timestamp '2013-05-22 10:53:22','1',timestamp '2013-05-22 10:53:22',2,501),(858,'1',timestamp '2013-05-22 10:53:22','1',timestamp '2013-05-22 10:53:22',1,426),(859,'1',timestamp '2006-08-12 09:05:39','1',timestamp '2006-08-12 09:05:39',3,994),(860,'1',timestamp '2006-08-12 09:05:39','1',timestamp '2006-08-12 09:05:39',2,341),(861,'1',timestamp '2006-08-12 09:05:39','1',timestamp '2006-08-12 09:05:39',1,819),(862,'1',timestamp '2007-11-25 08:41:58','1',timestamp '2007-11-25 08:41:58',2,606),(863,'1',timestamp '2007-11-25 08:41:58','1',timestamp '2007-11-25 08:41:58',3,352),(864,'1',timestamp '2012-03-01 11:00:32','1',timestamp '2012-03-01 11:00:32',4,657),(865,'1',timestamp '2012-03-01 11:00:32','1',timestamp '2012-03-01 11:00:32',3,724),(866,'1',timestamp '2017-02-17 09:28:10','1',timestamp '2017-02-17 09:28:10',1,673),(867,'1',timestamp '1994-06-16 09:37:35','1',timestamp '1994-06-16 09:37:35',1,821),(868,'1',timestamp '1994-06-16 09:37:35','1',timestamp '1994-06-16 09:37:35',2,468),(869,'1',timestamp '1994-11-29 08:51:04','1',timestamp '1994-11-29 08:51:04',2,556),(870,'1',timestamp '2001-10-20 10:09:44','1',timestamp '2001-10-20 10:09:44',4,896),(871,'1',timestamp '2001-10-20 10:09:44','1',timestamp '2001-10-20 10:09:44',4,169),(872,'1',timestamp '2001-10-20 10:09:44','1',timestamp '2001-10-20 10:09:44',3,101),(873,'1',timestamp '2008-06-30 10:43:05','1',timestamp '2008-06-30 10:43:05',2,854),(874,'1',timestamp '2008-06-30 10:43:05','1',timestamp '2008-06-30 10:43:05',3,251),(875,'1',timestamp '2008-06-30 10:43:05','1',timestamp '2008-06-30 10:43:05',2,169),(876,'1',timestamp '2010-06-28 09:23:43','1',timestamp '2010-06-28 09:23:43',2,965),(877,'1',timestamp '1995-01-21 09:08:13','1',timestamp '1995-01-21 09:08:13',1,679),(878,'1',timestamp '1995-01-21 09:08:13','1',timestamp '1995-01-21 09:08:13',4,200),(879,'1',timestamp '2006-07-31 10:02:29','1',timestamp '2006-07-31 10:02:29',1,203),(880,'1',timestamp '2006-07-31 10:02:29','1',timestamp '2006-07-31 10:02:29',3,878),(881,'1',timestamp '2006-07-31 10:02:29','1',timestamp '2006-07-31 10:02:29',3,454),(882,'1',timestamp '2016-08-22 09:44:16','1',timestamp '2016-08-22 09:44:16',2,722),(883,'1',timestamp '2016-08-22 09:44:16','1',timestamp '2016-08-22 09:44:16',3,511),(884,'1',timestamp '2013-05-15 10:06:27','1',timestamp '2013-05-15 10:06:27',3,541),(885,'1',timestamp '2013-05-15 10:06:27','1',timestamp '2013-05-15 10:06:27',3,797),(886,'1',timestamp '2013-05-15 10:06:27','1',timestamp '2013-05-15 10:06:27',3,715),(887,'1',timestamp '2007-04-13 08:40:41','1',timestamp '2007-04-13 08:40:41',4,90),(888,'1',timestamp '2007-04-13 08:40:41','1',timestamp '2007-04-13 08:40:41',2,366),(889,'1',timestamp '2020-01-27 09:04:32','1',timestamp '2020-01-27 09:04:32',2,460),(890,'1',timestamp '2020-01-27 09:04:32','1',timestamp '2020-01-27 09:04:32',2,333),(891,'1',timestamp '2013-11-08 09:47:58','1',timestamp '2013-11-08 09:47:58',2,621),(892,'1',timestamp '2013-11-08 09:47:58','1',timestamp '2013-11-08 09:47:58',3,910),(893,'1',timestamp '2000-07-30 10:17:06','1',timestamp '2000-07-30 10:17:06',2,445),(894,'1',timestamp '2000-07-30 10:17:06','1',timestamp '2000-07-30 10:17:06',2,148),(895,'1',timestamp '2001-07-15 08:56:46','1',timestamp '2001-07-15 08:56:46',2,957),(896,'1',timestamp '2001-07-15 08:56:46','1',timestamp '2001-07-15 08:56:46',2,968),(897,'1',timestamp '2009-11-22 10:52:21','1',timestamp '2009-11-22 10:52:21',2,118),(898,'1',timestamp '2009-11-22 10:52:21','1',timestamp '2009-11-22 10:52:21',3,595),(899,'1',timestamp '2015-01-29 08:28:49','1',timestamp '2015-01-29 08:28:49',4,881),(900,'1',timestamp '2004-04-03 10:12:35','1',timestamp '2004-04-03 10:12:35',2,36),(901,'1',timestamp '2004-04-03 10:12:35','1',timestamp '2004-04-03 10:12:35',1,497),(902,'1',timestamp '2009-01-23 10:47:49','1',timestamp '2009-01-23 10:47:49',3,897),(903,'1',timestamp '2009-01-23 10:47:49','1',timestamp '2009-01-23 10:47:49',1,595),(904,'1',timestamp '2008-09-18 08:38:41','1',timestamp '2008-09-18 08:38:41',4,445),(905,'1',timestamp '2008-09-18 08:38:41','1',timestamp '2008-09-18 08:38:41',3,529),(906,'1',timestamp '2008-09-18 08:38:41','1',timestamp '2008-09-18 08:38:41',3,132),(907,'1',timestamp '2011-07-22 10:26:34','1',timestamp '2011-07-22 10:26:34',4,492),(908,'1',timestamp '2011-07-22 10:26:34','1',timestamp '2011-07-22 10:26:34',2,776),(909,'1',timestamp '2004-08-18 09:30:01','1',timestamp '2004-08-18 09:30:01',2,235),(910,'1',timestamp '2004-08-18 09:30:01','1',timestamp '2004-08-18 09:30:01',3,247),(911,'1',timestamp '2002-03-10 08:41:37','1',timestamp '2002-03-10 08:41:37',3,741),(912,'1',timestamp '2002-03-10 08:41:37','1',timestamp '2002-03-10 08:41:37',2,940),(913,'1',timestamp '1995-09-09 10:42:53','1',timestamp '1995-09-09 10:42:53',3,945),(914,'1',timestamp '1995-09-09 10:42:53','1',timestamp '1995-09-09 10:42:53',2,885),(915,'1',timestamp '2020-01-08 09:45:46','1',timestamp '2020-01-08 09:45:46',4,532),(916,'1',timestamp '2020-01-08 09:45:46','1',timestamp '2020-01-08 09:45:46',2,675),(917,'1',timestamp '2020-01-08 09:45:46','1',timestamp '2020-01-08 09:45:46',3,500),(918,'1',timestamp '2015-05-15 10:26:27','1',timestamp '2015-05-15 10:26:27',3,831),(919,'1',timestamp '2015-05-15 10:26:27','1',timestamp '2015-05-15 10:26:27',3,80),(920,'1',timestamp '2013-12-17 10:49:27','1',timestamp '2013-12-17 10:49:27',2,964),(921,'1',timestamp '1998-11-10 08:42:59','1',timestamp '1998-11-10 08:42:59',2,954),(922,'1',timestamp '1998-11-10 08:42:59','1',timestamp '1998-11-10 08:42:59',2,779),(923,'1',timestamp '2017-10-20 09:38:58','1',timestamp '2017-10-20 09:38:58',4,134),(924,'1',timestamp '2017-10-20 09:38:58','1',timestamp '2017-10-20 09:38:58',3,140),(925,'1',timestamp '2010-05-20 09:33:07','1',timestamp '2010-05-20 09:33:07',4,103),(926,'1',timestamp '2010-05-20 09:33:07','1',timestamp '2010-05-20 09:33:07',2,74),(927,'1',timestamp '2001-08-06 10:14:50','1',timestamp '2001-08-06 10:14:50',1,345),(928,'1',timestamp '2001-08-06 10:14:50','1',timestamp '2001-08-06 10:14:50',1,664),(929,'1',timestamp '2003-08-02 10:54:49','1',timestamp '2003-08-02 10:54:49',3,412),(930,'1',timestamp '2003-08-02 10:54:49','1',timestamp '2003-08-02 10:54:49',2,383),(931,'1',timestamp '2003-08-02 10:54:49','1',timestamp '2003-08-02 10:54:49',3,953),(932,'1',timestamp '2001-07-30 10:48:43','1',timestamp '2001-07-30 10:48:43',3,443),(933,'1',timestamp '2001-07-30 10:48:43','1',timestamp '2001-07-30 10:48:43',2,278),(934,'1',timestamp '1999-02-01 10:08:51','1',timestamp '1999-02-01 10:08:51',4,278),(935,'1',timestamp '1999-02-01 10:08:51','1',timestamp '1999-02-01 10:08:51',1,680),(936,'1',timestamp '2010-05-07 08:52:14','1',timestamp '2010-05-07 08:52:14',1,222),(937,'1',timestamp '2010-05-07 08:52:14','1',timestamp '2010-05-07 08:52:14',4,638),(938,'1',timestamp '1999-02-06 09:09:09','1',timestamp '1999-02-06 09:09:09',3,924),(939,'1',timestamp '1999-02-06 09:09:09','1',timestamp '1999-02-06 09:09:09',2,583),(940,'1',timestamp '1998-01-13 09:47:22','1',timestamp '1998-01-13 09:47:22',2,944),(941,'1',timestamp '1998-01-13 09:47:22','1',timestamp '1998-01-13 09:47:22',3,357),(942,'1',timestamp '2011-05-29 11:08:47','1',timestamp '2011-05-29 11:08:47',1,370),(943,'1',timestamp '2011-05-29 11:08:47','1',timestamp '2011-05-29 11:08:47',2,400),(944,'1',timestamp '2006-03-15 09:14:11','1',timestamp '2006-03-15 09:14:11',3,141),(945,'1',timestamp '2019-11-13 08:29:59','1',timestamp '2019-11-13 08:29:59',3,203),(946,'1',timestamp '2019-11-13 08:29:59','1',timestamp '2019-11-13 08:29:59',1,117),(947,'1',timestamp '2012-10-28 09:39:01','1',timestamp '2012-10-28 09:39:01',2,249),(948,'1',timestamp '2012-10-28 09:39:01','1',timestamp '2012-10-28 09:39:01',3,680),(949,'1',timestamp '2015-08-18 09:07:41','1',timestamp '2015-08-18 09:07:41',2,944),(950,'1',timestamp '2015-08-18 09:07:41','1',timestamp '2015-08-18 09:07:41',2,964),(951,'1',timestamp '1995-02-20 09:46:40','1',timestamp '1995-02-20 09:46:40',1,584),(952,'1',timestamp '1995-02-20 09:46:40','1',timestamp '1995-02-20 09:46:40',3,505),(953,'1',timestamp '2000-11-26 10:31:01','1',timestamp '2000-11-26 10:31:01',1,312),(954,'1',timestamp '2000-11-26 10:31:01','1',timestamp '2000-11-26 10:31:01',3,330),(955,'1',timestamp '1996-04-29 09:09:14','1',timestamp '1996-04-29 09:09:14',2,909),(956,'1',timestamp '1996-04-29 09:09:14','1',timestamp '1996-04-29 09:09:14',3,156),(957,'1',timestamp '1993-02-05 09:38:16','1',timestamp '1993-02-05 09:38:16',3,366),(958,'1',timestamp '1993-02-05 09:38:16','1',timestamp '1993-02-05 09:38:16',3,509),(959,'1',timestamp '2002-03-26 10:09:31','1',timestamp '2002-03-26 10:09:31',2,695),(960,'1',timestamp '1995-07-19 10:42:10','1',timestamp '1995-07-19 10:42:10',4,842),(961,'1',timestamp '1995-07-19 10:42:10','1',timestamp '1995-07-19 10:42:10',4,450),(962,'1',timestamp '2009-08-01 09:35:35','1',timestamp '2009-08-01 09:35:35',3,723),(963,'1',timestamp '2009-08-01 09:35:35','1',timestamp '2009-08-01 09:35:35',2,604),(964,'1',timestamp '2009-08-01 09:35:35','1',timestamp '2009-08-01 09:35:35',2,856),(965,'1',timestamp '1997-04-21 10:36:04','1',timestamp '1997-04-21 10:36:04',1,895),(966,'1',timestamp '1997-04-21 10:36:04','1',timestamp '1997-04-21 10:36:04',2,13),(967,'1',timestamp '1997-04-21 10:36:04','1',timestamp '1997-04-21 10:36:04',1,236),(968,'1',timestamp '2015-03-18 10:28:23','1',timestamp '2015-03-18 10:28:23',1,544),(969,'1',timestamp '2015-03-18 10:28:23','1',timestamp '2015-03-18 10:28:23',3,872),(970,'1',timestamp '2015-03-18 10:28:23','1',timestamp '2015-03-18 10:28:23',3,132),(971,'1',timestamp '1997-10-01 09:30:24','1',timestamp '1997-10-01 09:30:24',2,411),(972,'1',timestamp '1997-10-01 09:30:24','1',timestamp '1997-10-01 09:30:24',1,316),(973,'1',timestamp '2010-07-08 09:04:04','1',timestamp '2010-07-08 09:04:04',3,183),(974,'1',timestamp '2010-07-08 09:04:04','1',timestamp '2010-07-08 09:04:04',2,251),(975,'1',timestamp '2010-07-08 09:04:04','1',timestamp '2010-07-08 09:04:04',1,584),(976,'1',timestamp '2010-10-16 08:51:53','1',timestamp '2010-10-16 08:51:53',3,612),(977,'1',timestamp '2010-10-16 08:51:53','1',timestamp '2010-10-16 08:51:53',2,708),(978,'1',timestamp '2013-03-14 08:29:33','1',timestamp '2013-03-14 08:29:33',4,9),(979,'1',timestamp '2013-03-14 08:29:33','1',timestamp '2013-03-14 08:29:33',3,199),(980,'1',timestamp '2013-03-14 08:29:33','1',timestamp '2013-03-14 08:29:33',4,469),(981,'1',timestamp '1995-10-05 10:33:45','1',timestamp '1995-10-05 10:33:45',2,332),(982,'1',timestamp '1995-10-05 10:33:45','1',timestamp '1995-10-05 10:33:45',3,732),(983,'1',timestamp '2000-06-25 09:18:05','1',timestamp '2000-06-25 09:18:05',2,269),(984,'1',timestamp '2019-12-09 10:44:23','1',timestamp '2019-12-09 10:44:23',3,874),(985,'1',timestamp '2019-06-25 10:25:30','1',timestamp '2019-06-25 10:25:30',2,363),(986,'1',timestamp '2019-06-25 10:25:30','1',timestamp '2019-06-25 10:25:30',1,231),(987,'1',timestamp '1994-12-18 08:27:52','1',timestamp '1994-12-18 08:27:52',1,730),(988,'1',timestamp '1995-10-23 09:47:28','1',timestamp '1995-10-23 09:47:28',4,199),(989,'1',timestamp '1995-10-23 09:47:28','1',timestamp '1995-10-23 09:47:28',3,145),(990,'1',timestamp '2004-02-20 09:57:39','1',timestamp '2004-02-20 09:57:39',2,369),(991,'1',timestamp '2017-06-15 10:38:38','1',timestamp '2017-06-15 10:38:38',1,461),(992,'1',timestamp '2008-03-01 09:01:04','1',timestamp '2008-03-01 09:01:04',4,66),(993,'1',timestamp '2008-03-01 09:01:04','1',timestamp '2008-03-01 09:01:04',3,141),(994,'1',timestamp '2006-05-18 09:55:32','1',timestamp '2006-05-18 09:55:32',4,638),(995,'1',timestamp '2006-05-18 09:55:32','1',timestamp '2006-05-18 09:55:32',1,420),(996,'1',timestamp '2006-05-18 09:55:32','1',timestamp '2006-05-18 09:55:32',1,433),(997,'1',timestamp '2011-11-29 10:14:03','1',timestamp '2011-11-29 10:14:03',3,566),(998,'1',timestamp '2018-02-01 10:58:24','1',timestamp '2018-02-01 10:58:24',2,304),(999,'1',timestamp '2018-02-01 10:58:24','1',timestamp '2018-02-01 10:58:24',4,204),(1000,'1',timestamp '2018-02-01 10:58:24','1',timestamp '2018-02-01 10:58:24',3,525),(1001,'1',timestamp '2001-01-15 09:21:02','1',timestamp '2001-01-15 09:21:02',3,112),(1002,'1',timestamp '2001-01-15 09:21:02','1',timestamp '2001-01-15 09:21:02',4,130),(1003,'1',timestamp '2003-05-02 08:46:42','1',timestamp '2003-05-02 08:46:42',2,242),(1004,'1',timestamp '2003-05-02 08:46:42','1',timestamp '2003-05-02 08:46:42',1,117),(1005,'1',timestamp '2000-07-14 09:39:51','1',timestamp '2000-07-14 09:39:51',2,490),(1006,'1',timestamp '2000-07-14 09:39:51','1',timestamp '2000-07-14 09:39:51',2,468),(1007,'1',timestamp '2008-04-28 08:52:09','1',timestamp '2008-04-28 08:52:09',1,824),(1008,'1',timestamp '1997-03-20 11:11:19','1',timestamp '1997-03-20 11:11:19',3,886),(1009,'1',timestamp '1997-03-20 11:11:19','1',timestamp '1997-03-20 11:11:19',1,583),(1010,'1',timestamp '2010-05-13 09:38:49','1',timestamp '2010-05-13 09:38:49',3,789),(1011,'1',timestamp '2010-05-13 09:38:49','1',timestamp '2010-05-13 09:38:49',1,233),(1012,'1',timestamp '2010-05-13 09:38:49','1',timestamp '2010-05-13 09:38:49',3,781),(1013,'1',timestamp '1997-02-11 10:21:20','1',timestamp '1997-02-11 10:21:20',4,535),(1014,'1',timestamp '2001-07-12 09:10:24','1',timestamp '2001-07-12 09:10:24',4,893),(1015,'1',timestamp '1998-06-05 08:30:49','1',timestamp '1998-06-05 08:30:49',2,353),(1016,'1',timestamp '1998-06-05 08:30:49','1',timestamp '1998-06-05 08:30:49',2,134),(1017,'1',timestamp '2008-07-02 09:57:30','1',timestamp '2008-07-02 09:57:30',3,495),(1018,'1',timestamp '2008-07-02 09:57:30','1',timestamp '2008-07-02 09:57:30',2,285),(1019,'1',timestamp '2008-07-02 09:57:30','1',timestamp '2008-07-02 09:57:30',2,466),(1020,'1',timestamp '1999-06-24 10:30:08','1',timestamp '1999-06-24 10:30:08',3,706),(1021,'1',timestamp '1999-06-24 10:30:08','1',timestamp '1999-06-24 10:30:08',1,681),(1022,'1',timestamp '1999-06-24 10:30:08','1',timestamp '1999-06-24 10:30:08',3,136),(1023,'1',timestamp '2014-07-28 10:28:44','1',timestamp '2014-07-28 10:28:44',1,586),(1024,'1',timestamp '2014-07-28 10:28:44','1',timestamp '2014-07-28 10:28:44',3,422),(1025,'1',timestamp '2014-07-28 10:28:44','1',timestamp '2014-07-28 10:28:44',2,226),(1026,'1',timestamp '1996-05-20 09:35:09','1',timestamp '1996-05-20 09:35:09',3,401),(1027,'1',timestamp '1996-05-20 09:35:09','1',timestamp '1996-05-20 09:35:09',3,609),(1028,'1',timestamp '2016-11-29 11:00:53','1',timestamp '2016-11-29 11:00:53',4,869),(1029,'1',timestamp '2016-11-29 11:00:53','1',timestamp '2016-11-29 11:00:53',2,520),(1030,'1',timestamp '2016-11-29 11:00:53','1',timestamp '2016-11-29 11:00:53',3,454),(1031,'1',timestamp '2006-09-22 10:40:27','1',timestamp '2006-09-22 10:40:27',4,85),(1032,'1',timestamp '2007-12-31 10:47:57','1',timestamp '2007-12-31 10:47:57',2,99),(1033,'1',timestamp '2007-12-31 10:47:57','1',timestamp '2007-12-31 10:47:57',1,270),(1034,'1',timestamp '2009-10-20 09:51:58','1',timestamp '2009-10-20 09:51:58',3,574),(1035,'1',timestamp '2009-10-20 09:51:58','1',timestamp '2009-10-20 09:51:58',4,292),(1036,'1',timestamp '2009-10-20 09:51:58','1',timestamp '2009-10-20 09:51:58',3,2),(1037,'1',timestamp '2007-10-23 08:54:00','1',timestamp '2007-10-23 08:54:00',1,156),(1038,'1',timestamp '2007-10-23 08:54:00','1',timestamp '2007-10-23 08:54:00',4,225),(1039,'1',timestamp '2002-10-27 09:30:07','1',timestamp '2002-10-27 09:30:07',2,633),(1040,'1',timestamp '2002-10-27 09:30:07','1',timestamp '2002-10-27 09:30:07',4,365),(1041,'1',timestamp '2002-10-27 09:30:07','1',timestamp '2002-10-27 09:30:07',3,524),(1042,'1',timestamp '2019-12-20 09:19:52','1',timestamp '2019-12-20 09:19:52',4,792),(1043,'1',timestamp '2019-12-20 09:19:52','1',timestamp '2019-12-20 09:19:52',1,898),(1044,'1',timestamp '2008-08-17 08:41:03','1',timestamp '2008-08-17 08:41:03',3,822),(1045,'1',timestamp '2002-08-11 10:06:30','1',timestamp '2002-08-11 10:06:30',2,987),(1046,'1',timestamp '2008-06-16 09:40:49','1',timestamp '2008-06-16 09:40:49',3,592),(1047,'1',timestamp '1996-01-17 11:10:45','1',timestamp '1996-01-17 11:10:45',3,167),(1048,'1',timestamp '1996-01-17 11:10:45','1',timestamp '1996-01-17 11:10:45',2,76),(1049,'1',timestamp '2018-05-03 09:19:03','1',timestamp '2018-05-03 09:19:03',1,344),(1050,'1',timestamp '1996-06-17 10:56:40','1',timestamp '1996-06-17 10:56:40',4,81),(1051,'1',timestamp '1994-11-30 08:40:57','1',timestamp '1994-11-30 08:40:57',3,478),(1052,'1',timestamp '1994-11-30 08:40:57','1',timestamp '1994-11-30 08:40:57',2,988),(1053,'1',timestamp '2016-10-05 10:39:50','1',timestamp '2016-10-05 10:39:50',4,874),(1054,'1',timestamp '2016-10-05 10:39:50','1',timestamp '2016-10-05 10:39:50',4,501),(1055,'1',timestamp '2004-09-20 09:13:45','1',timestamp '2004-09-20 09:13:45',2,197),(1056,'1',timestamp '2004-09-20 09:13:45','1',timestamp '2004-09-20 09:13:45',3,17),(1057,'1',timestamp '2002-11-04 09:07:23','1',timestamp '2002-11-04 09:07:23',3,821),(1058,'1',timestamp '2002-11-04 09:07:23','1',timestamp '2002-11-04 09:07:23',2,660),(1059,'1',timestamp '2017-03-23 10:22:50','1',timestamp '2017-03-23 10:22:50',2,269),(1060,'1',timestamp '1994-01-30 08:55:03','1',timestamp '1994-01-30 08:55:03',2,382),(1061,'1',timestamp '1994-01-30 08:55:03','1',timestamp '1994-01-30 08:55:03',4,41),(1062,'1',timestamp '2016-02-23 10:56:03','1',timestamp '2016-02-23 10:56:03',1,974),(1063,'1',timestamp '2016-02-23 10:56:03','1',timestamp '2016-02-23 10:56:03',1,534),(1064,'1',timestamp '1995-11-23 09:44:07','1',timestamp '1995-11-23 09:44:07',2,725),(1065,'1',timestamp '1995-11-23 09:44:07','1',timestamp '1995-11-23 09:44:07',2,796),(1066,'1',timestamp '2003-08-18 09:26:29','1',timestamp '2003-08-18 09:26:29',3,559),(1067,'1',timestamp '2003-08-18 09:26:29','1',timestamp '2003-08-18 09:26:29',2,494),(1068,'1',timestamp '2009-09-02 10:39:54','1',timestamp '2009-09-02 10:39:54',4,124),(1069,'1',timestamp '2009-09-02 10:39:54','1',timestamp '2009-09-02 10:39:54',1,720),(1070,'1',timestamp '2006-01-08 10:54:48','1',timestamp '2006-01-08 10:54:48',2,847),(1071,'1',timestamp '2006-01-08 10:54:48','1',timestamp '2006-01-08 10:54:48',1,303),(1072,'1',timestamp '2006-01-22 09:56:07','1',timestamp '2006-01-22 09:56:07',3,329),(1073,'1',timestamp '2006-01-22 09:56:07','1',timestamp '2006-01-22 09:56:07',1,962),(1074,'1',timestamp '2006-01-22 09:56:07','1',timestamp '2006-01-22 09:56:07',3,950),(1075,'1',timestamp '2019-03-02 09:45:52','1',timestamp '2019-03-02 09:45:52',2,150),(1076,'1',timestamp '2019-03-02 09:45:52','1',timestamp '2019-03-02 09:45:52',4,588),(1077,'1',timestamp '2020-02-10 09:09:05','1',timestamp '2020-02-10 09:09:05',2,515),(1078,'1',timestamp '2020-02-10 09:09:05','1',timestamp '2020-02-10 09:09:05',1,713),(1079,'1',timestamp '2020-02-10 09:09:05','1',timestamp '2020-02-10 09:09:05',2,240),(1080,'1',timestamp '2003-09-25 08:39:52','1',timestamp '2003-09-25 08:39:52',1,868),(1081,'1',timestamp '2003-09-25 08:39:52','1',timestamp '2003-09-25 08:39:52',4,712),(1082,'1',timestamp '2003-09-25 08:39:52','1',timestamp '2003-09-25 08:39:52',2,742),(1083,'1',timestamp '2010-02-26 10:45:40','1',timestamp '2010-02-26 10:45:40',3,420),(1084,'1',timestamp '2010-02-26 10:45:40','1',timestamp '2010-02-26 10:45:40',4,56),(1085,'1',timestamp '2013-11-21 11:12:03','1',timestamp '2013-11-21 11:12:03',2,723),(1086,'1',timestamp '2013-11-21 11:12:03','1',timestamp '2013-11-21 11:12:03',4,980),(1087,'1',timestamp '2006-01-05 08:42:45','1',timestamp '2006-01-05 08:42:45',2,454),(1088,'1',timestamp '2006-01-05 08:42:45','1',timestamp '2006-01-05 08:42:45',1,727),(1089,'1',timestamp '2006-01-05 08:42:45','1',timestamp '2006-01-05 08:42:45',3,450),(1090,'1',timestamp '2009-01-26 08:31:49','1',timestamp '2009-01-26 08:31:49',2,352),(1091,'1',timestamp '2009-01-26 08:31:49','1',timestamp '2009-01-26 08:31:49',2,650),(1092,'1',timestamp '2009-01-26 08:31:49','1',timestamp '2009-01-26 08:31:49',4,387),(1093,'1',timestamp '1998-11-16 09:02:41','1',timestamp '1998-11-16 09:02:41',1,613),(1094,'1',timestamp '1998-11-16 09:02:41','1',timestamp '1998-11-16 09:02:41',4,443),(1095,'1',timestamp '1997-02-12 09:48:58','1',timestamp '1997-02-12 09:48:58',3,674),(1096,'1',timestamp '1997-02-12 09:48:58','1',timestamp '1997-02-12 09:48:58',3,450),(1097,'1',timestamp '2013-11-07 09:41:50','1',timestamp '2013-11-07 09:41:50',2,772),(1098,'1',timestamp '2001-11-24 09:12:51','1',timestamp '2001-11-24 09:12:51',2,991),(1099,'1',timestamp '2001-11-24 09:12:51','1',timestamp '2001-11-24 09:12:51',3,176),(1100,'1',timestamp '2012-11-07 08:54:53','1',timestamp '2012-11-07 08:54:53',2,293),(1101,'1',timestamp '2012-11-07 08:54:53','1',timestamp '2012-11-07 08:54:53',2,745),(1102,'1',timestamp '1997-02-19 10:16:16','1',timestamp '1997-02-19 10:16:16',1,85),(1103,'1',timestamp '2003-11-25 09:18:41','1',timestamp '2003-11-25 09:18:41',2,70),(1104,'1',timestamp '1997-10-20 10:38:23','1',timestamp '1997-10-20 10:38:23',4,205),(1105,'1',timestamp '1997-10-20 10:38:23','1',timestamp '1997-10-20 10:38:23',2,291),(1106,'1',timestamp '1997-10-20 10:38:23','1',timestamp '1997-10-20 10:38:23',2,421),(1107,'1',timestamp '2005-06-11 10:01:31','1',timestamp '2005-06-11 10:01:31',4,719),(1108,'1',timestamp '2005-06-11 10:01:31','1',timestamp '2005-06-11 10:01:31',2,877),(1109,'1',timestamp '2009-04-06 11:06:12','1',timestamp '2009-04-06 11:06:12',2,202),(1110,'1',timestamp '2009-04-06 11:06:12','1',timestamp '2009-04-06 11:06:12',3,48),(1111,'1',timestamp '2001-08-08 09:13:33','1',timestamp '2001-08-08 09:13:33',1,683),(1112,'1',timestamp '2001-08-08 09:13:33','1',timestamp '2001-08-08 09:13:33',4,878),(1113,'1',timestamp '2005-08-13 10:41:20','1',timestamp '2005-08-13 10:41:20',3,268),(1114,'1',timestamp '2005-08-13 10:41:20','1',timestamp '2005-08-13 10:41:20',2,130),(1115,'1',timestamp '2005-05-06 11:04:05','1',timestamp '2005-05-06 11:04:05',3,351),(1116,'1',timestamp '2005-05-06 11:04:05','1',timestamp '2005-05-06 11:04:05',3,780),(1117,'1',timestamp '2018-01-10 10:53:20','1',timestamp '2018-01-10 10:53:20',1,441),(1118,'1',timestamp '1994-04-06 11:00:15','1',timestamp '1994-04-06 11:00:15',2,93),(1119,'1',timestamp '2008-10-05 09:50:12','1',timestamp '2008-10-05 09:50:12',3,307),(1120,'1',timestamp '2008-10-05 09:50:12','1',timestamp '2008-10-05 09:50:12',2,141),(1121,'1',timestamp '2018-11-28 10:42:09','1',timestamp '2018-11-28 10:42:09',4,823),(1122,'1',timestamp '2010-08-27 09:27:56','1',timestamp '2010-08-27 09:27:56',1,275),(1123,'1',timestamp '1994-06-08 09:15:16','1',timestamp '1994-06-08 09:15:16',2,349),(1124,'1',timestamp '1994-06-08 09:15:16','1',timestamp '1994-06-08 09:15:16',4,139),(1125,'1',timestamp '1994-06-08 09:15:16','1',timestamp '1994-06-08 09:15:16',2,213),(1126,'1',timestamp '1993-10-03 09:57:25','1',timestamp '1993-10-03 09:57:25',3,171),(1127,'1',timestamp '1993-10-03 09:57:25','1',timestamp '1993-10-03 09:57:25',4,402),(1128,'1',timestamp '2016-04-30 08:57:14','1',timestamp '2016-04-30 08:57:14',1,179),(1129,'1',timestamp '2016-04-30 08:57:14','1',timestamp '2016-04-30 08:57:14',2,525),(1130,'1',timestamp '2006-12-17 10:47:33','1',timestamp '2006-12-17 10:47:33',2,23),(1131,'1',timestamp '2008-12-05 10:05:54','1',timestamp '2008-12-05 10:05:54',2,598),(1132,'1',timestamp '2008-12-05 10:05:54','1',timestamp '2008-12-05 10:05:54',3,950),(1133,'1',timestamp '2013-12-16 10:24:42','1',timestamp '2013-12-16 10:24:42',4,925),(1134,'1',timestamp '2013-12-16 10:24:42','1',timestamp '2013-12-16 10:24:42',4,839),(1135,'1',timestamp '2003-01-11 10:11:39','1',timestamp '2003-01-11 10:11:39',4,897),(1136,'1',timestamp '2012-11-10 11:00:52','1',timestamp '2012-11-10 11:00:52',2,633),(1137,'1',timestamp '2012-11-10 11:00:52','1',timestamp '2012-11-10 11:00:52',4,748),(1138,'1',timestamp '2005-05-18 09:27:17','1',timestamp '2005-05-18 09:27:17',4,451),(1139,'1',timestamp '2005-05-18 09:27:17','1',timestamp '2005-05-18 09:27:17',1,32),(1140,'1',timestamp '2005-05-18 09:27:17','1',timestamp '2005-05-18 09:27:17',3,94),(1141,'1',timestamp '1997-11-26 09:27:25','1',timestamp '1997-11-26 09:27:25',2,292),(1142,'1',timestamp '1997-11-26 09:27:25','1',timestamp '1997-11-26 09:27:25',4,133),(1143,'1',timestamp '1997-11-26 09:27:25','1',timestamp '1997-11-26 09:27:25',3,385),(1144,'1',timestamp '1998-08-01 09:38:52','1',timestamp '1998-08-01 09:38:52',3,326),(1145,'1',timestamp '1998-08-01 09:38:52','1',timestamp '1998-08-01 09:38:52',3,130),(1146,'1',timestamp '1997-03-21 08:46:35','1',timestamp '1997-03-21 08:46:35',3,467),(1147,'1',timestamp '1993-07-09 11:13:40','1',timestamp '1993-07-09 11:13:40',2,952),(1148,'1',timestamp '1993-07-09 11:13:40','1',timestamp '1993-07-09 11:13:40',3,87),(1149,'1',timestamp '2018-02-07 10:59:14','1',timestamp '2018-02-07 10:59:14',3,969),(1150,'1',timestamp '2018-02-07 10:59:14','1',timestamp '2018-02-07 10:59:14',2,241),(1151,'1',timestamp '2000-08-09 10:32:33','1',timestamp '2000-08-09 10:32:33',2,428),(1152,'1',timestamp '2000-08-09 10:32:33','1',timestamp '2000-08-09 10:32:33',3,804),(1153,'1',timestamp '2011-02-26 10:43:24','1',timestamp '2011-02-26 10:43:24',1,131),(1154,'1',timestamp '2011-02-26 10:43:24','1',timestamp '2011-02-26 10:43:24',2,23),(1155,'1',timestamp '2011-02-26 10:43:24','1',timestamp '2011-02-26 10:43:24',3,611),(1156,'1',timestamp '2015-04-27 11:07:31','1',timestamp '2015-04-27 11:07:31',1,91),(1157,'1',timestamp '2015-04-27 11:07:31','1',timestamp '2015-04-27 11:07:31',3,338),(1158,'1',timestamp '2004-12-28 10:10:40','1',timestamp '2004-12-28 10:10:40',4,16),(1159,'1',timestamp '2004-12-28 10:10:40','1',timestamp '2004-12-28 10:10:40',2,683),(1160,'1',timestamp '2014-10-25 08:56:48','1',timestamp '2014-10-25 08:56:48',2,963),(1161,'1',timestamp '2014-10-25 08:56:48','1',timestamp '2014-10-25 08:56:48',2,985),(1162,'1',timestamp '2006-11-01 11:08:00','1',timestamp '2006-11-01 11:08:00',3,706),(1163,'1',timestamp '2006-11-01 11:08:00','1',timestamp '2006-11-01 11:08:00',2,48),(1164,'1',timestamp '2013-04-25 10:42:40','1',timestamp '2013-04-25 10:42:40',3,687),(1165,'1',timestamp '2003-08-22 10:48:10','1',timestamp '2003-08-22 10:48:10',3,821),(1166,'1',timestamp '2003-08-22 10:48:10','1',timestamp '2003-08-22 10:48:10',1,566),(1167,'1',timestamp '2015-10-05 09:02:31','1',timestamp '2015-10-05 09:02:31',1,935),(1168,'1',timestamp '2015-10-05 09:02:31','1',timestamp '2015-10-05 09:02:31',4,932),(1169,'1',timestamp '1994-09-14 10:13:23','1',timestamp '1994-09-14 10:13:23',4,267),(1170,'1',timestamp '1994-09-14 10:13:23','1',timestamp '1994-09-14 10:13:23',3,173),(1171,'1',timestamp '2015-12-06 10:18:54','1',timestamp '2015-12-06 10:18:54',4,546),(1172,'1',timestamp '2002-09-28 10:34:09','1',timestamp '2002-09-28 10:34:09',2,817),(1173,'1',timestamp '2002-09-28 10:34:09','1',timestamp '2002-09-28 10:34:09',2,389),(1174,'1',timestamp '2008-03-08 10:22:13','1',timestamp '2008-03-08 10:22:13',2,11),(1175,'1',timestamp '2011-08-23 10:34:51','1',timestamp '2011-08-23 10:34:51',3,680),(1176,'1',timestamp '1994-06-23 10:25:40','1',timestamp '1994-06-23 10:25:40',2,930),(1177,'1',timestamp '1994-06-23 10:25:40','1',timestamp '1994-06-23 10:25:40',4,252),(1178,'1',timestamp '1994-06-23 10:25:40','1',timestamp '1994-06-23 10:25:40',4,550),(1179,'1',timestamp '2005-03-24 09:58:38','1',timestamp '2005-03-24 09:58:38',4,417),(1180,'1',timestamp '2015-05-26 10:41:38','1',timestamp '2015-05-26 10:41:38',3,997),(1181,'1',timestamp '2015-05-26 10:41:38','1',timestamp '2015-05-26 10:41:38',2,644),(1182,'1',timestamp '2006-04-14 09:15:01','1',timestamp '2006-04-14 09:15:01',4,867);

INSERT INTO pedido_items (order_id,items_id) VALUES (1,201),(1,202),(2,203),(2,204),(3,205),(3,206),(4,207),(4,208),(4,209),(5,210),(5,211),(5,212),(6,213),(6,214),(7,215),(8,216),(8,217),(9,218),(9,219),(10,220),(10,221),(11,222),(11,223),(12,224),(13,225),(13,226),(13,227),(14,228),(14,229),(15,230),(16,231),(16,232),(17,233),(18,234),(19,235),(19,236),(20,237),(20,238),(21,239),(22,240),(22,241),(23,242),(23,243),(24,244),(24,245),(25,246),(25,247),(26,248),(26,249),(27,250),(28,251),(29,252),(29,253),(29,254),(30,255),(30,256),(31,257),(31,258),(32,259),(32,260),(32,261),(33,262),(34,263),(34,264),(35,265),(36,266),(37,267),(37,268),(38,269),(38,270),(38,271),(39,272),(39,273),(40,274),(40,275),(41,276),(41,277),(42,278),(42,279),(43,280),(43,281),(44,282),(45,283),(46,284),(46,285),(47,286),(47,287),(48,288),(48,289),(49,290),(49,291),(49,292),(50,293),(50,294),(50,295),(51,296),(51,297),(52,298),(52,299),(53,300),(53,301),(54,302),(54,303),(55,304),(55,305),(56,306),(56,307),(57,308),(57,309),(58,310),(58,311),(59,312),(59,313),(60,314),(60,315),(61,316),(62,317),(62,318),(62,319),(63,320),(63,321),(64,322),(64,323),(65,324),(65,325),(66,326),(66,327),(67,328),(67,329),(68,330),(68,331),(69,332),(69,333),(70,334),(70,335),(71,336),(72,337),(72,338),(73,339),(74,340),(74,341),(75,342),(75,343),(75,344),(76,345),(76,346),(76,347),(77,348),(77,349),(77,350),(78,351),(78,352),(78,353),(79,354),(79,355),(79,356),(80,357),(81,358),(81,359),(82,360),(83,361),(84,362),(84,363),(85,364),(85,365),(85,366),(86,367),(86,368),(87,369),(87,370),(87,371),(88,372),(88,373),(89,374),(89,375),(90,376),(91,377),(92,378),(92,379),(93,380),(94,381),(94,382),(95,383),(95,384),(95,385),(96,386),(97,387),(97,388),(97,389),(98,390),(98,391),(99,392),(100,393),(100,394),(100,395),(101,396),(101,397),(102,398),(102,399),(102,400),(103,401),(104,402),(105,403),(106,404),(106,405),(107,406),(107,407),(108,408),(108,409),(109,410),(109,411),(109,412),(110,413),(111,414),(111,415),(112,416),(112,417),(113,418),(114,419),(114,420),(115,421),(116,422),(116,423),(117,424),(117,425),(117,426),(118,427),(119,428),(119,429),(119,430),(120,431),(120,432),(120,433),(121,434),(121,435),(122,436),(122,437),(122,438),(123,439),(123,440),(124,441),(124,442),(125,443),(126,444),(126,445),(127,446),(128,447),(128,448),(129,449),(129,450),(129,451),(130,452),(130,453),(131,454),(132,455),(132,456),(133,457),(133,458),(134,459),(134,460),(135,461),(135,462),(136,463),(136,464),(137,465),(137,466),(138,467),(138,468),(139,469),(139,470),(140,471),(141,472),(141,473),(142,474),(143,475),(143,476),(144,477),(144,478),(145,479),(145,480),(146,481),(147,482),(147,483),(147,484),(148,485),(148,486),(148,487),(149,488),(149,489),(150,490),(150,491),(151,492),(152,493),(153,494),(154,495),(154,496),(155,497),(156,498),(156,499),(157,500),(157,501),(158,502),(158,503),(159,504),(159,505),(160,506),(160,507),(161,508),(162,509),(162,510),(163,511),(163,512),(164,513),(165,514),(165,515),(165,516),(166,517),(166,518),(167,519),(167,520),(168,521),(169,522),(169,523),(170,524),(170,525),(171,526),(171,527),(172,528),(173,529),(173,530),(174,531),(174,532),(175,533),(175,534),(175,535),(176,536),(177,537),(177,538),(177,539),(178,540),(178,541),(179,542),(179,543),(180,544),(180,545),(181,546),(182,547),(182,548),(183,549),(183,550),(184,551),(184,552),(185,553),(185,554),(186,555),(187,556),(187,557),(188,558),(189,559),(189,560),(190,561),(190,562),(191,563),(191,564),(191,565),(192,566),(192,567),(192,568),(193,569),(193,570),(194,571),(194,572),(194,573),(195,574),(195,575),(195,576),(196,577),(196,578),(197,579),(198,580),(198,581),(198,582),(199,583),(199,584),(200,585),(200,586),(201,587),(201,588),(202,589),(202,590),(203,591),(203,592),(204,593),(204,594),(205,595),(205,596),(206,597),(206,598),(207,599),(207,600),(207,601),(208,602),(209,603),(209,604),(210,605),(210,606),(211,607),(211,608),(212,609),(212,610),(212,611),(213,612),(213,613),(214,614),(214,615),(214,616),(215,617),(215,618),(216,619),(216,620),(217,621),(217,622),(217,623),(218,624),(219,625),(220,626),(220,627),(221,628),(221,629),(222,630),(222,631),(222,632),(223,633),(223,634),(223,635),(224,636),(225,637),(225,638),(226,639),(226,640),(226,641),(227,642),(227,643),(228,644),(228,645),(229,646),(230,647),(230,648),(231,649),(231,650),(232,651),(232,652),(233,653),(233,654),(234,655),(234,656),(235,657),(236,658),(236,659),(237,660),(237,661),(237,662),(238,663),(238,664),(239,665),(239,666),(240,667),(240,668),(241,669),(242,670),(242,671),(243,672),(244,673),(244,674),(245,675),(245,676),(246,677),(247,678),(248,679),(248,680),(249,681),(249,682),(249,683),(250,684),(250,685),(251,686),(251,687),(252,688),(252,689),(252,690),(253,691),(253,692),(254,693),(254,694),(254,695),(255,696),(255,697),(256,698),(256,699),(257,700),(257,701),(258,702),(259,703),(259,704),(260,705),(261,706),(261,707),(262,708),(263,709),(263,710),(264,711),(264,712),(265,713),(265,714),(266,715),(266,716),(267,717),(268,718),(268,719),(269,720),(269,721),(270,722),(271,723),(271,724),(271,725),(272,726),(272,727),(273,728),(273,729),(274,730),(274,731),(275,732),(275,733),(276,734),(276,735),(276,736),(277,737),(277,738),(278,739),(278,740),(279,741),(279,742),(279,743),(280,744),(280,745),(280,746),(281,747),(281,748),(282,749),(282,750),(283,751),(283,752),(284,753),(284,754),(285,755),(285,756),(285,757),(286,758),(286,759),(287,760),(287,761),(287,762),(288,763),(288,764),(289,765),(289,766),(290,767),(290,768),(291,769),(291,770),(291,771),(292,772),(292,773),(293,774),(293,775),(294,776),(294,777),(295,778),(295,779),(296,780),(296,781),(297,782),(297,783),(298,784),(298,785),(299,786),(300,787),(300,788),(300,789),(301,790),(301,791),(302,792),(302,793),(302,794),(303,795),(304,796),(304,797),(305,798),(305,799),(306,800),(306,801),(307,802),(307,803),(308,804),(308,805),(309,806),(309,807),(310,808),(310,809),(310,810),(311,811),(311,812),(312,813),(312,814),(313,815),(313,816),(313,817),(314,818),(314,819),(315,820),(316,821),(317,822),(318,823),(318,824),(319,825),(319,826),(319,827),(320,828),(320,829),(320,830),(321,831),(321,832),(322,833),(322,834),(323,835),(323,836),(323,837),(324,838),(324,839),(325,840),(326,841),(327,842),(327,843),(328,844),(328,845),(329,846),(329,847),(330,848),(330,849),(331,850),(331,851),(331,852),(332,853),(332,854),(333,855),(334,856),(335,857),(335,858),(336,859),(336,860),(336,861),(337,862),(337,863),(338,864),(338,865),(339,866),(340,867),(340,868),(341,869),(342,870),(342,871),(342,872),(343,873),(343,874),(343,875),(344,876),(345,877),(345,878),(346,879),(346,880),(346,881),(347,882),(347,883),(348,884),(348,885),(348,886),(349,887),(349,888),(350,889),(350,890),(351,891),(351,892),(352,893),(352,894),(353,895),(353,896),(354,897),(354,898),(355,899),(356,900),(356,901),(357,902),(357,903),(358,904),(358,905),(358,906),(359,907),(359,908),(360,909),(360,910),(361,911),(361,912),(362,913),(362,914),(363,915),(363,916),(363,917),(364,918),(364,919),(365,920),(366,921),(366,922),(367,923),(367,924),(368,925),(368,926),(369,927),(369,928),(370,929),(370,930),(370,931),(371,932),(371,933),(372,934),(372,935),(373,936),(373,937),(374,938),(374,939),(375,940),(375,941),(376,942),(376,943),(377,944),(378,945),(378,946),(379,947),(379,948),(380,949),(380,950),(381,951),(381,952),(382,953),(382,954),(383,955),(383,956),(384,957),(384,958),(385,959),(386,960),(386,961),(387,962),(387,963),(387,964),(388,965),(388,966),(388,967),(389,968),(389,969),(389,970),(390,971),(390,972),(391,973),(391,974),(391,975),(392,976),(392,977),(393,978),(393,979),(393,980),(394,981),(394,982),(395,983),(396,984),(397,985),(397,986),(398,987),(399,988),(399,989),(400,990),(401,991),(402,992),(402,993),(403,994),(403,995),(403,996),(404,997),(405,998),(405,999),(405,1000),(406,1001),(406,1002),(407,1003),(407,1004),(408,1005),(408,1006),(409,1007),(410,1008),(410,1009),(411,1010),(411,1011),(411,1012),(412,1013),(413,1014),(414,1015),(414,1016),(415,1017),(415,1018),(415,1019),(416,1020),(416,1021),(416,1022),(417,1023),(417,1024),(417,1025),(418,1026),(418,1027),(419,1028),(419,1029),(419,1030),(420,1031),(421,1032),(421,1033),(422,1034),(422,1035),(422,1036),(423,1037),(423,1038),(424,1039),(424,1040),(424,1041),(425,1042),(425,1043),(426,1044),(427,1045),(428,1046),(429,1047),(429,1048),(430,1049),(431,1050),(432,1051),(432,1052),(433,1053),(433,1054),(434,1055),(434,1056),(435,1057),(435,1058),(436,1059),(437,1060),(437,1061),(438,1062),(438,1063),(439,1064),(439,1065),(440,1066),(440,1067),(441,1068),(441,1069),(442,1070),(442,1071),(443,1072),(443,1073),(443,1074),(444,1075),(444,1076),(445,1077),(445,1078),(445,1079),(446,1080),(446,1081),(446,1082),(447,1083),(447,1084),(448,1085),(448,1086),(449,1087),(449,1088),(449,1089),(450,1090),(450,1091),(450,1092),(451,1093),(451,1094),(452,1095),(452,1096),(453,1097),(454,1098),(454,1099),(455,1100),(455,1101),(456,1102),(457,1103),(458,1104),(458,1105),(458,1106),(459,1107),(459,1108),(460,1109),(460,1110),(461,1111),(461,1112),(462,1113),(462,1114),(463,1115),(463,1116),(464,1117),(465,1118),(466,1119),(466,1120),(467,1121),(468,1122),(469,1123),(469,1124),(469,1125),(470,1126),(470,1127),(471,1128),(471,1129),(472,1130),(473,1131),(473,1132),(474,1133),(474,1134),(475,1135),(476,1136),(476,1137),(477,1138),(477,1139),(477,1140),(478,1141),(478,1142),(478,1143),(479,1144),(479,1145),(480,1146),(481,1147),(481,1148),(482,1149),(482,1150),(483,1151),(483,1152),(484,1153),(484,1154),(484,1155),(485,1156),(485,1157),(486,1158),(486,1159),(487,1160),(487,1161),(488,1162),(488,1163),(489,1164),(490,1165),(490,1166),(491,1167),(491,1168),(492,1169),(492,1170),(493,1171),(494,1172),(494,1173),(495,1174),(496,1175),(497,1176),(497,1177),(497,1178),(498,1179),(499,1180),(499,1181),(500,1182);
