INSERT INTO item (id,quantity,book_id) VALUES
(1,1,1),
(2,2,2);

INSERT INTO cart (id,committed_at,is_committed,last_modified,pi_client_secret,pi_id) VALUES
(1,null,false,null,null,null),
(2,null,false,null,null,null),
(3,null,false,null,null,null),
(4,null,false,null,null,null),
(5,null,false,null,null,null),
(6,null,false,null,null,null),
(7,null,false,null,null,null),
(8,null,false,null,null,null),
(9,null,false,null,null,null),
(10,null,false,null,null,null),
(11,null,false,null,null,null),
(12,null,false,null,null,null),
(13,null,false,null,null,null),
(14,null,false,null,null,null),
(15,null,false,null,null,null),
(16,null,false,null,null,null),
(17,null,false,null,null,null),
(18,null,false,null,null,null),
(19,null,false,null,null,null),
(20,null,false,null,null,null),
(21,null,false,null,null,null),
(22,null,false,null,null,null),
(23,null,false,null,null,null),
(24,null,false,null,null,null),
(25,null,false,null,null,null),
(26,null,false,null,null,null),
(27,null,false,null,null,null),
(28,null,false,null,null,null),
(29,null,false,null,null,null),
(30,null,false,null,null,null),
(31,null,false,null,null,null),
(32,null,false,null,null,null),
(33,null,false,null,null,null),
(34,null,false,null,null,null),
(35,null,false,null,null,null),
(36,null,false,null,null,null),
(37,null,false,null,null,null),
(38,null,false,null,null,null),
(39,null,false,null,null,null),
(40,null,false,null,null,null),
(41,null,false,null,null,null),
(42,null,false,null,null,null),
(43,null,false,null,null,null),
(44,null,false,null,null,null),
(45,null,false,null,null,null),
(46,null,false,null,null,null),
(47,null,false,null,null,null),
(48,null,false,null,null,null),
(49,null,false,null,null,null),
(50,null,false,null,null,null),
(51,null,false,null,null,null),
(52,null,false,null,null,null),
(53,null,false,null,null,null),
(54,null,false,null,null,null),
(55,null,false,null,null,null),
(56,null,false,null,null,null),
(57,null,false,null,null,null),
(58,null,false,null,null,null),
(59,null,false,null,null,null),
(60,null,false,null,null,null),
(61,null,false,null,null,null),
(62,null,false,null,null,null),
(63,null,false,null,null,null),
(64,null,false,null,null,null);

INSERT INTO cart_items (cart_id,items_id) VALUES
(3,1),
(4,2);


INSERT INTO profile (id,birth_date,first_name,gender,last_name,phone) VALUES
(1,null,'firstmarket','UNDEFINED','admin','123456789'),
(2,null,'Peter','MALE','Parker','123456789'),
(3,null,'Marco','MALE','Polo','123456789'),
(4,null,'Misrraim','MALE','Suárez Pérez','123456789'),
(5,null,'Lucinda','FEMALE','Lages','123456789'),
(6,null,'Luis','MALE','Vizcaíno Dávila','123456789'),
(7,null,'Marta','FEMALE','Piñero','123456789'),
(8,null,'Tomas','MALE','Pérez','123456789'),
(9,null,'Carlos','MALE','Gómez','123456789'),
(10,null,'Jabel','MALE','Suárez','123456789'),
(11,null,'Irene','FEMALE','Hernández','123456789'),
(12,null,'Felix','MALE','El Gato','123456789'),
(13,null,'Alicia','FEMALE','Escudero','123456789'),
(14,null,'Debora','FEMALE','Hombres','123456789'),
(15,null,'Jon','MALE','McBill','123456789'),
(16,null,'Karl','MALE','Gauss','123456789'),
(17,null,'Gupta','MALE','Arjani','123456789'),
(18,null,'Amesh','FEMALE','Sinhtra','123456789'),
(19,null,'Giancarlo','MALE','Ponzo','123456789'),
(20,null,'Mauricio','MALE','Lemos','123456789'),
(21,null,'Tobbias','MALE','Hunter','123456789'),
(22,null,'Fátima','FEMALE','Pérez','123456789'),
(23,null,'César','MALE','Suárez','123456789'),
(24,null,'Francisco','MALE','Marhuenda','123456789'),
(25,null,'Arima','FEMALE','Vega','123456789'),
(26,null,'Rosa','FEMALE','Pérez','123456789'),
(27,null,'Sebastián','MALE','Pérez','123456789'),
(28,null,'Gabriel','MALE','Suárez','123456789'),
(29,null,'Josefa','FEMALE','Polo','123456789'),
(30,null,'María','FEMALE','Hernández','123456789'),
(31,null,'Gazmira','FEMALE','Suárez','123456789'),
(32,null,'Enzo','MALE','Benítez','123456789'),
(33,null,'Fabricio','MALE','Benítez','123456789'),
(34,null,'Manuel','MALE','Suárez','123456789'),
(35,null,'Aarón','MALE','Suárez','123456789'),
(36,null,'Jacob','MALE','Travieso','123456789'),
(37,null,'Moises','MALE','Suárez','123456789'),
(38,null,'Ramses','MALE','Segundo','123456789'),
(39,null,'Aníbal','MALE','Lekter','123456789'),
(40,null,'Jonathan','MALE','Abrante Tejera','123456789'),
(41,null,'Magdalena','FEMALE','Gutiérrez','123456789'),
(42,null,'Samantha','FEMALE','Polo','123456789'),
(43,null,'Ágata','FEMALE','Dos Reis','123456789'),
(44,null,'Arminda','FEMALE','Rainha','123456789'),
(45,null,'Doramas','MALE','Rey','123456789'),
(46,null,'Francisco','MALE','Vega','123456789'),
(47,null,'José','MALE','Pérez','123456789'),
(48,null,'Jesús','MALE','De Nazaret','123456789'),
(49,null,'Antonio','MALE','Morales','123456789'),
(50,null,'Antonio','MALE','Piñero','123456789'),
(51,null,'Óscar','MALE','Rojo','123456789'),
(52,null,'Jon','MALE','Smith','123456789'),
(53,null,'Barry','MALE','Lambert','123456789'),
(54,null,'Claude','MALE','Demond','123456789'),
(55,null,'Mariana','FEMALE','Cándida','123456789'),
(56,null,'Arley','MALE','Mauricio','123456789'),
(57,null,'Pamela','FEMALE','Anderson','123456789'),
(58,null,'Fernando','MALE','Leite','123456789'),
(59,null,'Cristina','FEMALE','Pedroche','123456789'),
(60,null,'Emmanuel','MALE','Solana','123456789'),
(61,null,'Ainara','FeMALE','Samperio','123456789'),
(61,null,'Iker','MALE','Casillas','123456789'),
(63,null,'Diamantino','MALE','Peixoto','123456789'),
(64,null,'Duarte','MALE','Fernandes','123456789');


INSERT INTO usuario (id,email,completed,suspended,password,cart_id,profile_id) VALUES
(1,'admin@fm.com',true,false,'$2a$10$b6cNYRchyum58sJw3BrS2OYRm9GiqRYDwlHTLKFY3fdD/kRS2GL0G',1,1),
(2,'peter2@fm.com',true,false,'$2a$10$b6cNYRchyum58sJw3BrS2OYRm9GiqRYDwlHTLKFY3fdD/kRS2GL0G',2,2),
(3,'marco3@fm.com',true,false,'$2a$10$b6cNYRchyum58sJw3BrS2OYRm9GiqRYDwlHTLKFY3fdD/kRS2GL0G',3,3),
(4,'misrraimsp@gmail.com',true,false,'$2a$10$b6cNYRchyum58sJw3BrS2OYRm9GiqRYDwlHTLKFY3fdD/kRS2GL0G',4,4),
(5,'pentagono5@fm.com',true,false,'$2a$10$b6cNYRchyum58sJw3BrS2OYRm9GiqRYDwlHTLKFY3fdD/kRS2GL0G',5,5),
(6,'xavi6@fm.com',true,false,'$2a$10$b6cNYRchyum58sJw3BrS2OYRm9GiqRYDwlHTLKFY3fdD/kRS2GL0G',6,6),
(7,'magic7@fm.com',true,false,'$2a$10$b6cNYRchyum58sJw3BrS2OYRm9GiqRYDwlHTLKFY3fdD/kRS2GL0G',7,7),
(8,'oito8@fm.com',true,false,'$2a$10$b6cNYRchyum58sJw3BrS2OYRm9GiqRYDwlHTLKFY3fdD/kRS2GL0G',8,8),
(9,'nou9@fm.com',true,false,'$2a$10$b6cNYRchyum58sJw3BrS2OYRm9GiqRYDwlHTLKFY3fdD/kRS2GL0G',9,9),
(10,'tenten10@fm.com',true,false,'$2a$10$b6cNYRchyum58sJw3BrS2OYRm9GiqRYDwlHTLKFY3fdD/kRS2GL0G',10,10),
(11,'eleven11@fm.com',true,false,'$2a$10$b6cNYRchyum58sJw3BrS2OYRm9GiqRYDwlHTLKFY3fdD/kRS2GL0G',11,11),
(12,'twelve12@fm.com',true,false,'$2a$10$b6cNYRchyum58sJw3BrS2OYRm9GiqRYDwlHTLKFY3fdD/kRS2GL0G',12,12),
(13,'crystal13@fm.com',true,false,'$2a$10$b6cNYRchyum58sJw3BrS2OYRm9GiqRYDwlHTLKFY3fdD/kRS2GL0G',13,13),
(14,'tambaro14@fm.com',true,false,'$2a$10$b6cNYRchyum58sJw3BrS2OYRm9GiqRYDwlHTLKFY3fdD/kRS2GL0G',14,14),
(15,'megamail15@fm.com',true,false,'$2a$10$b6cNYRchyum58sJw3BrS2OYRm9GiqRYDwlHTLKFY3fdD/kRS2GL0G',15,15),
(16,'pitoniso16@fm.com',true,false,'$2a$10$b6cNYRchyum58sJw3BrS2OYRm9GiqRYDwlHTLKFY3fdD/kRS2GL0G',16,16),
(17,'pythonis17@fm.com',true,false,'$2a$10$b6cNYRchyum58sJw3BrS2OYRm9GiqRYDwlHTLKFY3fdD/kRS2GL0G',17,17),
(18,'javais4u18@fm.com',true,false,'$2a$10$b6cNYRchyum58sJw3BrS2OYRm9GiqRYDwlHTLKFY3fdD/kRS2GL0G',18,18),
(19,'someaddress19@fm.com',true,false,'$2a$10$b6cNYRchyum58sJw3BrS2OYRm9GiqRYDwlHTLKFY3fdD/kRS2GL0G',19,19),
(20,'el20@fm.com',true,false,'$2a$10$b6cNYRchyum58sJw3BrS2OYRm9GiqRYDwlHTLKFY3fdD/kRS2GL0G',20,20),
(21,'hlopus21@fm.com',true,false,'$2a$10$b6cNYRchyum58sJw3BrS2OYRm9GiqRYDwlHTLKFY3fdD/kRS2GL0G',21,21),
(22,'harrison22@fm.com',true,false,'$2a$10$b6cNYRchyum58sJw3BrS2OYRm9GiqRYDwlHTLKFY3fdD/kRS2GL0G',22,22),
(23,'lucia23@fm.com',true,false,'$2a$10$b6cNYRchyum58sJw3BrS2OYRm9GiqRYDwlHTLKFY3fdD/kRS2GL0G',23,23),
(24,'mis24@fm.com',true,false,'$2a$10$b6cNYRchyum58sJw3BrS2OYRm9GiqRYDwlHTLKFY3fdD/kRS2GL0G',24,24),
(25,'mailrandom25@fm.com',true,false,'$2a$10$b6cNYRchyum58sJw3BrS2OYRm9GiqRYDwlHTLKFY3fdD/kRS2GL0G',25,25),
(26,'randommail26@fm.com',true,false,'$2a$10$b6cNYRchyum58sJw3BrS2OYRm9GiqRYDwlHTLKFY3fdD/kRS2GL0G',26,26),
(27,'java4u27@fm.com',true,false,'$2a$10$b6cNYRchyum58sJw3BrS2OYRm9GiqRYDwlHTLKFY3fdD/kRS2GL0G',27,27),
(28,'problemon28@fm.com',true,false,'$2a$10$b6cNYRchyum58sJw3BrS2OYRm9GiqRYDwlHTLKFY3fdD/kRS2GL0G',28,28),
(29,'namibia29@fm.com',true,false,'$2a$10$b6cNYRchyum58sJw3BrS2OYRm9GiqRYDwlHTLKFY3fdD/kRS2GL0G',29,29),
(30,'konakri30@fm.com',true,false,'$2a$10$b6cNYRchyum58sJw3BrS2OYRm9GiqRYDwlHTLKFY3fdD/kRS2GL0G',30,30),
(31,'cayuko31@fm.com',true,false,'$2a$10$b6cNYRchyum58sJw3BrS2OYRm9GiqRYDwlHTLKFY3fdD/kRS2GL0G',31,31),
(32,'patera32@fm.com',true,false,'$2a$10$b6cNYRchyum58sJw3BrS2OYRm9GiqRYDwlHTLKFY3fdD/kRS2GL0G',32,32),
(33,'charco33@fm.com',true,false,'$2a$10$b6cNYRchyum58sJw3BrS2OYRm9GiqRYDwlHTLKFY3fdD/kRS2GL0G',33,33),
(34,'laspalmas34@fm.com',true,false,'$2a$10$b6cNYRchyum58sJw3BrS2OYRm9GiqRYDwlHTLKFY3fdD/kRS2GL0G',34,34),
(35,'noteimporta35@fm.com',true,false,'$2a$10$b6cNYRchyum58sJw3BrS2OYRm9GiqRYDwlHTLKFY3fdD/kRS2GL0G',35,35),
(36,'somemail36@fm.com',true,false,'$2a$10$b6cNYRchyum58sJw3BrS2OYRm9GiqRYDwlHTLKFY3fdD/kRS2GL0G',36,36),
(37,'abascal37@fm.com',true,false,'$2a$10$b6cNYRchyum58sJw3BrS2OYRm9GiqRYDwlHTLKFY3fdD/kRS2GL0G',37,37),
(38,'echenike38@fm.com',true,false,'$2a$10$b6cNYRchyum58sJw3BrS2OYRm9GiqRYDwlHTLKFY3fdD/kRS2GL0G',38,38),
(39,'errejon39@fm.com',true,false,'$2a$10$b6cNYRchyum58sJw3BrS2OYRm9GiqRYDwlHTLKFY3fdD/kRS2GL0G',39,39),
(40,'rufian40@fm.com',true,false,'$2a$10$b6cNYRchyum58sJw3BrS2OYRm9GiqRYDwlHTLKFY3fdD/kRS2GL0G',40,40),
(41,'superlopez41@fm.com',true,false,'$2a$10$b6cNYRchyum58sJw3BrS2OYRm9GiqRYDwlHTLKFY3fdD/kRS2GL0G',41,41),
(42,'wesley42@fm.com',true,false,'$2a$10$b6cNYRchyum58sJw3BrS2OYRm9GiqRYDwlHTLKFY3fdD/kRS2GL0G',42,42),
(43,'pp43@fm.com',true,false,'$2a$10$b6cNYRchyum58sJw3BrS2OYRm9GiqRYDwlHTLKFY3fdD/kRS2GL0G',43,43),
(44,'lapatri44@fm.com',true,false,'$2a$10$b6cNYRchyum58sJw3BrS2OYRm9GiqRYDwlHTLKFY3fdD/kRS2GL0G',44,44),
(45,'casavigo45@fm.com',true,false,'$2a$10$b6cNYRchyum58sJw3BrS2OYRm9GiqRYDwlHTLKFY3fdD/kRS2GL0G',45,45),
(46,'akiahora46@fm.com',true,false,'$2a$10$b6cNYRchyum58sJw3BrS2OYRm9GiqRYDwlHTLKFY3fdD/kRS2GL0G',46,46),
(47,'xmas4u47@fm.com',true,false,'$2a$10$b6cNYRchyum58sJw3BrS2OYRm9GiqRYDwlHTLKFY3fdD/kRS2GL0G',47,47),
(48,'luciernaga48@fm.com',true,false,'$2a$10$b6cNYRchyum58sJw3BrS2OYRm9GiqRYDwlHTLKFY3fdD/kRS2GL0G',48,48),
(49,'luciernaga49@fm.com',true,false,'$2a$10$b6cNYRchyum58sJw3BrS2OYRm9GiqRYDwlHTLKFY3fdD/kRS2GL0G',49,49),
(50,'heroku50@fm.com',true,false,'$2a$10$b6cNYRchyum58sJw3BrS2OYRm9GiqRYDwlHTLKFY3fdD/kRS2GL0G',50,50),
(51,'paan51@fm.com',true,false,'$2a$10$b6cNYRchyum58sJw3BrS2OYRm9GiqRYDwlHTLKFY3fdD/kRS2GL0G',51,51),
(52,'panpan52@fm.com',true,false,'$2a$10$b6cNYRchyum58sJw3BrS2OYRm9GiqRYDwlHTLKFY3fdD/kRS2GL0G',52,52),
(53,'enero53@fm.com',true,false,'$2a$10$b6cNYRchyum58sJw3BrS2OYRm9GiqRYDwlHTLKFY3fdD/kRS2GL0G',53,53),
(54,'cristina54@fm.com',true,false,'$2a$10$b6cNYRchyum58sJw3BrS2OYRm9GiqRYDwlHTLKFY3fdD/kRS2GL0G',54,54),
(55,'muffin55@fm.com',true,false,'$2a$10$b6cNYRchyum58sJw3BrS2OYRm9GiqRYDwlHTLKFY3fdD/kRS2GL0G',55,55),
(56,'horsewithnoname56@fm.com',true,false,'$2a$10$b6cNYRchyum58sJw3BrS2OYRm9GiqRYDwlHTLKFY3fdD/kRS2GL0G',56,56),
(57,'lover57@fm.com',true,false,'$2a$10$b6cNYRchyum58sJw3BrS2OYRm9GiqRYDwlHTLKFY3fdD/kRS2GL0G',57,57),
(58,'killer58@fm.com',true,false,'$2a$10$b6cNYRchyum58sJw3BrS2OYRm9GiqRYDwlHTLKFY3fdD/kRS2GL0G',58,58),
(59,'rajoy59@fm.com',true,false,'$2a$10$b6cNYRchyum58sJw3BrS2OYRm9GiqRYDwlHTLKFY3fdD/kRS2GL0G',59,59),
(60,'goku60@fm.com',true,false,'$2a$10$b6cNYRchyum58sJw3BrS2OYRm9GiqRYDwlHTLKFY3fdD/kRS2GL0G',60,60),
(61,'doraemon61@fm.com',true,false,'$2a$10$b6cNYRchyum58sJw3BrS2OYRm9GiqRYDwlHTLKFY3fdD/kRS2GL0G',61,61),
(62,'pikachu62@fm.com',true,false,'$2a$10$b6cNYRchyum58sJw3BrS2OYRm9GiqRYDwlHTLKFY3fdD/kRS2GL0G',62,62),
(63,'lucas63@fm.com',true,false,'$2a$10$b6cNYRchyum58sJw3BrS2OYRm9GiqRYDwlHTLKFY3fdD/kRS2GL0G',63,63),
(64,'paco64@fm.com',true,false,'$2a$10$b6cNYRchyum58sJw3BrS2OYRm9GiqRYDwlHTLKFY3fdD/kRS2GL0G',64,64);

INSERT INTO role (id,name) VALUES
(1,'ROLE_ADMIN'),
(2,'ROLE_USER');

INSERT INTO usuarios_roles (user_id,role_id) VALUES
(1,1),
(2,2),
(3,2),
(4,2),
(5,2),
(6,2),
(7,2),
(8,2),
(9,2),
(10,2),
(11,2),
(12,2),
(13,2),
(14,2),
(15,2),
(16,2),
(17,2),
(18,2),
(19,2),
(20,2),
(21,2),
(22,2),
(23,2),
(24,2),
(25,2),
(26,2),
(27,2),
(28,2),
(29,2),
(30,2),
(31,2),
(32,2),
(33,2),
(34,2),
(35,2),
(36,2),
(37,2),
(38,2),
(39,2),
(40,2),
(41,2),
(42,2),
(43,2),
(44,2),
(45,2),
(46,2),
(47,2),
(48,2),
(49,2),
(50,2),
(51,2),
(52,2),
(53,2),
(54,2),
(55,2),
(56,2),
(57,2),
(58,2),
(59,2),
(60,2),
(61,2),
(62,2),
(63,2),
(64,2);