INSERT INTO address (id,created_by,created_date,last_modified_by,last_modified_date,city,country,line1,line2,postal_code,province) VALUES
(1,'1',null,'1',null,'Arrecife','España','calle Galicia, 13','puerta 2','35500','Las Palmas'),
(2,'1',null,'1',null,'Las Palmas de Gran Canaria','España','calle Magdalena, 14',null,'35018','Las Palmas'),
(3,'1',null,'1',null,'LOllería','España','avenida Diputación, 35','piso 3, puerta 8','46850','Valencia'),
(4,'1',null,'1',null,'Wrocław','Poland','Pawła Włodkowica 11',null,'50-072',null),
(5,'1',null,'1',null,'Beşiktaş/İstanbul','Turkey','Kalıpçı Sokağı No:36',null,'34357','Muradiye'),
(6,'1',null,'1',null,'Porto','Portugal','Travessa da Regeneração, 206',null,'4000-410',null);

INSERT INTO shipping_info (id,created_by,created_date,last_modified_by,last_modified_date,carrier,name,phone,tracking_number,address_id) VALUES (1,'1','2019-03-27 22:00:07','1','2019-03-27 22:00:07','carrier','name','phone','tracking_number',3),(2,'1','2018-03-23 22:00:07','1','2018-03-23 22:00:07','carrier','name','phone','tracking_number',2),(3,'1','2019-05-08 22:00:07','1','2019-05-08 22:00:07','carrier','name','phone','tracking_number',4),(4,'1','2019-01-07 22:00:07','1','2019-01-07 22:00:07','carrier','name','phone','tracking_number',5),(5,'1','2018-07-03 22:00:07','1','2018-07-03 22:00:07','carrier','name','phone','tracking_number',5),(6,'1','2019-03-10 22:00:07','1','2019-03-10 22:00:07','carrier','name','phone','tracking_number',2),(7,'1','2017-11-16 22:00:07','1','2017-11-16 22:00:07','carrier','name','phone','tracking_number',2),(8,'1','2019-11-15 22:00:07','1','2019-11-15 22:00:07','carrier','name','phone','tracking_number',5),(9,'1','2019-04-22 22:00:07','1','2019-04-22 22:00:07','carrier','name','phone','tracking_number',3),(10,'1','2019-03-24 22:00:07','1','2019-03-24 22:00:07','carrier','name','phone','tracking_number',4),(11,'1','2018-06-29 22:00:07','1','2018-06-29 22:00:07','carrier','name','phone','tracking_number',6),(12,'1','2017-10-31 22:00:07','1','2017-10-31 22:00:07','carrier','name','phone','tracking_number',5),(13,'1','2019-12-09 22:00:07','1','2019-12-09 22:00:07','carrier','name','phone','tracking_number',3),(14,'1','2018-11-30 22:00:07','1','2018-11-30 22:00:07','carrier','name','phone','tracking_number',2),(15,'1','2020-03-16 22:00:07','1','2020-03-16 22:00:07','carrier','name','phone','tracking_number',5),(16,'1','2020-06-08 22:00:07','1','2020-06-08 22:00:07','carrier','name','phone','tracking_number',2),(17,'1','2018-06-27 22:00:07','1','2018-06-27 22:00:07','carrier','name','phone','tracking_number',4),(18,'1','2018-08-08 22:00:07','1','2018-08-08 22:00:07','carrier','name','phone','tracking_number',6),(19,'1','2017-09-28 22:00:07','1','2017-09-28 22:00:07','carrier','name','phone','tracking_number',2),(20,'1','2019-11-11 22:00:07','1','2019-11-11 22:00:07','carrier','name','phone','tracking_number',2),(21,'1','2017-12-28 22:00:07','1','2017-12-28 22:00:07','carrier','name','phone','tracking_number',4),(22,'1','2018-11-11 22:00:07','1','2018-11-11 22:00:07','carrier','name','phone','tracking_number',3),(23,'1','2018-03-09 22:00:07','1','2018-03-09 22:00:07','carrier','name','phone','tracking_number',3),(24,'1','2020-04-19 22:00:07','1','2020-04-19 22:00:07','carrier','name','phone','tracking_number',4),(25,'1','2018-03-26 22:00:07','1','2018-03-26 22:00:07','carrier','name','phone','tracking_number',2),(26,'1','2018-05-21 22:00:07','1','2018-05-21 22:00:07','carrier','name','phone','tracking_number',3),(27,'1','2018-02-08 22:00:07','1','2018-02-08 22:00:07','carrier','name','phone','tracking_number',5),(28,'1','2019-05-29 22:00:07','1','2019-05-29 22:00:07','carrier','name','phone','tracking_number',4),(29,'1','2018-07-04 22:00:07','1','2018-07-04 22:00:07','carrier','name','phone','tracking_number',5),(30,'1','2019-05-15 22:00:07','1','2019-05-15 22:00:07','carrier','name','phone','tracking_number',3),(31,'1','2019-08-20 22:00:07','1','2019-08-20 22:00:07','carrier','name','phone','tracking_number',1),(32,'1','2019-05-27 22:00:07','1','2019-05-27 22:00:07','carrier','name','phone','tracking_number',1),(33,'1','2019-05-08 22:00:07','1','2019-05-08 22:00:07','carrier','name','phone','tracking_number',2),(34,'1','2020-04-04 22:00:07','1','2020-04-04 22:00:07','carrier','name','phone','tracking_number',4),(35,'1','2017-09-23 22:00:07','1','2017-09-23 22:00:07','carrier','name','phone','tracking_number',6),(36,'1','2020-01-14 22:00:07','1','2020-01-14 22:00:07','carrier','name','phone','tracking_number',4),(37,'1','2019-03-18 22:00:07','1','2019-03-18 22:00:07','carrier','name','phone','tracking_number',6),(38,'1','2020-04-07 22:00:07','1','2020-04-07 22:00:07','carrier','name','phone','tracking_number',4),(39,'1','2018-01-29 22:00:07','1','2018-01-29 22:00:07','carrier','name','phone','tracking_number',5),(40,'1','2020-01-25 22:00:07','1','2020-01-25 22:00:07','carrier','name','phone','tracking_number',4),(41,'1','2019-04-27 22:00:07','1','2019-04-27 22:00:07','carrier','name','phone','tracking_number',1),(42,'1','2019-09-29 22:00:07','1','2019-09-29 22:00:07','carrier','name','phone','tracking_number',1),(43,'1','2017-12-03 22:00:07','1','2017-12-03 22:00:07','carrier','name','phone','tracking_number',1),(44,'1','2018-04-23 22:00:07','1','2018-04-23 22:00:07','carrier','name','phone','tracking_number',4),(45,'1','2020-03-25 22:00:07','1','2020-03-25 22:00:07','carrier','name','phone','tracking_number',2),(46,'1','2017-09-24 22:00:07','1','2017-09-24 22:00:07','carrier','name','phone','tracking_number',4),(47,'1','2018-11-17 22:00:07','1','2018-11-17 22:00:07','carrier','name','phone','tracking_number',4),(48,'1','2020-04-04 22:00:07','1','2020-04-04 22:00:07','carrier','name','phone','tracking_number',5),(49,'1','2020-04-14 22:00:07','1','2020-04-14 22:00:07','carrier','name','phone','tracking_number',5),(50,'1','2018-12-08 22:00:07','1','2018-12-08 22:00:07','carrier','name','phone','tracking_number',3),(51,'1','2019-09-01 22:00:07','1','2019-09-01 22:00:07','carrier','name','phone','tracking_number',3),(52,'1','2018-04-29 22:00:07','1','2018-04-29 22:00:07','carrier','name','phone','tracking_number',2),(53,'1','2019-03-20 22:00:07','1','2019-03-20 22:00:07','carrier','name','phone','tracking_number',5),(54,'1','2019-01-25 22:00:07','1','2019-01-25 22:00:07','carrier','name','phone','tracking_number',4),(55,'1','2018-04-13 22:00:07','1','2018-04-13 22:00:07','carrier','name','phone','tracking_number',2),(56,'1','2018-07-07 22:00:07','1','2018-07-07 22:00:07','carrier','name','phone','tracking_number',1),(57,'1','2019-04-09 22:00:07','1','2019-04-09 22:00:07','carrier','name','phone','tracking_number',5),(58,'1','2020-06-07 22:00:07','1','2020-06-07 22:00:07','carrier','name','phone','tracking_number',4),(59,'1','2018-08-02 22:00:07','1','2018-08-02 22:00:07','carrier','name','phone','tracking_number',4),(60,'1','2019-05-31 22:00:07','1','2019-05-31 22:00:07','carrier','name','phone','tracking_number',6),(61,'1','2019-03-22 22:00:07','1','2019-03-22 22:00:07','carrier','name','phone','tracking_number',6),(62,'1','2017-10-28 22:00:07','1','2017-10-28 22:00:07','carrier','name','phone','tracking_number',4),(63,'1','2018-08-22 22:00:07','1','2018-08-22 22:00:07','carrier','name','phone','tracking_number',3),(64,'1','2020-05-24 22:00:07','1','2020-05-24 22:00:07','carrier','name','phone','tracking_number',3),(65,'1','2018-04-14 22:00:07','1','2018-04-14 22:00:07','carrier','name','phone','tracking_number',3),(66,'1','2018-07-22 22:00:07','1','2018-07-22 22:00:07','carrier','name','phone','tracking_number',4),(67,'1','2018-05-07 22:00:07','1','2018-05-07 22:00:07','carrier','name','phone','tracking_number',2),(68,'1','2018-03-31 22:00:07','1','2018-03-31 22:00:07','carrier','name','phone','tracking_number',4),(69,'1','2018-12-04 22:00:07','1','2018-12-04 22:00:07','carrier','name','phone','tracking_number',3),(70,'1','2018-04-07 22:00:07','1','2018-04-07 22:00:07','carrier','name','phone','tracking_number',2),(71,'1','2018-04-26 22:00:07','1','2018-04-26 22:00:07','carrier','name','phone','tracking_number',3),(72,'1','2020-05-22 22:00:07','1','2020-05-22 22:00:07','carrier','name','phone','tracking_number',3),(73,'1','2018-09-23 22:00:07','1','2018-09-23 22:00:07','carrier','name','phone','tracking_number',4),(74,'1','2017-12-29 22:00:07','1','2017-12-29 22:00:07','carrier','name','phone','tracking_number',6),(75,'1','2019-11-24 22:00:07','1','2019-11-24 22:00:07','carrier','name','phone','tracking_number',5),(76,'1','2019-08-08 22:00:07','1','2019-08-08 22:00:07','carrier','name','phone','tracking_number',4),(77,'1','2017-12-30 22:00:07','1','2017-12-30 22:00:07','carrier','name','phone','tracking_number',3),(78,'1','2019-06-16 22:00:07','1','2019-06-16 22:00:07','carrier','name','phone','tracking_number',2),(79,'1','2018-01-16 22:00:07','1','2018-01-16 22:00:07','carrier','name','phone','tracking_number',4),(80,'1','2019-10-26 22:00:07','1','2019-10-26 22:00:07','carrier','name','phone','tracking_number',2),(81,'1','2020-05-23 22:00:07','1','2020-05-23 22:00:07','carrier','name','phone','tracking_number',1),(82,'1','2018-04-04 22:00:07','1','2018-04-04 22:00:07','carrier','name','phone','tracking_number',4),(83,'1','2018-05-18 22:00:07','1','2018-05-18 22:00:07','carrier','name','phone','tracking_number',6),(84,'1','2018-06-02 22:00:07','1','2018-06-02 22:00:07','carrier','name','phone','tracking_number',5),(85,'1','2019-06-21 22:00:07','1','2019-06-21 22:00:07','carrier','name','phone','tracking_number',2),(86,'1','2018-03-23 22:00:07','1','2018-03-23 22:00:07','carrier','name','phone','tracking_number',2),(87,'1','2019-04-13 22:00:07','1','2019-04-13 22:00:07','carrier','name','phone','tracking_number',6),(88,'1','2018-04-08 22:00:07','1','2018-04-08 22:00:07','carrier','name','phone','tracking_number',1),(89,'1','2018-05-08 22:00:07','1','2018-05-08 22:00:07','carrier','name','phone','tracking_number',1),(90,'1','2019-05-02 22:00:07','1','2019-05-02 22:00:07','carrier','name','phone','tracking_number',3),(91,'1','2019-12-21 22:00:07','1','2019-12-21 22:00:07','carrier','name','phone','tracking_number',5),(92,'1','2018-08-12 22:00:07','1','2018-08-12 22:00:07','carrier','name','phone','tracking_number',5),(93,'1','2018-08-06 22:00:07','1','2018-08-06 22:00:07','carrier','name','phone','tracking_number',5),(94,'1','2018-09-13 22:00:07','1','2018-09-13 22:00:07','carrier','name','phone','tracking_number',5),(95,'1','2019-04-26 22:00:07','1','2019-04-26 22:00:07','carrier','name','phone','tracking_number',4),(96,'1','2018-02-15 22:00:07','1','2018-02-15 22:00:07','carrier','name','phone','tracking_number',3),(97,'1','2017-09-30 22:00:07','1','2017-09-30 22:00:07','carrier','name','phone','tracking_number',1),(98,'1','2018-03-04 22:00:07','1','2018-03-04 22:00:07','carrier','name','phone','tracking_number',3),(99,'1','2018-12-08 22:00:07','1','2018-12-08 22:00:07','carrier','name','phone','tracking_number',3),(100,'1','2018-08-30 22:00:07','1','2018-08-30 22:00:07','carrier','name','phone','tracking_number',3),(101,'1','2017-11-06 22:00:07','1','2017-11-06 22:00:07','carrier','name','phone','tracking_number',5),(102,'1','2020-06-02 22:00:07','1','2020-06-02 22:00:07','carrier','name','phone','tracking_number',6),(103,'1','2020-01-11 22:00:07','1','2020-01-11 22:00:07','carrier','name','phone','tracking_number',4),(104,'1','2018-03-04 22:00:07','1','2018-03-04 22:00:07','carrier','name','phone','tracking_number',3),(105,'1','2017-10-06 22:00:07','1','2017-10-06 22:00:07','carrier','name','phone','tracking_number',5),(106,'1','2018-08-06 22:00:07','1','2018-08-06 22:00:07','carrier','name','phone','tracking_number',6),(107,'1','2020-01-07 22:00:07','1','2020-01-07 22:00:07','carrier','name','phone','tracking_number',2),(108,'1','2018-08-06 22:00:07','1','2018-08-06 22:00:07','carrier','name','phone','tracking_number',2),(109,'1','2018-02-12 22:00:07','1','2018-02-12 22:00:07','carrier','name','phone','tracking_number',4),(110,'1','2019-12-13 22:00:07','1','2019-12-13 22:00:07','carrier','name','phone','tracking_number',4),(111,'1','2018-09-05 22:00:07','1','2018-09-05 22:00:07','carrier','name','phone','tracking_number',3),(112,'1','2018-09-02 22:00:07','1','2018-09-02 22:00:07','carrier','name','phone','tracking_number',6),(113,'1','2017-10-28 22:00:07','1','2017-10-28 22:00:07','carrier','name','phone','tracking_number',4),(114,'1','2020-02-09 22:00:07','1','2020-02-09 22:00:07','carrier','name','phone','tracking_number',5),(115,'1','2019-04-21 22:00:07','1','2019-04-21 22:00:07','carrier','name','phone','tracking_number',5),(116,'1','2019-01-24 22:00:07','1','2019-01-24 22:00:07','carrier','name','phone','tracking_number',5),(117,'1','2020-01-29 22:00:07','1','2020-01-29 22:00:07','carrier','name','phone','tracking_number',2),(118,'1','2019-02-05 22:00:07','1','2019-02-05 22:00:07','carrier','name','phone','tracking_number',2),(119,'1','2018-07-19 22:00:07','1','2018-07-19 22:00:07','carrier','name','phone','tracking_number',6),(120,'1','2018-09-07 22:00:07','1','2018-09-07 22:00:07','carrier','name','phone','tracking_number',2),(121,'1','2018-11-24 22:00:07','1','2018-11-24 22:00:07','carrier','name','phone','tracking_number',3),(122,'1','2020-01-13 22:00:07','1','2020-01-13 22:00:07','carrier','name','phone','tracking_number',1),(123,'1','2020-04-03 22:00:07','1','2020-04-03 22:00:07','carrier','name','phone','tracking_number',2),(124,'1','2017-11-21 22:00:07','1','2017-11-21 22:00:07','carrier','name','phone','tracking_number',5),(125,'1','2018-03-28 22:00:07','1','2018-03-28 22:00:07','carrier','name','phone','tracking_number',4),(126,'1','2020-04-17 22:00:07','1','2020-04-17 22:00:07','carrier','name','phone','tracking_number',4),(127,'1','2018-02-14 22:00:07','1','2018-02-14 22:00:07','carrier','name','phone','tracking_number',3),(128,'1','2019-06-17 22:00:07','1','2019-06-17 22:00:07','carrier','name','phone','tracking_number',4),(129,'1','2020-03-09 22:00:07','1','2020-03-09 22:00:07','carrier','name','phone','tracking_number',5),(130,'1','2018-05-12 22:00:07','1','2018-05-12 22:00:07','carrier','name','phone','tracking_number',2),(131,'1','2019-08-31 22:00:07','1','2019-08-31 22:00:07','carrier','name','phone','tracking_number',2),(132,'1','2019-05-13 22:00:07','1','2019-05-13 22:00:07','carrier','name','phone','tracking_number',2),(133,'1','2018-03-07 22:00:07','1','2018-03-07 22:00:07','carrier','name','phone','tracking_number',5),(134,'1','2020-02-01 22:00:07','1','2020-02-01 22:00:07','carrier','name','phone','tracking_number',3),(135,'1','2019-11-19 22:00:07','1','2019-11-19 22:00:07','carrier','name','phone','tracking_number',2),(136,'1','2018-02-19 22:00:07','1','2018-02-19 22:00:07','carrier','name','phone','tracking_number',5),(137,'1','2018-09-08 22:00:07','1','2018-09-08 22:00:07','carrier','name','phone','tracking_number',5),(138,'1','2019-06-14 22:00:07','1','2019-06-14 22:00:07','carrier','name','phone','tracking_number',2),(139,'1','2020-02-09 22:00:07','1','2020-02-09 22:00:07','carrier','name','phone','tracking_number',6),(140,'1','2019-01-28 22:00:07','1','2019-01-28 22:00:07','carrier','name','phone','tracking_number',1),(141,'1','2018-08-28 22:00:07','1','2018-08-28 22:00:07','carrier','name','phone','tracking_number',6),(142,'1','2018-10-21 22:00:07','1','2018-10-21 22:00:07','carrier','name','phone','tracking_number',4),(143,'1','2017-11-17 22:00:07','1','2017-11-17 22:00:07','carrier','name','phone','tracking_number',4),(144,'1','2018-09-27 22:00:07','1','2018-09-27 22:00:07','carrier','name','phone','tracking_number',5),(145,'1','2018-03-25 22:00:07','1','2018-03-25 22:00:07','carrier','name','phone','tracking_number',4),(146,'1','2018-10-10 22:00:07','1','2018-10-10 22:00:07','carrier','name','phone','tracking_number',3),(147,'1','2018-02-23 22:00:07','1','2018-02-23 22:00:07','carrier','name','phone','tracking_number',1),(148,'1','2017-12-04 22:00:07','1','2017-12-04 22:00:07','carrier','name','phone','tracking_number',1),(149,'1','2018-05-04 22:00:07','1','2018-05-04 22:00:07','carrier','name','phone','tracking_number',4),(150,'1','2018-01-02 22:00:07','1','2018-01-02 22:00:07','carrier','name','phone','tracking_number',5),(151,'1','2018-03-15 22:00:07','1','2018-03-15 22:00:07','carrier','name','phone','tracking_number',4),(152,'1','2020-05-21 22:00:07','1','2020-05-21 22:00:07','carrier','name','phone','tracking_number',5),(153,'1','2018-11-08 22:00:07','1','2018-11-08 22:00:07','carrier','name','phone','tracking_number',4),(154,'1','2020-01-02 22:00:07','1','2020-01-02 22:00:07','carrier','name','phone','tracking_number',4),(155,'1','2018-01-27 22:00:07','1','2018-01-27 22:00:07','carrier','name','phone','tracking_number',2),(156,'1','2019-06-19 22:00:07','1','2019-06-19 22:00:07','carrier','name','phone','tracking_number',2),(157,'1','2017-11-30 22:00:07','1','2017-11-30 22:00:07','carrier','name','phone','tracking_number',3),(158,'1','2019-05-07 22:00:07','1','2019-05-07 22:00:07','carrier','name','phone','tracking_number',2),(159,'1','2018-03-31 22:00:07','1','2018-03-31 22:00:07','carrier','name','phone','tracking_number',2),(160,'1','2018-03-18 22:00:07','1','2018-03-18 22:00:07','carrier','name','phone','tracking_number',3),(161,'1','2019-02-04 22:00:07','1','2019-02-04 22:00:07','carrier','name','phone','tracking_number',6),(162,'1','2020-02-20 22:00:07','1','2020-02-20 22:00:07','carrier','name','phone','tracking_number',3),(163,'1','2019-12-05 22:00:07','1','2019-12-05 22:00:07','carrier','name','phone','tracking_number',3),(164,'1','2019-12-15 22:00:07','1','2019-12-15 22:00:07','carrier','name','phone','tracking_number',3),(165,'1','2019-02-19 22:00:07','1','2019-02-19 22:00:07','carrier','name','phone','tracking_number',4),(166,'1','2019-02-28 22:00:07','1','2019-02-28 22:00:07','carrier','name','phone','tracking_number',5),(167,'1','2020-04-21 22:00:07','1','2020-04-21 22:00:07','carrier','name','phone','tracking_number',4),(168,'1','2019-09-09 22:00:07','1','2019-09-09 22:00:07','carrier','name','phone','tracking_number',3),(169,'1','2018-04-18 22:00:07','1','2018-04-18 22:00:07','carrier','name','phone','tracking_number',3),(170,'1','2018-05-04 22:00:07','1','2018-05-04 22:00:07','carrier','name','phone','tracking_number',6),(171,'1','2018-05-28 22:00:07','1','2018-05-28 22:00:07','carrier','name','phone','tracking_number',4),(172,'1','2020-04-17 22:00:07','1','2020-04-17 22:00:07','carrier','name','phone','tracking_number',4),(173,'1','2020-04-30 22:00:07','1','2020-04-30 22:00:07','carrier','name','phone','tracking_number',3),(174,'1','2019-07-31 22:00:07','1','2019-07-31 22:00:07','carrier','name','phone','tracking_number',4),(175,'1','2020-05-17 22:00:07','1','2020-05-17 22:00:07','carrier','name','phone','tracking_number',3),(176,'1','2018-04-12 22:00:07','1','2018-04-12 22:00:07','carrier','name','phone','tracking_number',5),(177,'1','2017-09-16 22:00:07','1','2017-09-16 22:00:07','carrier','name','phone','tracking_number',6),(178,'1','2020-03-17 22:00:07','1','2020-03-17 22:00:07','carrier','name','phone','tracking_number',2),(179,'1','2017-10-11 22:00:07','1','2017-10-11 22:00:07','carrier','name','phone','tracking_number',5),(180,'1','2019-01-15 22:00:07','1','2019-01-15 22:00:07','carrier','name','phone','tracking_number',1),(181,'1','2020-05-22 22:00:07','1','2020-05-22 22:00:07','carrier','name','phone','tracking_number',4),(182,'1','2019-12-06 22:00:07','1','2019-12-06 22:00:07','carrier','name','phone','tracking_number',1),(183,'1','2018-05-06 22:00:07','1','2018-05-06 22:00:07','carrier','name','phone','tracking_number',3),(184,'1','2018-05-31 22:00:07','1','2018-05-31 22:00:07','carrier','name','phone','tracking_number',3),(185,'1','2019-10-23 22:00:07','1','2019-10-23 22:00:07','carrier','name','phone','tracking_number',6),(186,'1','2018-04-08 22:00:07','1','2018-04-08 22:00:07','carrier','name','phone','tracking_number',3),(187,'1','2019-06-09 22:00:07','1','2019-06-09 22:00:07','carrier','name','phone','tracking_number',3),(188,'1','2019-09-04 22:00:07','1','2019-09-04 22:00:07','carrier','name','phone','tracking_number',5),(189,'1','2017-12-21 22:00:07','1','2017-12-21 22:00:07','carrier','name','phone','tracking_number',3),(190,'1','2018-06-02 22:00:07','1','2018-06-02 22:00:07','carrier','name','phone','tracking_number',2),(191,'1','2020-03-28 22:00:07','1','2020-03-28 22:00:07','carrier','name','phone','tracking_number',1),(192,'1','2019-02-24 22:00:07','1','2019-02-24 22:00:07','carrier','name','phone','tracking_number',3),(193,'1','2018-10-18 22:00:07','1','2018-10-18 22:00:07','carrier','name','phone','tracking_number',5),(194,'1','2019-05-10 22:00:07','1','2019-05-10 22:00:07','carrier','name','phone','tracking_number',4),(195,'1','2018-08-23 22:00:07','1','2018-08-23 22:00:07','carrier','name','phone','tracking_number',3),(196,'1','2020-04-19 22:00:07','1','2020-04-19 22:00:07','carrier','name','phone','tracking_number',2),(197,'1','2019-08-30 22:00:07','1','2019-08-30 22:00:07','carrier','name','phone','tracking_number',1),(198,'1','2019-03-28 22:00:07','1','2019-03-28 22:00:07','carrier','name','phone','tracking_number',2),(199,'1','2019-10-10 22:00:07','1','2019-10-10 22:00:07','carrier','name','phone','tracking_number',5),(200,'1','2017-11-16 22:00:07','1','2017-11-16 22:00:07','carrier','name','phone','tracking_number',5),(201,'1','2019-12-31 22:00:07','1','2019-12-31 22:00:07','carrier','name','phone','tracking_number',2),(202,'1','2019-10-21 22:00:07','1','2019-10-21 22:00:07','carrier','name','phone','tracking_number',5),(203,'1','2020-04-01 22:00:07','1','2020-04-01 22:00:07','carrier','name','phone','tracking_number',3),(204,'1','2019-10-12 22:00:07','1','2019-10-12 22:00:07','carrier','name','phone','tracking_number',3),(205,'1','2018-05-20 22:00:07','1','2018-05-20 22:00:07','carrier','name','phone','tracking_number',3),(206,'1','2020-04-26 22:00:07','1','2020-04-26 22:00:07','carrier','name','phone','tracking_number',5),(207,'1','2020-03-18 22:00:07','1','2020-03-18 22:00:07','carrier','name','phone','tracking_number',4),(208,'1','2019-07-15 22:00:07','1','2019-07-15 22:00:07','carrier','name','phone','tracking_number',1),(209,'1','2018-04-29 22:00:07','1','2018-04-29 22:00:07','carrier','name','phone','tracking_number',3),(210,'1','2019-07-18 22:00:07','1','2019-07-18 22:00:07','carrier','name','phone','tracking_number',6),(211,'1','2019-05-19 22:00:07','1','2019-05-19 22:00:07','carrier','name','phone','tracking_number',4),(212,'1','2017-12-16 22:00:07','1','2017-12-16 22:00:07','carrier','name','phone','tracking_number',2),(213,'1','2018-04-14 22:00:07','1','2018-04-14 22:00:07','carrier','name','phone','tracking_number',3),(214,'1','2019-08-24 22:00:07','1','2019-08-24 22:00:07','carrier','name','phone','tracking_number',2),(215,'1','2019-09-17 22:00:07','1','2019-09-17 22:00:07','carrier','name','phone','tracking_number',2),(216,'1','2020-03-21 22:00:07','1','2020-03-21 22:00:07','carrier','name','phone','tracking_number',3),(217,'1','2018-04-12 22:00:07','1','2018-04-12 22:00:07','carrier','name','phone','tracking_number',2),(218,'1','2020-03-07 22:00:07','1','2020-03-07 22:00:07','carrier','name','phone','tracking_number',4),(219,'1','2019-07-28 22:00:07','1','2019-07-28 22:00:07','carrier','name','phone','tracking_number',1),(220,'1','2019-09-15 22:00:07','1','2019-09-15 22:00:07','carrier','name','phone','tracking_number',6),(221,'1','2019-03-07 22:00:07','1','2019-03-07 22:00:07','carrier','name','phone','tracking_number',5),(222,'1','2017-09-26 22:00:07','1','2017-09-26 22:00:07','carrier','name','phone','tracking_number',3),(223,'1','2018-11-26 22:00:07','1','2018-11-26 22:00:07','carrier','name','phone','tracking_number',5),(224,'1','2020-03-05 22:00:07','1','2020-03-05 22:00:07','carrier','name','phone','tracking_number',1),(225,'1','2018-01-21 22:00:07','1','2018-01-21 22:00:07','carrier','name','phone','tracking_number',1),(226,'1','2017-11-28 22:00:07','1','2017-11-28 22:00:07','carrier','name','phone','tracking_number',1),(227,'1','2018-01-06 22:00:07','1','2018-01-06 22:00:07','carrier','name','phone','tracking_number',4),(228,'1','2019-05-21 22:00:07','1','2019-05-21 22:00:07','carrier','name','phone','tracking_number',4),(229,'1','2019-07-03 22:00:07','1','2019-07-03 22:00:07','carrier','name','phone','tracking_number',2),(230,'1','2020-05-12 22:00:07','1','2020-05-12 22:00:07','carrier','name','phone','tracking_number',2),(231,'1','2018-09-01 22:00:07','1','2018-09-01 22:00:07','carrier','name','phone','tracking_number',2),(232,'1','2020-03-20 22:00:07','1','2020-03-20 22:00:07','carrier','name','phone','tracking_number',2),(233,'1','2020-06-06 22:00:07','1','2020-06-06 22:00:07','carrier','name','phone','tracking_number',5),(234,'1','2018-07-12 22:00:07','1','2018-07-12 22:00:07','carrier','name','phone','tracking_number',4),(235,'1','2019-04-02 22:00:07','1','2019-04-02 22:00:07','carrier','name','phone','tracking_number',4),(236,'1','2019-12-03 22:00:07','1','2019-12-03 22:00:07','carrier','name','phone','tracking_number',1),(237,'1','2018-09-07 22:00:07','1','2018-09-07 22:00:07','carrier','name','phone','tracking_number',1),(238,'1','2018-11-21 22:00:07','1','2018-11-21 22:00:07','carrier','name','phone','tracking_number',3),(239,'1','2018-01-03 22:00:07','1','2018-01-03 22:00:07','carrier','name','phone','tracking_number',3),(240,'1','2018-07-07 22:00:07','1','2018-07-07 22:00:07','carrier','name','phone','tracking_number',2),(241,'1','2019-09-27 22:00:07','1','2019-09-27 22:00:07','carrier','name','phone','tracking_number',3),(242,'1','2019-06-03 22:00:07','1','2019-06-03 22:00:07','carrier','name','phone','tracking_number',6),(243,'1','2020-01-29 22:00:07','1','2020-01-29 22:00:07','carrier','name','phone','tracking_number',2),(244,'1','2019-11-07 22:00:07','1','2019-11-07 22:00:07','carrier','name','phone','tracking_number',1),(245,'1','2018-11-21 22:00:07','1','2018-11-21 22:00:07','carrier','name','phone','tracking_number',3),(246,'1','2017-12-15 22:00:07','1','2017-12-15 22:00:07','carrier','name','phone','tracking_number',6),(247,'1','2018-08-02 22:00:07','1','2018-08-02 22:00:07','carrier','name','phone','tracking_number',3),(248,'1','2017-12-06 22:00:07','1','2017-12-06 22:00:07','carrier','name','phone','tracking_number',5),(249,'1','2019-06-06 22:00:07','1','2019-06-06 22:00:07','carrier','name','phone','tracking_number',5),(250,'1','2019-02-03 22:00:07','1','2019-02-03 22:00:07','carrier','name','phone','tracking_number',1),(251,'1','2018-03-24 22:00:07','1','2018-03-24 22:00:07','carrier','name','phone','tracking_number',5),(252,'1','2019-11-25 22:00:07','1','2019-11-25 22:00:07','carrier','name','phone','tracking_number',1),(253,'1','2020-05-06 22:00:07','1','2020-05-06 22:00:07','carrier','name','phone','tracking_number',3),(254,'1','2018-08-09 22:00:07','1','2018-08-09 22:00:07','carrier','name','phone','tracking_number',5),(255,'1','2019-01-14 22:00:07','1','2019-01-14 22:00:07','carrier','name','phone','tracking_number',4),(256,'1','2019-01-03 22:00:07','1','2019-01-03 22:00:07','carrier','name','phone','tracking_number',4),(257,'1','2020-05-20 22:00:07','1','2020-05-20 22:00:07','carrier','name','phone','tracking_number',2),(258,'1','2018-08-08 22:00:07','1','2018-08-08 22:00:07','carrier','name','phone','tracking_number',5),(259,'1','2019-11-10 22:00:07','1','2019-11-10 22:00:07','carrier','name','phone','tracking_number',4),(260,'1','2018-01-17 22:00:07','1','2018-01-17 22:00:07','carrier','name','phone','tracking_number',5),(261,'1','2020-05-12 22:00:07','1','2020-05-12 22:00:07','carrier','name','phone','tracking_number',5),(262,'1','2018-08-13 22:00:07','1','2018-08-13 22:00:07','carrier','name','phone','tracking_number',6),(263,'1','2019-01-27 22:00:07','1','2019-01-27 22:00:07','carrier','name','phone','tracking_number',5),(264,'1','2019-03-21 22:00:07','1','2019-03-21 22:00:07','carrier','name','phone','tracking_number',5),(265,'1','2019-04-29 22:00:07','1','2019-04-29 22:00:07','carrier','name','phone','tracking_number',1),(266,'1','2018-05-11 22:00:07','1','2018-05-11 22:00:07','carrier','name','phone','tracking_number',2),(267,'1','2018-04-12 22:00:07','1','2018-04-12 22:00:07','carrier','name','phone','tracking_number',5),(268,'1','2020-05-10 22:00:07','1','2020-05-10 22:00:07','carrier','name','phone','tracking_number',2),(269,'1','2018-05-16 22:00:07','1','2018-05-16 22:00:07','carrier','name','phone','tracking_number',3),(270,'1','2019-08-21 22:00:07','1','2019-08-21 22:00:07','carrier','name','phone','tracking_number',5),(271,'1','2020-01-10 22:00:07','1','2020-01-10 22:00:07','carrier','name','phone','tracking_number',4),(272,'1','2019-03-03 22:00:07','1','2019-03-03 22:00:07','carrier','name','phone','tracking_number',2),(273,'1','2017-09-29 22:00:07','1','2017-09-29 22:00:07','carrier','name','phone','tracking_number',2),(274,'1','2020-03-19 22:00:07','1','2020-03-19 22:00:07','carrier','name','phone','tracking_number',4),(275,'1','2020-04-24 22:00:07','1','2020-04-24 22:00:07','carrier','name','phone','tracking_number',3),(276,'1','2018-12-21 22:00:07','1','2018-12-21 22:00:07','carrier','name','phone','tracking_number',3),(277,'1','2018-12-04 22:00:07','1','2018-12-04 22:00:07','carrier','name','phone','tracking_number',2),(278,'1','2019-12-08 22:00:07','1','2019-12-08 22:00:07','carrier','name','phone','tracking_number',3),(279,'1','2019-01-04 22:00:07','1','2019-01-04 22:00:07','carrier','name','phone','tracking_number',6),(280,'1','2019-01-13 22:00:07','1','2019-01-13 22:00:07','carrier','name','phone','tracking_number',5),(281,'1','2019-01-03 22:00:07','1','2019-01-03 22:00:07','carrier','name','phone','tracking_number',2),(282,'1','2018-08-30 22:00:07','1','2018-08-30 22:00:07','carrier','name','phone','tracking_number',5),(283,'1','2018-01-18 22:00:07','1','2018-01-18 22:00:07','carrier','name','phone','tracking_number',4),(284,'1','2018-08-02 22:00:07','1','2018-08-02 22:00:07','carrier','name','phone','tracking_number',2),(285,'1','2019-09-06 22:00:07','1','2019-09-06 22:00:07','carrier','name','phone','tracking_number',2),(286,'1','2019-01-09 22:00:07','1','2019-01-09 22:00:07','carrier','name','phone','tracking_number',4),(287,'1','2020-03-21 22:00:07','1','2020-03-21 22:00:07','carrier','name','phone','tracking_number',2),(288,'1','2019-01-10 22:00:07','1','2019-01-10 22:00:07','carrier','name','phone','tracking_number',2),(289,'1','2019-03-06 22:00:07','1','2019-03-06 22:00:07','carrier','name','phone','tracking_number',4),(290,'1','2018-08-17 22:00:07','1','2018-08-17 22:00:07','carrier','name','phone','tracking_number',1),(291,'1','2018-12-31 22:00:07','1','2018-12-31 22:00:07','carrier','name','phone','tracking_number',3),(292,'1','2017-11-08 22:00:07','1','2017-11-08 22:00:07','carrier','name','phone','tracking_number',3),(293,'1','2018-07-01 22:00:07','1','2018-07-01 22:00:07','carrier','name','phone','tracking_number',2),(294,'1','2018-03-16 22:00:07','1','2018-03-16 22:00:07','carrier','name','phone','tracking_number',6),(295,'1','2017-09-26 22:00:07','1','2017-09-26 22:00:07','carrier','name','phone','tracking_number',2),(296,'1','2017-09-20 22:00:07','1','2017-09-20 22:00:07','carrier','name','phone','tracking_number',4),(297,'1','2019-02-28 22:00:07','1','2019-02-28 22:00:07','carrier','name','phone','tracking_number',6),(298,'1','2017-10-31 22:00:07','1','2017-10-31 22:00:07','carrier','name','phone','tracking_number',2),(299,'1','2017-10-17 22:00:07','1','2017-10-17 22:00:07','carrier','name','phone','tracking_number',3),(300,'1','2018-03-02 22:00:07','1','2018-03-02 22:00:07','carrier','name','phone','tracking_number',6),(301,'1','2020-03-19 22:00:07','1','2020-03-19 22:00:07','carrier','name','phone','tracking_number',4),(302,'1','2020-06-06 22:00:07','1','2020-06-06 22:00:07','carrier','name','phone','tracking_number',2),(303,'1','2018-02-11 22:00:07','1','2018-02-11 22:00:07','carrier','name','phone','tracking_number',2),(304,'1','2019-09-16 22:00:07','1','2019-09-16 22:00:07','carrier','name','phone','tracking_number',2),(305,'1','2018-07-24 22:00:07','1','2018-07-24 22:00:07','carrier','name','phone','tracking_number',2),(306,'1','2017-11-15 22:00:07','1','2017-11-15 22:00:07','carrier','name','phone','tracking_number',2),(307,'1','2019-08-13 22:00:07','1','2019-08-13 22:00:07','carrier','name','phone','tracking_number',2),(308,'1','2018-08-04 22:00:07','1','2018-08-04 22:00:07','carrier','name','phone','tracking_number',3),(309,'1','2018-05-30 22:00:07','1','2018-05-30 22:00:07','carrier','name','phone','tracking_number',4),(310,'1','2018-05-15 22:00:07','1','2018-05-15 22:00:07','carrier','name','phone','tracking_number',2),(311,'1','2019-05-21 22:00:07','1','2019-05-21 22:00:07','carrier','name','phone','tracking_number',3),(312,'1','2017-10-15 22:00:07','1','2017-10-15 22:00:07','carrier','name','phone','tracking_number',3),(313,'1','2018-09-21 22:00:07','1','2018-09-21 22:00:07','carrier','name','phone','tracking_number',2),(314,'1','2018-06-14 22:00:07','1','2018-06-14 22:00:07','carrier','name','phone','tracking_number',2),(315,'1','2019-05-25 22:00:07','1','2019-05-25 22:00:07','carrier','name','phone','tracking_number',1),(316,'1','2019-03-03 22:00:07','1','2019-03-03 22:00:07','carrier','name','phone','tracking_number',2),(317,'1','2018-10-12 22:00:07','1','2018-10-12 22:00:07','carrier','name','phone','tracking_number',5),(318,'1','2020-05-03 22:00:07','1','2020-05-03 22:00:07','carrier','name','phone','tracking_number',2),(319,'1','2019-10-31 22:00:07','1','2019-10-31 22:00:07','carrier','name','phone','tracking_number',4),(320,'1','2018-12-03 22:00:07','1','2018-12-03 22:00:07','carrier','name','phone','tracking_number',1),(321,'1','2019-11-12 22:00:07','1','2019-11-12 22:00:07','carrier','name','phone','tracking_number',1),(322,'1','2019-08-04 22:00:07','1','2019-08-04 22:00:07','carrier','name','phone','tracking_number',4),(323,'1','2018-01-02 22:00:07','1','2018-01-02 22:00:07','carrier','name','phone','tracking_number',3),(324,'1','2018-11-17 22:00:07','1','2018-11-17 22:00:07','carrier','name','phone','tracking_number',6),(325,'1','2020-06-01 22:00:07','1','2020-06-01 22:00:07','carrier','name','phone','tracking_number',4),(326,'1','2019-07-17 22:00:07','1','2019-07-17 22:00:07','carrier','name','phone','tracking_number',3),(327,'1','2017-12-08 22:00:07','1','2017-12-08 22:00:07','carrier','name','phone','tracking_number',5),(328,'1','2019-11-25 22:00:07','1','2019-11-25 22:00:07','carrier','name','phone','tracking_number',3),(329,'1','2020-02-15 22:00:07','1','2020-02-15 22:00:07','carrier','name','phone','tracking_number',4),(330,'1','2018-01-30 22:00:07','1','2018-01-30 22:00:07','carrier','name','phone','tracking_number',2),(331,'1','2018-06-22 22:00:07','1','2018-06-22 22:00:07','carrier','name','phone','tracking_number',5),(332,'1','2017-10-19 22:00:07','1','2017-10-19 22:00:07','carrier','name','phone','tracking_number',4),(333,'1','2018-12-16 22:00:07','1','2018-12-16 22:00:07','carrier','name','phone','tracking_number',3),(334,'1','2018-04-25 22:00:07','1','2018-04-25 22:00:07','carrier','name','phone','tracking_number',6),(335,'1','2019-11-04 22:00:07','1','2019-11-04 22:00:07','carrier','name','phone','tracking_number',5),(336,'1','2019-07-17 22:00:07','1','2019-07-17 22:00:07','carrier','name','phone','tracking_number',6),(337,'1','2017-09-25 22:00:07','1','2017-09-25 22:00:07','carrier','name','phone','tracking_number',3),(338,'1','2018-03-16 22:00:07','1','2018-03-16 22:00:07','carrier','name','phone','tracking_number',5),(339,'1','2019-05-20 22:00:07','1','2019-05-20 22:00:07','carrier','name','phone','tracking_number',5),(340,'1','2018-02-10 22:00:07','1','2018-02-10 22:00:07','carrier','name','phone','tracking_number',4),(341,'1','2018-06-13 22:00:07','1','2018-06-13 22:00:07','carrier','name','phone','tracking_number',4),(342,'1','2017-11-28 22:00:07','1','2017-11-28 22:00:07','carrier','name','phone','tracking_number',1),(343,'1','2019-06-01 22:00:07','1','2019-06-01 22:00:07','carrier','name','phone','tracking_number',5),(344,'1','2020-01-15 22:00:07','1','2020-01-15 22:00:07','carrier','name','phone','tracking_number',3),(345,'1','2018-01-01 22:00:07','1','2018-01-01 22:00:07','carrier','name','phone','tracking_number',6),(346,'1','2019-01-16 22:00:07','1','2019-01-16 22:00:07','carrier','name','phone','tracking_number',5),(347,'1','2020-04-15 22:00:07','1','2020-04-15 22:00:07','carrier','name','phone','tracking_number',6),(348,'1','2019-06-08 22:00:07','1','2019-06-08 22:00:07','carrier','name','phone','tracking_number',4),(349,'1','2018-10-19 22:00:07','1','2018-10-19 22:00:07','carrier','name','phone','tracking_number',5),(350,'1','2017-12-19 22:00:07','1','2017-12-19 22:00:07','carrier','name','phone','tracking_number',3),(351,'1','2017-09-25 22:00:07','1','2017-09-25 22:00:07','carrier','name','phone','tracking_number',2),(352,'1','2020-01-09 22:00:07','1','2020-01-09 22:00:07','carrier','name','phone','tracking_number',5),(353,'1','2018-12-21 22:00:07','1','2018-12-21 22:00:07','carrier','name','phone','tracking_number',5),(354,'1','2018-06-12 22:00:07','1','2018-06-12 22:00:07','carrier','name','phone','tracking_number',1),(355,'1','2018-12-19 22:00:07','1','2018-12-19 22:00:07','carrier','name','phone','tracking_number',3),(356,'1','2020-06-01 22:00:07','1','2020-06-01 22:00:07','carrier','name','phone','tracking_number',6),(357,'1','2018-09-27 22:00:07','1','2018-09-27 22:00:07','carrier','name','phone','tracking_number',1),(358,'1','2019-01-17 22:00:07','1','2019-01-17 22:00:07','carrier','name','phone','tracking_number',1),(359,'1','2019-05-30 22:00:07','1','2019-05-30 22:00:07','carrier','name','phone','tracking_number',4),(360,'1','2018-07-01 22:00:07','1','2018-07-01 22:00:07','carrier','name','phone','tracking_number',5),(361,'1','2020-01-02 22:00:07','1','2020-01-02 22:00:07','carrier','name','phone','tracking_number',2),(362,'1','2019-09-18 22:00:07','1','2019-09-18 22:00:07','carrier','name','phone','tracking_number',6),(363,'1','2020-04-19 22:00:07','1','2020-04-19 22:00:07','carrier','name','phone','tracking_number',1),(364,'1','2020-02-22 22:00:07','1','2020-02-22 22:00:07','carrier','name','phone','tracking_number',5),(365,'1','2019-03-02 22:00:07','1','2019-03-02 22:00:07','carrier','name','phone','tracking_number',4),(366,'1','2020-06-01 22:00:07','1','2020-06-01 22:00:07','carrier','name','phone','tracking_number',4),(367,'1','2020-02-14 22:00:07','1','2020-02-14 22:00:07','carrier','name','phone','tracking_number',3),(368,'1','2018-01-23 22:00:07','1','2018-01-23 22:00:07','carrier','name','phone','tracking_number',2),(369,'1','2020-01-24 22:00:07','1','2020-01-24 22:00:07','carrier','name','phone','tracking_number',2),(370,'1','2019-12-15 22:00:07','1','2019-12-15 22:00:07','carrier','name','phone','tracking_number',5),(371,'1','2020-02-11 22:00:07','1','2020-02-11 22:00:07','carrier','name','phone','tracking_number',3),(372,'1','2019-05-01 22:00:07','1','2019-05-01 22:00:07','carrier','name','phone','tracking_number',5),(373,'1','2017-10-02 22:00:07','1','2017-10-02 22:00:07','carrier','name','phone','tracking_number',2),(374,'1','2017-10-15 22:00:07','1','2017-10-15 22:00:07','carrier','name','phone','tracking_number',2),(375,'1','2020-01-28 22:00:07','1','2020-01-28 22:00:07','carrier','name','phone','tracking_number',5),(376,'1','2018-09-09 22:00:07','1','2018-09-09 22:00:07','carrier','name','phone','tracking_number',1),(377,'1','2020-04-03 22:00:07','1','2020-04-03 22:00:07','carrier','name','phone','tracking_number',3),(378,'1','2018-08-07 22:00:07','1','2018-08-07 22:00:07','carrier','name','phone','tracking_number',4),(379,'1','2018-07-10 22:00:07','1','2018-07-10 22:00:07','carrier','name','phone','tracking_number',4),(380,'1','2019-08-30 22:00:07','1','2019-08-30 22:00:07','carrier','name','phone','tracking_number',5),(381,'1','2018-12-26 22:00:07','1','2018-12-26 22:00:07','carrier','name','phone','tracking_number',6),(382,'1','2019-04-20 22:00:07','1','2019-04-20 22:00:07','carrier','name','phone','tracking_number',6),(383,'1','2020-05-20 22:00:07','1','2020-05-20 22:00:07','carrier','name','phone','tracking_number',2),(384,'1','2018-10-07 22:00:07','1','2018-10-07 22:00:07','carrier','name','phone','tracking_number',5),(385,'1','2018-08-30 22:00:07','1','2018-08-30 22:00:07','carrier','name','phone','tracking_number',3),(386,'1','2019-06-23 22:00:07','1','2019-06-23 22:00:07','carrier','name','phone','tracking_number',4),(387,'1','2019-10-31 22:00:07','1','2019-10-31 22:00:07','carrier','name','phone','tracking_number',4),(388,'1','2019-07-20 22:00:07','1','2019-07-20 22:00:07','carrier','name','phone','tracking_number',2),(389,'1','2018-07-22 22:00:07','1','2018-07-22 22:00:07','carrier','name','phone','tracking_number',5),(390,'1','2019-05-06 22:00:07','1','2019-05-06 22:00:07','carrier','name','phone','tracking_number',4),(391,'1','2018-07-07 22:00:07','1','2018-07-07 22:00:07','carrier','name','phone','tracking_number',1),(392,'1','2018-08-16 22:00:07','1','2018-08-16 22:00:07','carrier','name','phone','tracking_number',3),(393,'1','2020-04-12 22:00:07','1','2020-04-12 22:00:07','carrier','name','phone','tracking_number',3),(394,'1','2019-03-29 22:00:07','1','2019-03-29 22:00:07','carrier','name','phone','tracking_number',6),(395,'1','2020-01-27 22:00:07','1','2020-01-27 22:00:07','carrier','name','phone','tracking_number',5),(396,'1','2018-06-25 22:00:07','1','2018-06-25 22:00:07','carrier','name','phone','tracking_number',2),(397,'1','2020-04-30 22:00:07','1','2020-04-30 22:00:07','carrier','name','phone','tracking_number',4),(398,'1','2019-07-11 22:00:07','1','2019-07-11 22:00:07','carrier','name','phone','tracking_number',5),(399,'1','2018-11-22 22:00:07','1','2018-11-22 22:00:07','carrier','name','phone','tracking_number',3),(400,'1','2019-05-18 22:00:07','1','2019-05-18 22:00:07','carrier','name','phone','tracking_number',2),(401,'1','2020-04-01 22:00:07','1','2020-04-01 22:00:07','carrier','name','phone','tracking_number',5),(402,'1','2020-01-15 22:00:07','1','2020-01-15 22:00:07','carrier','name','phone','tracking_number',6),(403,'1','2018-01-17 22:00:07','1','2018-01-17 22:00:07','carrier','name','phone','tracking_number',4),(404,'1','2017-12-19 22:00:07','1','2017-12-19 22:00:07','carrier','name','phone','tracking_number',3),(405,'1','2018-02-07 22:00:07','1','2018-02-07 22:00:07','carrier','name','phone','tracking_number',4),(406,'1','2018-04-10 22:00:07','1','2018-04-10 22:00:07','carrier','name','phone','tracking_number',3),(407,'1','2017-12-12 22:00:07','1','2017-12-12 22:00:07','carrier','name','phone','tracking_number',2),(408,'1','2019-10-26 22:00:07','1','2019-10-26 22:00:07','carrier','name','phone','tracking_number',1),(409,'1','2018-08-20 22:00:07','1','2018-08-20 22:00:07','carrier','name','phone','tracking_number',1),(410,'1','2019-11-23 22:00:07','1','2019-11-23 22:00:07','carrier','name','phone','tracking_number',4),(411,'1','2018-05-20 22:00:07','1','2018-05-20 22:00:07','carrier','name','phone','tracking_number',1),(412,'1','2019-11-19 22:00:07','1','2019-11-19 22:00:07','carrier','name','phone','tracking_number',6),(413,'1','2019-03-23 22:00:07','1','2019-03-23 22:00:07','carrier','name','phone','tracking_number',4),(414,'1','2018-07-09 22:00:07','1','2018-07-09 22:00:07','carrier','name','phone','tracking_number',4),(415,'1','2018-04-10 22:00:07','1','2018-04-10 22:00:07','carrier','name','phone','tracking_number',4),(416,'1','2019-04-23 22:00:07','1','2019-04-23 22:00:07','carrier','name','phone','tracking_number',1),(417,'1','2020-06-04 22:00:07','1','2020-06-04 22:00:07','carrier','name','phone','tracking_number',5),(418,'1','2018-08-21 22:00:07','1','2018-08-21 22:00:07','carrier','name','phone','tracking_number',6),(419,'1','2020-05-30 22:00:07','1','2020-05-30 22:00:07','carrier','name','phone','tracking_number',3),(420,'1','2018-05-28 22:00:07','1','2018-05-28 22:00:07','carrier','name','phone','tracking_number',4),(421,'1','2017-10-12 22:00:07','1','2017-10-12 22:00:07','carrier','name','phone','tracking_number',5),(422,'1','2018-01-17 22:00:07','1','2018-01-17 22:00:07','carrier','name','phone','tracking_number',5),(423,'1','2018-07-08 22:00:07','1','2018-07-08 22:00:07','carrier','name','phone','tracking_number',2),(424,'1','2019-09-03 22:00:07','1','2019-09-03 22:00:07','carrier','name','phone','tracking_number',2),(425,'1','2018-07-05 22:00:07','1','2018-07-05 22:00:07','carrier','name','phone','tracking_number',5),(426,'1','2019-06-30 22:00:07','1','2019-06-30 22:00:07','carrier','name','phone','tracking_number',5),(427,'1','2019-02-15 22:00:07','1','2019-02-15 22:00:07','carrier','name','phone','tracking_number',5),(428,'1','2018-09-04 22:00:07','1','2018-09-04 22:00:07','carrier','name','phone','tracking_number',5),(429,'1','2018-06-05 22:00:07','1','2018-06-05 22:00:07','carrier','name','phone','tracking_number',4),(430,'1','2017-11-26 22:00:07','1','2017-11-26 22:00:07','carrier','name','phone','tracking_number',3),(431,'1','2018-07-30 22:00:07','1','2018-07-30 22:00:07','carrier','name','phone','tracking_number',6),(432,'1','2017-12-01 22:00:07','1','2017-12-01 22:00:07','carrier','name','phone','tracking_number',6),(433,'1','2018-12-10 22:00:07','1','2018-12-10 22:00:07','carrier','name','phone','tracking_number',2),(434,'1','2019-04-26 22:00:07','1','2019-04-26 22:00:07','carrier','name','phone','tracking_number',3),(435,'1','2019-01-29 22:00:07','1','2019-01-29 22:00:07','carrier','name','phone','tracking_number',6),(436,'1','2019-01-17 22:00:07','1','2019-01-17 22:00:07','carrier','name','phone','tracking_number',3),(437,'1','2018-08-15 22:00:07','1','2018-08-15 22:00:07','carrier','name','phone','tracking_number',1),(438,'1','2019-03-23 22:00:07','1','2019-03-23 22:00:07','carrier','name','phone','tracking_number',3),(439,'1','2019-09-24 22:00:07','1','2019-09-24 22:00:07','carrier','name','phone','tracking_number',6),(440,'1','2020-05-19 22:00:07','1','2020-05-19 22:00:07','carrier','name','phone','tracking_number',4),(441,'1','2019-05-16 22:00:07','1','2019-05-16 22:00:07','carrier','name','phone','tracking_number',5),(442,'1','2020-04-07 22:00:07','1','2020-04-07 22:00:07','carrier','name','phone','tracking_number',4),(443,'1','2019-01-22 22:00:07','1','2019-01-22 22:00:07','carrier','name','phone','tracking_number',1),(444,'1','2018-08-24 22:00:07','1','2018-08-24 22:00:07','carrier','name','phone','tracking_number',2),(445,'1','2018-11-11 22:00:07','1','2018-11-11 22:00:07','carrier','name','phone','tracking_number',5),(446,'1','2019-09-28 22:00:07','1','2019-09-28 22:00:07','carrier','name','phone','tracking_number',5),(447,'1','2019-08-14 22:00:07','1','2019-08-14 22:00:07','carrier','name','phone','tracking_number',4),(448,'1','2019-01-10 22:00:07','1','2019-01-10 22:00:07','carrier','name','phone','tracking_number',5),(449,'1','2018-12-31 22:00:07','1','2018-12-31 22:00:07','carrier','name','phone','tracking_number',2),(450,'1','2018-09-05 22:00:07','1','2018-09-05 22:00:07','carrier','name','phone','tracking_number',3),(451,'1','2017-12-04 22:00:07','1','2017-12-04 22:00:07','carrier','name','phone','tracking_number',2),(452,'1','2019-07-23 22:00:07','1','2019-07-23 22:00:07','carrier','name','phone','tracking_number',6),(453,'1','2019-11-23 22:00:07','1','2019-11-23 22:00:07','carrier','name','phone','tracking_number',4),(454,'1','2018-05-22 22:00:07','1','2018-05-22 22:00:07','carrier','name','phone','tracking_number',1),(455,'1','2019-05-30 22:00:07','1','2019-05-30 22:00:07','carrier','name','phone','tracking_number',3),(456,'1','2018-07-06 22:00:07','1','2018-07-06 22:00:07','carrier','name','phone','tracking_number',3),(457,'1','2019-05-26 22:00:07','1','2019-05-26 22:00:07','carrier','name','phone','tracking_number',3),(458,'1','2019-10-10 22:00:07','1','2019-10-10 22:00:07','carrier','name','phone','tracking_number',2),(459,'1','2019-09-01 22:00:07','1','2019-09-01 22:00:07','carrier','name','phone','tracking_number',1),(460,'1','2018-10-31 22:00:07','1','2018-10-31 22:00:07','carrier','name','phone','tracking_number',2),(461,'1','2019-06-30 22:00:07','1','2019-06-30 22:00:07','carrier','name','phone','tracking_number',4),(462,'1','2017-12-04 22:00:07','1','2017-12-04 22:00:07','carrier','name','phone','tracking_number',4),(463,'1','2019-03-07 22:00:07','1','2019-03-07 22:00:07','carrier','name','phone','tracking_number',5),(464,'1','2019-01-28 22:00:07','1','2019-01-28 22:00:07','carrier','name','phone','tracking_number',5),(465,'1','2018-08-17 22:00:07','1','2018-08-17 22:00:07','carrier','name','phone','tracking_number',3),(466,'1','2020-03-11 22:00:07','1','2020-03-11 22:00:07','carrier','name','phone','tracking_number',2),(467,'1','2018-08-16 22:00:07','1','2018-08-16 22:00:07','carrier','name','phone','tracking_number',2),(468,'1','2018-09-01 22:00:07','1','2018-09-01 22:00:07','carrier','name','phone','tracking_number',1),(469,'1','2019-11-12 22:00:07','1','2019-11-12 22:00:07','carrier','name','phone','tracking_number',2),(470,'1','2019-09-09 22:00:07','1','2019-09-09 22:00:07','carrier','name','phone','tracking_number',2),(471,'1','2019-05-25 22:00:07','1','2019-05-25 22:00:07','carrier','name','phone','tracking_number',4),(472,'1','2019-06-24 22:00:07','1','2019-06-24 22:00:07','carrier','name','phone','tracking_number',3),(473,'1','2019-05-29 22:00:07','1','2019-05-29 22:00:07','carrier','name','phone','tracking_number',3),(474,'1','2018-12-29 22:00:07','1','2018-12-29 22:00:07','carrier','name','phone','tracking_number',5),(475,'1','2019-02-13 22:00:07','1','2019-02-13 22:00:07','carrier','name','phone','tracking_number',2),(476,'1','2018-12-21 22:00:07','1','2018-12-21 22:00:07','carrier','name','phone','tracking_number',2),(477,'1','2018-06-04 22:00:07','1','2018-06-04 22:00:07','carrier','name','phone','tracking_number',5),(478,'1','2018-11-30 22:00:07','1','2018-11-30 22:00:07','carrier','name','phone','tracking_number',3),(479,'1','2020-05-31 22:00:07','1','2020-05-31 22:00:07','carrier','name','phone','tracking_number',4),(480,'1','2018-01-30 22:00:07','1','2018-01-30 22:00:07','carrier','name','phone','tracking_number',4),(481,'1','2018-04-17 22:00:07','1','2018-04-17 22:00:07','carrier','name','phone','tracking_number',2),(482,'1','2019-03-01 22:00:07','1','2019-03-01 22:00:07','carrier','name','phone','tracking_number',2),(483,'1','2019-10-29 22:00:07','1','2019-10-29 22:00:07','carrier','name','phone','tracking_number',1),(484,'1','2019-10-31 22:00:07','1','2019-10-31 22:00:07','carrier','name','phone','tracking_number',3),(485,'1','2020-03-26 22:00:07','1','2020-03-26 22:00:07','carrier','name','phone','tracking_number',2),(486,'1','2019-08-30 22:00:07','1','2019-08-30 22:00:07','carrier','name','phone','tracking_number',2),(487,'1','2018-02-24 22:00:07','1','2018-02-24 22:00:07','carrier','name','phone','tracking_number',3),(488,'1','2020-02-15 22:00:07','1','2020-02-15 22:00:07','carrier','name','phone','tracking_number',3),(489,'1','2018-09-22 22:00:07','1','2018-09-22 22:00:07','carrier','name','phone','tracking_number',3),(490,'1','2019-05-30 22:00:07','1','2019-05-30 22:00:07','carrier','name','phone','tracking_number',2),(491,'1','2020-05-08 22:00:07','1','2020-05-08 22:00:07','carrier','name','phone','tracking_number',1),(492,'1','2018-08-04 22:00:07','1','2018-08-04 22:00:07','carrier','name','phone','tracking_number',5),(493,'1','2018-03-15 22:00:07','1','2018-03-15 22:00:07','carrier','name','phone','tracking_number',3),(494,'1','2020-06-10 22:00:07','1','2020-06-10 22:00:07','carrier','name','phone','tracking_number',5),(495,'1','2018-01-23 22:00:07','1','2018-01-23 22:00:07','carrier','name','phone','tracking_number',3),(496,'1','2018-12-26 22:00:07','1','2018-12-26 22:00:07','carrier','name','phone','tracking_number',2),(497,'1','2020-02-02 22:00:07','1','2020-02-02 22:00:07','carrier','name','phone','tracking_number',3),(498,'1','2019-05-08 22:00:07','1','2019-05-08 22:00:07','carrier','name','phone','tracking_number',2),(499,'1','2019-08-08 22:00:07','1','2019-08-08 22:00:07','carrier','name','phone','tracking_number',4),(500,'1','2019-09-24 22:00:07','1','2019-09-24 22:00:07','carrier','name','phone','tracking_number',3);

INSERT INTO payment (id,created_by,created_date,last_modified_by,last_modified_date,amount,currency,description,stripe_payment_intent_id) VALUES (1,'1','2019-03-27 22:00:07','1','2019-03-27 22:00:07',1,'eur','test payment number 1','stripe_payment_intent_id number 1'),(2,'1','2018-03-23 22:00:07','1','2018-03-23 22:00:07',1,'eur','test payment number 2','stripe_payment_intent_id number 2'),(3,'1','2019-05-08 22:00:07','1','2019-05-08 22:00:07',1,'eur','test payment number 3','stripe_payment_intent_id number 3'),(4,'1','2019-01-07 22:00:07','1','2019-01-07 22:00:07',1,'eur','test payment number 4','stripe_payment_intent_id number 4'),(5,'1','2018-07-03 22:00:07','1','2018-07-03 22:00:07',1,'eur','test payment number 5','stripe_payment_intent_id number 5'),(6,'1','2019-03-10 22:00:07','1','2019-03-10 22:00:07',1,'eur','test payment number 6','stripe_payment_intent_id number 6'),(7,'1','2017-11-16 22:00:07','1','2017-11-16 22:00:07',1,'eur','test payment number 7','stripe_payment_intent_id number 7'),(8,'1','2019-11-15 22:00:07','1','2019-11-15 22:00:07',1,'eur','test payment number 8','stripe_payment_intent_id number 8'),(9,'1','2019-04-22 22:00:07','1','2019-04-22 22:00:07',1,'eur','test payment number 9','stripe_payment_intent_id number 9'),(10,'1','2019-03-24 22:00:07','1','2019-03-24 22:00:07',1,'eur','test payment number 10','stripe_payment_intent_id number 10'),(11,'1','2018-06-29 22:00:07','1','2018-06-29 22:00:07',1,'eur','test payment number 11','stripe_payment_intent_id number 11'),(12,'1','2017-10-31 22:00:07','1','2017-10-31 22:00:07',1,'eur','test payment number 12','stripe_payment_intent_id number 12'),(13,'1','2019-12-09 22:00:07','1','2019-12-09 22:00:07',1,'eur','test payment number 13','stripe_payment_intent_id number 13'),(14,'1','2018-11-30 22:00:07','1','2018-11-30 22:00:07',1,'eur','test payment number 14','stripe_payment_intent_id number 14'),(15,'1','2020-03-16 22:00:07','1','2020-03-16 22:00:07',1,'eur','test payment number 15','stripe_payment_intent_id number 15'),(16,'1','2020-06-08 22:00:07','1','2020-06-08 22:00:07',1,'eur','test payment number 16','stripe_payment_intent_id number 16'),(17,'1','2018-06-27 22:00:07','1','2018-06-27 22:00:07',1,'eur','test payment number 17','stripe_payment_intent_id number 17'),(18,'1','2018-08-08 22:00:07','1','2018-08-08 22:00:07',1,'eur','test payment number 18','stripe_payment_intent_id number 18'),(19,'1','2017-09-28 22:00:07','1','2017-09-28 22:00:07',1,'eur','test payment number 19','stripe_payment_intent_id number 19'),(20,'1','2019-11-11 22:00:07','1','2019-11-11 22:00:07',1,'eur','test payment number 20','stripe_payment_intent_id number 20'),(21,'1','2017-12-28 22:00:07','1','2017-12-28 22:00:07',1,'eur','test payment number 21','stripe_payment_intent_id number 21'),(22,'1','2018-11-11 22:00:07','1','2018-11-11 22:00:07',1,'eur','test payment number 22','stripe_payment_intent_id number 22'),(23,'1','2018-03-09 22:00:07','1','2018-03-09 22:00:07',1,'eur','test payment number 23','stripe_payment_intent_id number 23'),(24,'1','2020-04-19 22:00:07','1','2020-04-19 22:00:07',1,'eur','test payment number 24','stripe_payment_intent_id number 24'),(25,'1','2018-03-26 22:00:07','1','2018-03-26 22:00:07',1,'eur','test payment number 25','stripe_payment_intent_id number 25'),(26,'1','2018-05-21 22:00:07','1','2018-05-21 22:00:07',1,'eur','test payment number 26','stripe_payment_intent_id number 26'),(27,'1','2018-02-08 22:00:07','1','2018-02-08 22:00:07',1,'eur','test payment number 27','stripe_payment_intent_id number 27'),(28,'1','2019-05-29 22:00:07','1','2019-05-29 22:00:07',1,'eur','test payment number 28','stripe_payment_intent_id number 28'),(29,'1','2018-07-04 22:00:07','1','2018-07-04 22:00:07',1,'eur','test payment number 29','stripe_payment_intent_id number 29'),(30,'1','2019-05-15 22:00:07','1','2019-05-15 22:00:07',1,'eur','test payment number 30','stripe_payment_intent_id number 30'),(31,'1','2019-08-20 22:00:07','1','2019-08-20 22:00:07',1,'eur','test payment number 31','stripe_payment_intent_id number 31'),(32,'1','2019-05-27 22:00:07','1','2019-05-27 22:00:07',1,'eur','test payment number 32','stripe_payment_intent_id number 32'),(33,'1','2019-05-08 22:00:07','1','2019-05-08 22:00:07',1,'eur','test payment number 33','stripe_payment_intent_id number 33'),(34,'1','2020-04-04 22:00:07','1','2020-04-04 22:00:07',1,'eur','test payment number 34','stripe_payment_intent_id number 34'),(35,'1','2017-09-23 22:00:07','1','2017-09-23 22:00:07',1,'eur','test payment number 35','stripe_payment_intent_id number 35'),(36,'1','2020-01-14 22:00:07','1','2020-01-14 22:00:07',1,'eur','test payment number 36','stripe_payment_intent_id number 36'),(37,'1','2019-03-18 22:00:07','1','2019-03-18 22:00:07',1,'eur','test payment number 37','stripe_payment_intent_id number 37'),(38,'1','2020-04-07 22:00:07','1','2020-04-07 22:00:07',1,'eur','test payment number 38','stripe_payment_intent_id number 38'),(39,'1','2018-01-29 22:00:07','1','2018-01-29 22:00:07',1,'eur','test payment number 39','stripe_payment_intent_id number 39'),(40,'1','2020-01-25 22:00:07','1','2020-01-25 22:00:07',1,'eur','test payment number 40','stripe_payment_intent_id number 40'),(41,'1','2019-04-27 22:00:07','1','2019-04-27 22:00:07',1,'eur','test payment number 41','stripe_payment_intent_id number 41'),(42,'1','2019-09-29 22:00:07','1','2019-09-29 22:00:07',1,'eur','test payment number 42','stripe_payment_intent_id number 42'),(43,'1','2017-12-03 22:00:07','1','2017-12-03 22:00:07',1,'eur','test payment number 43','stripe_payment_intent_id number 43'),(44,'1','2018-04-23 22:00:07','1','2018-04-23 22:00:07',1,'eur','test payment number 44','stripe_payment_intent_id number 44'),(45,'1','2020-03-25 22:00:07','1','2020-03-25 22:00:07',1,'eur','test payment number 45','stripe_payment_intent_id number 45'),(46,'1','2017-09-24 22:00:07','1','2017-09-24 22:00:07',1,'eur','test payment number 46','stripe_payment_intent_id number 46'),(47,'1','2018-11-17 22:00:07','1','2018-11-17 22:00:07',1,'eur','test payment number 47','stripe_payment_intent_id number 47'),(48,'1','2020-04-04 22:00:07','1','2020-04-04 22:00:07',1,'eur','test payment number 48','stripe_payment_intent_id number 48'),(49,'1','2020-04-14 22:00:07','1','2020-04-14 22:00:07',1,'eur','test payment number 49','stripe_payment_intent_id number 49'),(50,'1','2018-12-08 22:00:07','1','2018-12-08 22:00:07',1,'eur','test payment number 50','stripe_payment_intent_id number 50'),(51,'1','2019-09-01 22:00:07','1','2019-09-01 22:00:07',1,'eur','test payment number 51','stripe_payment_intent_id number 51'),(52,'1','2018-04-29 22:00:07','1','2018-04-29 22:00:07',1,'eur','test payment number 52','stripe_payment_intent_id number 52'),(53,'1','2019-03-20 22:00:07','1','2019-03-20 22:00:07',1,'eur','test payment number 53','stripe_payment_intent_id number 53'),(54,'1','2019-01-25 22:00:07','1','2019-01-25 22:00:07',1,'eur','test payment number 54','stripe_payment_intent_id number 54'),(55,'1','2018-04-13 22:00:07','1','2018-04-13 22:00:07',1,'eur','test payment number 55','stripe_payment_intent_id number 55'),(56,'1','2018-07-07 22:00:07','1','2018-07-07 22:00:07',1,'eur','test payment number 56','stripe_payment_intent_id number 56'),(57,'1','2019-04-09 22:00:07','1','2019-04-09 22:00:07',1,'eur','test payment number 57','stripe_payment_intent_id number 57'),(58,'1','2020-06-07 22:00:07','1','2020-06-07 22:00:07',1,'eur','test payment number 58','stripe_payment_intent_id number 58'),(59,'1','2018-08-02 22:00:07','1','2018-08-02 22:00:07',1,'eur','test payment number 59','stripe_payment_intent_id number 59'),(60,'1','2019-05-31 22:00:07','1','2019-05-31 22:00:07',1,'eur','test payment number 60','stripe_payment_intent_id number 60'),(61,'1','2019-03-22 22:00:07','1','2019-03-22 22:00:07',1,'eur','test payment number 61','stripe_payment_intent_id number 61'),(62,'1','2017-10-28 22:00:07','1','2017-10-28 22:00:07',1,'eur','test payment number 62','stripe_payment_intent_id number 62'),(63,'1','2018-08-22 22:00:07','1','2018-08-22 22:00:07',1,'eur','test payment number 63','stripe_payment_intent_id number 63'),(64,'1','2020-05-24 22:00:07','1','2020-05-24 22:00:07',1,'eur','test payment number 64','stripe_payment_intent_id number 64'),(65,'1','2018-04-14 22:00:07','1','2018-04-14 22:00:07',1,'eur','test payment number 65','stripe_payment_intent_id number 65'),(66,'1','2018-07-22 22:00:07','1','2018-07-22 22:00:07',1,'eur','test payment number 66','stripe_payment_intent_id number 66'),(67,'1','2018-05-07 22:00:07','1','2018-05-07 22:00:07',1,'eur','test payment number 67','stripe_payment_intent_id number 67'),(68,'1','2018-03-31 22:00:07','1','2018-03-31 22:00:07',1,'eur','test payment number 68','stripe_payment_intent_id number 68'),(69,'1','2018-12-04 22:00:07','1','2018-12-04 22:00:07',1,'eur','test payment number 69','stripe_payment_intent_id number 69'),(70,'1','2018-04-07 22:00:07','1','2018-04-07 22:00:07',1,'eur','test payment number 70','stripe_payment_intent_id number 70'),(71,'1','2018-04-26 22:00:07','1','2018-04-26 22:00:07',1,'eur','test payment number 71','stripe_payment_intent_id number 71'),(72,'1','2020-05-22 22:00:07','1','2020-05-22 22:00:07',1,'eur','test payment number 72','stripe_payment_intent_id number 72'),(73,'1','2018-09-23 22:00:07','1','2018-09-23 22:00:07',1,'eur','test payment number 73','stripe_payment_intent_id number 73'),(74,'1','2017-12-29 22:00:07','1','2017-12-29 22:00:07',1,'eur','test payment number 74','stripe_payment_intent_id number 74'),(75,'1','2019-11-24 22:00:07','1','2019-11-24 22:00:07',1,'eur','test payment number 75','stripe_payment_intent_id number 75'),(76,'1','2019-08-08 22:00:07','1','2019-08-08 22:00:07',1,'eur','test payment number 76','stripe_payment_intent_id number 76'),(77,'1','2017-12-30 22:00:07','1','2017-12-30 22:00:07',1,'eur','test payment number 77','stripe_payment_intent_id number 77'),(78,'1','2019-06-16 22:00:07','1','2019-06-16 22:00:07',1,'eur','test payment number 78','stripe_payment_intent_id number 78'),(79,'1','2018-01-16 22:00:07','1','2018-01-16 22:00:07',1,'eur','test payment number 79','stripe_payment_intent_id number 79'),(80,'1','2019-10-26 22:00:07','1','2019-10-26 22:00:07',1,'eur','test payment number 80','stripe_payment_intent_id number 80'),(81,'1','2020-05-23 22:00:07','1','2020-05-23 22:00:07',1,'eur','test payment number 81','stripe_payment_intent_id number 81'),(82,'1','2018-04-04 22:00:07','1','2018-04-04 22:00:07',1,'eur','test payment number 82','stripe_payment_intent_id number 82'),(83,'1','2018-05-18 22:00:07','1','2018-05-18 22:00:07',1,'eur','test payment number 83','stripe_payment_intent_id number 83'),(84,'1','2018-06-02 22:00:07','1','2018-06-02 22:00:07',1,'eur','test payment number 84','stripe_payment_intent_id number 84'),(85,'1','2019-06-21 22:00:07','1','2019-06-21 22:00:07',1,'eur','test payment number 85','stripe_payment_intent_id number 85'),(86,'1','2018-03-23 22:00:07','1','2018-03-23 22:00:07',1,'eur','test payment number 86','stripe_payment_intent_id number 86'),(87,'1','2019-04-13 22:00:07','1','2019-04-13 22:00:07',1,'eur','test payment number 87','stripe_payment_intent_id number 87'),(88,'1','2018-04-08 22:00:07','1','2018-04-08 22:00:07',1,'eur','test payment number 88','stripe_payment_intent_id number 88'),(89,'1','2018-05-08 22:00:07','1','2018-05-08 22:00:07',1,'eur','test payment number 89','stripe_payment_intent_id number 89'),(90,'1','2019-05-02 22:00:07','1','2019-05-02 22:00:07',1,'eur','test payment number 90','stripe_payment_intent_id number 90'),(91,'1','2019-12-21 22:00:07','1','2019-12-21 22:00:07',1,'eur','test payment number 91','stripe_payment_intent_id number 91'),(92,'1','2018-08-12 22:00:07','1','2018-08-12 22:00:07',1,'eur','test payment number 92','stripe_payment_intent_id number 92'),(93,'1','2018-08-06 22:00:07','1','2018-08-06 22:00:07',1,'eur','test payment number 93','stripe_payment_intent_id number 93'),(94,'1','2018-09-13 22:00:07','1','2018-09-13 22:00:07',1,'eur','test payment number 94','stripe_payment_intent_id number 94'),(95,'1','2019-04-26 22:00:07','1','2019-04-26 22:00:07',1,'eur','test payment number 95','stripe_payment_intent_id number 95'),(96,'1','2018-02-15 22:00:07','1','2018-02-15 22:00:07',1,'eur','test payment number 96','stripe_payment_intent_id number 96'),(97,'1','2017-09-30 22:00:07','1','2017-09-30 22:00:07',1,'eur','test payment number 97','stripe_payment_intent_id number 97'),(98,'1','2018-03-04 22:00:07','1','2018-03-04 22:00:07',1,'eur','test payment number 98','stripe_payment_intent_id number 98'),(99,'1','2018-12-08 22:00:07','1','2018-12-08 22:00:07',1,'eur','test payment number 99','stripe_payment_intent_id number 99'),(100,'1','2018-08-30 22:00:07','1','2018-08-30 22:00:07',1,'eur','test payment number 100','stripe_payment_intent_id number 100'),(101,'1','2017-11-06 22:00:07','1','2017-11-06 22:00:07',1,'eur','test payment number 101','stripe_payment_intent_id number 101'),(102,'1','2020-06-02 22:00:07','1','2020-06-02 22:00:07',1,'eur','test payment number 102','stripe_payment_intent_id number 102'),(103,'1','2020-01-11 22:00:07','1','2020-01-11 22:00:07',1,'eur','test payment number 103','stripe_payment_intent_id number 103'),(104,'1','2018-03-04 22:00:07','1','2018-03-04 22:00:07',1,'eur','test payment number 104','stripe_payment_intent_id number 104'),(105,'1','2017-10-06 22:00:07','1','2017-10-06 22:00:07',1,'eur','test payment number 105','stripe_payment_intent_id number 105'),(106,'1','2018-08-06 22:00:07','1','2018-08-06 22:00:07',1,'eur','test payment number 106','stripe_payment_intent_id number 106'),(107,'1','2020-01-07 22:00:07','1','2020-01-07 22:00:07',1,'eur','test payment number 107','stripe_payment_intent_id number 107'),(108,'1','2018-08-06 22:00:07','1','2018-08-06 22:00:07',1,'eur','test payment number 108','stripe_payment_intent_id number 108'),(109,'1','2018-02-12 22:00:07','1','2018-02-12 22:00:07',1,'eur','test payment number 109','stripe_payment_intent_id number 109'),(110,'1','2019-12-13 22:00:07','1','2019-12-13 22:00:07',1,'eur','test payment number 110','stripe_payment_intent_id number 110'),(111,'1','2018-09-05 22:00:07','1','2018-09-05 22:00:07',1,'eur','test payment number 111','stripe_payment_intent_id number 111'),(112,'1','2018-09-02 22:00:07','1','2018-09-02 22:00:07',1,'eur','test payment number 112','stripe_payment_intent_id number 112'),(113,'1','2017-10-28 22:00:07','1','2017-10-28 22:00:07',1,'eur','test payment number 113','stripe_payment_intent_id number 113'),(114,'1','2020-02-09 22:00:07','1','2020-02-09 22:00:07',1,'eur','test payment number 114','stripe_payment_intent_id number 114'),(115,'1','2019-04-21 22:00:07','1','2019-04-21 22:00:07',1,'eur','test payment number 115','stripe_payment_intent_id number 115'),(116,'1','2019-01-24 22:00:07','1','2019-01-24 22:00:07',1,'eur','test payment number 116','stripe_payment_intent_id number 116'),(117,'1','2020-01-29 22:00:07','1','2020-01-29 22:00:07',1,'eur','test payment number 117','stripe_payment_intent_id number 117'),(118,'1','2019-02-05 22:00:07','1','2019-02-05 22:00:07',1,'eur','test payment number 118','stripe_payment_intent_id number 118'),(119,'1','2018-07-19 22:00:07','1','2018-07-19 22:00:07',1,'eur','test payment number 119','stripe_payment_intent_id number 119'),(120,'1','2018-09-07 22:00:07','1','2018-09-07 22:00:07',1,'eur','test payment number 120','stripe_payment_intent_id number 120'),(121,'1','2018-11-24 22:00:07','1','2018-11-24 22:00:07',1,'eur','test payment number 121','stripe_payment_intent_id number 121'),(122,'1','2020-01-13 22:00:07','1','2020-01-13 22:00:07',1,'eur','test payment number 122','stripe_payment_intent_id number 122'),(123,'1','2020-04-03 22:00:07','1','2020-04-03 22:00:07',1,'eur','test payment number 123','stripe_payment_intent_id number 123'),(124,'1','2017-11-21 22:00:07','1','2017-11-21 22:00:07',1,'eur','test payment number 124','stripe_payment_intent_id number 124'),(125,'1','2018-03-28 22:00:07','1','2018-03-28 22:00:07',1,'eur','test payment number 125','stripe_payment_intent_id number 125'),(126,'1','2020-04-17 22:00:07','1','2020-04-17 22:00:07',1,'eur','test payment number 126','stripe_payment_intent_id number 126'),(127,'1','2018-02-14 22:00:07','1','2018-02-14 22:00:07',1,'eur','test payment number 127','stripe_payment_intent_id number 127'),(128,'1','2019-06-17 22:00:07','1','2019-06-17 22:00:07',1,'eur','test payment number 128','stripe_payment_intent_id number 128'),(129,'1','2020-03-09 22:00:07','1','2020-03-09 22:00:07',1,'eur','test payment number 129','stripe_payment_intent_id number 129'),(130,'1','2018-05-12 22:00:07','1','2018-05-12 22:00:07',1,'eur','test payment number 130','stripe_payment_intent_id number 130'),(131,'1','2019-08-31 22:00:07','1','2019-08-31 22:00:07',1,'eur','test payment number 131','stripe_payment_intent_id number 131'),(132,'1','2019-05-13 22:00:07','1','2019-05-13 22:00:07',1,'eur','test payment number 132','stripe_payment_intent_id number 132'),(133,'1','2018-03-07 22:00:07','1','2018-03-07 22:00:07',1,'eur','test payment number 133','stripe_payment_intent_id number 133'),(134,'1','2020-02-01 22:00:07','1','2020-02-01 22:00:07',1,'eur','test payment number 134','stripe_payment_intent_id number 134'),(135,'1','2019-11-19 22:00:07','1','2019-11-19 22:00:07',1,'eur','test payment number 135','stripe_payment_intent_id number 135'),(136,'1','2018-02-19 22:00:07','1','2018-02-19 22:00:07',1,'eur','test payment number 136','stripe_payment_intent_id number 136'),(137,'1','2018-09-08 22:00:07','1','2018-09-08 22:00:07',1,'eur','test payment number 137','stripe_payment_intent_id number 137'),(138,'1','2019-06-14 22:00:07','1','2019-06-14 22:00:07',1,'eur','test payment number 138','stripe_payment_intent_id number 138'),(139,'1','2020-02-09 22:00:07','1','2020-02-09 22:00:07',1,'eur','test payment number 139','stripe_payment_intent_id number 139'),(140,'1','2019-01-28 22:00:07','1','2019-01-28 22:00:07',1,'eur','test payment number 140','stripe_payment_intent_id number 140'),(141,'1','2018-08-28 22:00:07','1','2018-08-28 22:00:07',1,'eur','test payment number 141','stripe_payment_intent_id number 141'),(142,'1','2018-10-21 22:00:07','1','2018-10-21 22:00:07',1,'eur','test payment number 142','stripe_payment_intent_id number 142'),(143,'1','2017-11-17 22:00:07','1','2017-11-17 22:00:07',1,'eur','test payment number 143','stripe_payment_intent_id number 143'),(144,'1','2018-09-27 22:00:07','1','2018-09-27 22:00:07',1,'eur','test payment number 144','stripe_payment_intent_id number 144'),(145,'1','2018-03-25 22:00:07','1','2018-03-25 22:00:07',1,'eur','test payment number 145','stripe_payment_intent_id number 145'),(146,'1','2018-10-10 22:00:07','1','2018-10-10 22:00:07',1,'eur','test payment number 146','stripe_payment_intent_id number 146'),(147,'1','2018-02-23 22:00:07','1','2018-02-23 22:00:07',1,'eur','test payment number 147','stripe_payment_intent_id number 147'),(148,'1','2017-12-04 22:00:07','1','2017-12-04 22:00:07',1,'eur','test payment number 148','stripe_payment_intent_id number 148'),(149,'1','2018-05-04 22:00:07','1','2018-05-04 22:00:07',1,'eur','test payment number 149','stripe_payment_intent_id number 149'),(150,'1','2018-01-02 22:00:07','1','2018-01-02 22:00:07',1,'eur','test payment number 150','stripe_payment_intent_id number 150'),(151,'1','2018-03-15 22:00:07','1','2018-03-15 22:00:07',1,'eur','test payment number 151','stripe_payment_intent_id number 151'),(152,'1','2020-05-21 22:00:07','1','2020-05-21 22:00:07',1,'eur','test payment number 152','stripe_payment_intent_id number 152'),(153,'1','2018-11-08 22:00:07','1','2018-11-08 22:00:07',1,'eur','test payment number 153','stripe_payment_intent_id number 153'),(154,'1','2020-01-02 22:00:07','1','2020-01-02 22:00:07',1,'eur','test payment number 154','stripe_payment_intent_id number 154'),(155,'1','2018-01-27 22:00:07','1','2018-01-27 22:00:07',1,'eur','test payment number 155','stripe_payment_intent_id number 155'),(156,'1','2019-06-19 22:00:07','1','2019-06-19 22:00:07',1,'eur','test payment number 156','stripe_payment_intent_id number 156'),(157,'1','2017-11-30 22:00:07','1','2017-11-30 22:00:07',1,'eur','test payment number 157','stripe_payment_intent_id number 157'),(158,'1','2019-05-07 22:00:07','1','2019-05-07 22:00:07',1,'eur','test payment number 158','stripe_payment_intent_id number 158'),(159,'1','2018-03-31 22:00:07','1','2018-03-31 22:00:07',1,'eur','test payment number 159','stripe_payment_intent_id number 159'),(160,'1','2018-03-18 22:00:07','1','2018-03-18 22:00:07',1,'eur','test payment number 160','stripe_payment_intent_id number 160'),(161,'1','2019-02-04 22:00:07','1','2019-02-04 22:00:07',1,'eur','test payment number 161','stripe_payment_intent_id number 161'),(162,'1','2020-02-20 22:00:07','1','2020-02-20 22:00:07',1,'eur','test payment number 162','stripe_payment_intent_id number 162'),(163,'1','2019-12-05 22:00:07','1','2019-12-05 22:00:07',1,'eur','test payment number 163','stripe_payment_intent_id number 163'),(164,'1','2019-12-15 22:00:07','1','2019-12-15 22:00:07',1,'eur','test payment number 164','stripe_payment_intent_id number 164'),(165,'1','2019-02-19 22:00:07','1','2019-02-19 22:00:07',1,'eur','test payment number 165','stripe_payment_intent_id number 165'),(166,'1','2019-02-28 22:00:07','1','2019-02-28 22:00:07',1,'eur','test payment number 166','stripe_payment_intent_id number 166'),(167,'1','2020-04-21 22:00:07','1','2020-04-21 22:00:07',1,'eur','test payment number 167','stripe_payment_intent_id number 167'),(168,'1','2019-09-09 22:00:07','1','2019-09-09 22:00:07',1,'eur','test payment number 168','stripe_payment_intent_id number 168'),(169,'1','2018-04-18 22:00:07','1','2018-04-18 22:00:07',1,'eur','test payment number 169','stripe_payment_intent_id number 169'),(170,'1','2018-05-04 22:00:07','1','2018-05-04 22:00:07',1,'eur','test payment number 170','stripe_payment_intent_id number 170'),(171,'1','2018-05-28 22:00:07','1','2018-05-28 22:00:07',1,'eur','test payment number 171','stripe_payment_intent_id number 171'),(172,'1','2020-04-17 22:00:07','1','2020-04-17 22:00:07',1,'eur','test payment number 172','stripe_payment_intent_id number 172'),(173,'1','2020-04-30 22:00:07','1','2020-04-30 22:00:07',1,'eur','test payment number 173','stripe_payment_intent_id number 173'),(174,'1','2019-07-31 22:00:07','1','2019-07-31 22:00:07',1,'eur','test payment number 174','stripe_payment_intent_id number 174'),(175,'1','2020-05-17 22:00:07','1','2020-05-17 22:00:07',1,'eur','test payment number 175','stripe_payment_intent_id number 175'),(176,'1','2018-04-12 22:00:07','1','2018-04-12 22:00:07',1,'eur','test payment number 176','stripe_payment_intent_id number 176'),(177,'1','2017-09-16 22:00:07','1','2017-09-16 22:00:07',1,'eur','test payment number 177','stripe_payment_intent_id number 177'),(178,'1','2020-03-17 22:00:07','1','2020-03-17 22:00:07',1,'eur','test payment number 178','stripe_payment_intent_id number 178'),(179,'1','2017-10-11 22:00:07','1','2017-10-11 22:00:07',1,'eur','test payment number 179','stripe_payment_intent_id number 179'),(180,'1','2019-01-15 22:00:07','1','2019-01-15 22:00:07',1,'eur','test payment number 180','stripe_payment_intent_id number 180'),(181,'1','2020-05-22 22:00:07','1','2020-05-22 22:00:07',1,'eur','test payment number 181','stripe_payment_intent_id number 181'),(182,'1','2019-12-06 22:00:07','1','2019-12-06 22:00:07',1,'eur','test payment number 182','stripe_payment_intent_id number 182'),(183,'1','2018-05-06 22:00:07','1','2018-05-06 22:00:07',1,'eur','test payment number 183','stripe_payment_intent_id number 183'),(184,'1','2018-05-31 22:00:07','1','2018-05-31 22:00:07',1,'eur','test payment number 184','stripe_payment_intent_id number 184'),(185,'1','2019-10-23 22:00:07','1','2019-10-23 22:00:07',1,'eur','test payment number 185','stripe_payment_intent_id number 185'),(186,'1','2018-04-08 22:00:07','1','2018-04-08 22:00:07',1,'eur','test payment number 186','stripe_payment_intent_id number 186'),(187,'1','2019-06-09 22:00:07','1','2019-06-09 22:00:07',1,'eur','test payment number 187','stripe_payment_intent_id number 187'),(188,'1','2019-09-04 22:00:07','1','2019-09-04 22:00:07',1,'eur','test payment number 188','stripe_payment_intent_id number 188'),(189,'1','2017-12-21 22:00:07','1','2017-12-21 22:00:07',1,'eur','test payment number 189','stripe_payment_intent_id number 189'),(190,'1','2018-06-02 22:00:07','1','2018-06-02 22:00:07',1,'eur','test payment number 190','stripe_payment_intent_id number 190'),(191,'1','2020-03-28 22:00:07','1','2020-03-28 22:00:07',1,'eur','test payment number 191','stripe_payment_intent_id number 191'),(192,'1','2019-02-24 22:00:07','1','2019-02-24 22:00:07',1,'eur','test payment number 192','stripe_payment_intent_id number 192'),(193,'1','2018-10-18 22:00:07','1','2018-10-18 22:00:07',1,'eur','test payment number 193','stripe_payment_intent_id number 193'),(194,'1','2019-05-10 22:00:07','1','2019-05-10 22:00:07',1,'eur','test payment number 194','stripe_payment_intent_id number 194'),(195,'1','2018-08-23 22:00:07','1','2018-08-23 22:00:07',1,'eur','test payment number 195','stripe_payment_intent_id number 195'),(196,'1','2020-04-19 22:00:07','1','2020-04-19 22:00:07',1,'eur','test payment number 196','stripe_payment_intent_id number 196'),(197,'1','2019-08-30 22:00:07','1','2019-08-30 22:00:07',1,'eur','test payment number 197','stripe_payment_intent_id number 197'),(198,'1','2019-03-28 22:00:07','1','2019-03-28 22:00:07',1,'eur','test payment number 198','stripe_payment_intent_id number 198'),(199,'1','2019-10-10 22:00:07','1','2019-10-10 22:00:07',1,'eur','test payment number 199','stripe_payment_intent_id number 199'),(200,'1','2017-11-16 22:00:07','1','2017-11-16 22:00:07',1,'eur','test payment number 200','stripe_payment_intent_id number 200'),(201,'1','2019-12-31 22:00:07','1','2019-12-31 22:00:07',1,'eur','test payment number 201','stripe_payment_intent_id number 201'),(202,'1','2019-10-21 22:00:07','1','2019-10-21 22:00:07',1,'eur','test payment number 202','stripe_payment_intent_id number 202'),(203,'1','2020-04-01 22:00:07','1','2020-04-01 22:00:07',1,'eur','test payment number 203','stripe_payment_intent_id number 203'),(204,'1','2019-10-12 22:00:07','1','2019-10-12 22:00:07',1,'eur','test payment number 204','stripe_payment_intent_id number 204'),(205,'1','2018-05-20 22:00:07','1','2018-05-20 22:00:07',1,'eur','test payment number 205','stripe_payment_intent_id number 205'),(206,'1','2020-04-26 22:00:07','1','2020-04-26 22:00:07',1,'eur','test payment number 206','stripe_payment_intent_id number 206'),(207,'1','2020-03-18 22:00:07','1','2020-03-18 22:00:07',1,'eur','test payment number 207','stripe_payment_intent_id number 207'),(208,'1','2019-07-15 22:00:07','1','2019-07-15 22:00:07',1,'eur','test payment number 208','stripe_payment_intent_id number 208'),(209,'1','2018-04-29 22:00:07','1','2018-04-29 22:00:07',1,'eur','test payment number 209','stripe_payment_intent_id number 209'),(210,'1','2019-07-18 22:00:07','1','2019-07-18 22:00:07',1,'eur','test payment number 210','stripe_payment_intent_id number 210'),(211,'1','2019-05-19 22:00:07','1','2019-05-19 22:00:07',1,'eur','test payment number 211','stripe_payment_intent_id number 211'),(212,'1','2017-12-16 22:00:07','1','2017-12-16 22:00:07',1,'eur','test payment number 212','stripe_payment_intent_id number 212'),(213,'1','2018-04-14 22:00:07','1','2018-04-14 22:00:07',1,'eur','test payment number 213','stripe_payment_intent_id number 213'),(214,'1','2019-08-24 22:00:07','1','2019-08-24 22:00:07',1,'eur','test payment number 214','stripe_payment_intent_id number 214'),(215,'1','2019-09-17 22:00:07','1','2019-09-17 22:00:07',1,'eur','test payment number 215','stripe_payment_intent_id number 215'),(216,'1','2020-03-21 22:00:07','1','2020-03-21 22:00:07',1,'eur','test payment number 216','stripe_payment_intent_id number 216'),(217,'1','2018-04-12 22:00:07','1','2018-04-12 22:00:07',1,'eur','test payment number 217','stripe_payment_intent_id number 217'),(218,'1','2020-03-07 22:00:07','1','2020-03-07 22:00:07',1,'eur','test payment number 218','stripe_payment_intent_id number 218'),(219,'1','2019-07-28 22:00:07','1','2019-07-28 22:00:07',1,'eur','test payment number 219','stripe_payment_intent_id number 219'),(220,'1','2019-09-15 22:00:07','1','2019-09-15 22:00:07',1,'eur','test payment number 220','stripe_payment_intent_id number 220'),(221,'1','2019-03-07 22:00:07','1','2019-03-07 22:00:07',1,'eur','test payment number 221','stripe_payment_intent_id number 221'),(222,'1','2017-09-26 22:00:07','1','2017-09-26 22:00:07',1,'eur','test payment number 222','stripe_payment_intent_id number 222'),(223,'1','2018-11-26 22:00:07','1','2018-11-26 22:00:07',1,'eur','test payment number 223','stripe_payment_intent_id number 223'),(224,'1','2020-03-05 22:00:07','1','2020-03-05 22:00:07',1,'eur','test payment number 224','stripe_payment_intent_id number 224'),(225,'1','2018-01-21 22:00:07','1','2018-01-21 22:00:07',1,'eur','test payment number 225','stripe_payment_intent_id number 225'),(226,'1','2017-11-28 22:00:07','1','2017-11-28 22:00:07',1,'eur','test payment number 226','stripe_payment_intent_id number 226'),(227,'1','2018-01-06 22:00:07','1','2018-01-06 22:00:07',1,'eur','test payment number 227','stripe_payment_intent_id number 227'),(228,'1','2019-05-21 22:00:07','1','2019-05-21 22:00:07',1,'eur','test payment number 228','stripe_payment_intent_id number 228'),(229,'1','2019-07-03 22:00:07','1','2019-07-03 22:00:07',1,'eur','test payment number 229','stripe_payment_intent_id number 229'),(230,'1','2020-05-12 22:00:07','1','2020-05-12 22:00:07',1,'eur','test payment number 230','stripe_payment_intent_id number 230'),(231,'1','2018-09-01 22:00:07','1','2018-09-01 22:00:07',1,'eur','test payment number 231','stripe_payment_intent_id number 231'),(232,'1','2020-03-20 22:00:07','1','2020-03-20 22:00:07',1,'eur','test payment number 232','stripe_payment_intent_id number 232'),(233,'1','2020-06-06 22:00:07','1','2020-06-06 22:00:07',1,'eur','test payment number 233','stripe_payment_intent_id number 233'),(234,'1','2018-07-12 22:00:07','1','2018-07-12 22:00:07',1,'eur','test payment number 234','stripe_payment_intent_id number 234'),(235,'1','2019-04-02 22:00:07','1','2019-04-02 22:00:07',1,'eur','test payment number 235','stripe_payment_intent_id number 235'),(236,'1','2019-12-03 22:00:07','1','2019-12-03 22:00:07',1,'eur','test payment number 236','stripe_payment_intent_id number 236'),(237,'1','2018-09-07 22:00:07','1','2018-09-07 22:00:07',1,'eur','test payment number 237','stripe_payment_intent_id number 237'),(238,'1','2018-11-21 22:00:07','1','2018-11-21 22:00:07',1,'eur','test payment number 238','stripe_payment_intent_id number 238'),(239,'1','2018-01-03 22:00:07','1','2018-01-03 22:00:07',1,'eur','test payment number 239','stripe_payment_intent_id number 239'),(240,'1','2018-07-07 22:00:07','1','2018-07-07 22:00:07',1,'eur','test payment number 240','stripe_payment_intent_id number 240'),(241,'1','2019-09-27 22:00:07','1','2019-09-27 22:00:07',1,'eur','test payment number 241','stripe_payment_intent_id number 241'),(242,'1','2019-06-03 22:00:07','1','2019-06-03 22:00:07',1,'eur','test payment number 242','stripe_payment_intent_id number 242'),(243,'1','2020-01-29 22:00:07','1','2020-01-29 22:00:07',1,'eur','test payment number 243','stripe_payment_intent_id number 243'),(244,'1','2019-11-07 22:00:07','1','2019-11-07 22:00:07',1,'eur','test payment number 244','stripe_payment_intent_id number 244'),(245,'1','2018-11-21 22:00:07','1','2018-11-21 22:00:07',1,'eur','test payment number 245','stripe_payment_intent_id number 245'),(246,'1','2017-12-15 22:00:07','1','2017-12-15 22:00:07',1,'eur','test payment number 246','stripe_payment_intent_id number 246'),(247,'1','2018-08-02 22:00:07','1','2018-08-02 22:00:07',1,'eur','test payment number 247','stripe_payment_intent_id number 247'),(248,'1','2017-12-06 22:00:07','1','2017-12-06 22:00:07',1,'eur','test payment number 248','stripe_payment_intent_id number 248'),(249,'1','2019-06-06 22:00:07','1','2019-06-06 22:00:07',1,'eur','test payment number 249','stripe_payment_intent_id number 249'),(250,'1','2019-02-03 22:00:07','1','2019-02-03 22:00:07',1,'eur','test payment number 250','stripe_payment_intent_id number 250'),(251,'1','2018-03-24 22:00:07','1','2018-03-24 22:00:07',1,'eur','test payment number 251','stripe_payment_intent_id number 251'),(252,'1','2019-11-25 22:00:07','1','2019-11-25 22:00:07',1,'eur','test payment number 252','stripe_payment_intent_id number 252'),(253,'1','2020-05-06 22:00:07','1','2020-05-06 22:00:07',1,'eur','test payment number 253','stripe_payment_intent_id number 253'),(254,'1','2018-08-09 22:00:07','1','2018-08-09 22:00:07',1,'eur','test payment number 254','stripe_payment_intent_id number 254'),(255,'1','2019-01-14 22:00:07','1','2019-01-14 22:00:07',1,'eur','test payment number 255','stripe_payment_intent_id number 255'),(256,'1','2019-01-03 22:00:07','1','2019-01-03 22:00:07',1,'eur','test payment number 256','stripe_payment_intent_id number 256'),(257,'1','2020-05-20 22:00:07','1','2020-05-20 22:00:07',1,'eur','test payment number 257','stripe_payment_intent_id number 257'),(258,'1','2018-08-08 22:00:07','1','2018-08-08 22:00:07',1,'eur','test payment number 258','stripe_payment_intent_id number 258'),(259,'1','2019-11-10 22:00:07','1','2019-11-10 22:00:07',1,'eur','test payment number 259','stripe_payment_intent_id number 259'),(260,'1','2018-01-17 22:00:07','1','2018-01-17 22:00:07',1,'eur','test payment number 260','stripe_payment_intent_id number 260'),(261,'1','2020-05-12 22:00:07','1','2020-05-12 22:00:07',1,'eur','test payment number 261','stripe_payment_intent_id number 261'),(262,'1','2018-08-13 22:00:07','1','2018-08-13 22:00:07',1,'eur','test payment number 262','stripe_payment_intent_id number 262'),(263,'1','2019-01-27 22:00:07','1','2019-01-27 22:00:07',1,'eur','test payment number 263','stripe_payment_intent_id number 263'),(264,'1','2019-03-21 22:00:07','1','2019-03-21 22:00:07',1,'eur','test payment number 264','stripe_payment_intent_id number 264'),(265,'1','2019-04-29 22:00:07','1','2019-04-29 22:00:07',1,'eur','test payment number 265','stripe_payment_intent_id number 265'),(266,'1','2018-05-11 22:00:07','1','2018-05-11 22:00:07',1,'eur','test payment number 266','stripe_payment_intent_id number 266'),(267,'1','2018-04-12 22:00:07','1','2018-04-12 22:00:07',1,'eur','test payment number 267','stripe_payment_intent_id number 267'),(268,'1','2020-05-10 22:00:07','1','2020-05-10 22:00:07',1,'eur','test payment number 268','stripe_payment_intent_id number 268'),(269,'1','2018-05-16 22:00:07','1','2018-05-16 22:00:07',1,'eur','test payment number 269','stripe_payment_intent_id number 269'),(270,'1','2019-08-21 22:00:07','1','2019-08-21 22:00:07',1,'eur','test payment number 270','stripe_payment_intent_id number 270'),(271,'1','2020-01-10 22:00:07','1','2020-01-10 22:00:07',1,'eur','test payment number 271','stripe_payment_intent_id number 271'),(272,'1','2019-03-03 22:00:07','1','2019-03-03 22:00:07',1,'eur','test payment number 272','stripe_payment_intent_id number 272'),(273,'1','2017-09-29 22:00:07','1','2017-09-29 22:00:07',1,'eur','test payment number 273','stripe_payment_intent_id number 273'),(274,'1','2020-03-19 22:00:07','1','2020-03-19 22:00:07',1,'eur','test payment number 274','stripe_payment_intent_id number 274'),(275,'1','2020-04-24 22:00:07','1','2020-04-24 22:00:07',1,'eur','test payment number 275','stripe_payment_intent_id number 275'),(276,'1','2018-12-21 22:00:07','1','2018-12-21 22:00:07',1,'eur','test payment number 276','stripe_payment_intent_id number 276'),(277,'1','2018-12-04 22:00:07','1','2018-12-04 22:00:07',1,'eur','test payment number 277','stripe_payment_intent_id number 277'),(278,'1','2019-12-08 22:00:07','1','2019-12-08 22:00:07',1,'eur','test payment number 278','stripe_payment_intent_id number 278'),(279,'1','2019-01-04 22:00:07','1','2019-01-04 22:00:07',1,'eur','test payment number 279','stripe_payment_intent_id number 279'),(280,'1','2019-01-13 22:00:07','1','2019-01-13 22:00:07',1,'eur','test payment number 280','stripe_payment_intent_id number 280'),(281,'1','2019-01-03 22:00:07','1','2019-01-03 22:00:07',1,'eur','test payment number 281','stripe_payment_intent_id number 281'),(282,'1','2018-08-30 22:00:07','1','2018-08-30 22:00:07',1,'eur','test payment number 282','stripe_payment_intent_id number 282'),(283,'1','2018-01-18 22:00:07','1','2018-01-18 22:00:07',1,'eur','test payment number 283','stripe_payment_intent_id number 283'),(284,'1','2018-08-02 22:00:07','1','2018-08-02 22:00:07',1,'eur','test payment number 284','stripe_payment_intent_id number 284'),(285,'1','2019-09-06 22:00:07','1','2019-09-06 22:00:07',1,'eur','test payment number 285','stripe_payment_intent_id number 285'),(286,'1','2019-01-09 22:00:07','1','2019-01-09 22:00:07',1,'eur','test payment number 286','stripe_payment_intent_id number 286'),(287,'1','2020-03-21 22:00:07','1','2020-03-21 22:00:07',1,'eur','test payment number 287','stripe_payment_intent_id number 287'),(288,'1','2019-01-10 22:00:07','1','2019-01-10 22:00:07',1,'eur','test payment number 288','stripe_payment_intent_id number 288'),(289,'1','2019-03-06 22:00:07','1','2019-03-06 22:00:07',1,'eur','test payment number 289','stripe_payment_intent_id number 289'),(290,'1','2018-08-17 22:00:07','1','2018-08-17 22:00:07',1,'eur','test payment number 290','stripe_payment_intent_id number 290'),(291,'1','2018-12-31 22:00:07','1','2018-12-31 22:00:07',1,'eur','test payment number 291','stripe_payment_intent_id number 291'),(292,'1','2017-11-08 22:00:07','1','2017-11-08 22:00:07',1,'eur','test payment number 292','stripe_payment_intent_id number 292'),(293,'1','2018-07-01 22:00:07','1','2018-07-01 22:00:07',1,'eur','test payment number 293','stripe_payment_intent_id number 293'),(294,'1','2018-03-16 22:00:07','1','2018-03-16 22:00:07',1,'eur','test payment number 294','stripe_payment_intent_id number 294'),(295,'1','2017-09-26 22:00:07','1','2017-09-26 22:00:07',1,'eur','test payment number 295','stripe_payment_intent_id number 295'),(296,'1','2017-09-20 22:00:07','1','2017-09-20 22:00:07',1,'eur','test payment number 296','stripe_payment_intent_id number 296'),(297,'1','2019-02-28 22:00:07','1','2019-02-28 22:00:07',1,'eur','test payment number 297','stripe_payment_intent_id number 297'),(298,'1','2017-10-31 22:00:07','1','2017-10-31 22:00:07',1,'eur','test payment number 298','stripe_payment_intent_id number 298'),(299,'1','2017-10-17 22:00:07','1','2017-10-17 22:00:07',1,'eur','test payment number 299','stripe_payment_intent_id number 299'),(300,'1','2018-03-02 22:00:07','1','2018-03-02 22:00:07',1,'eur','test payment number 300','stripe_payment_intent_id number 300'),(301,'1','2020-03-19 22:00:07','1','2020-03-19 22:00:07',1,'eur','test payment number 301','stripe_payment_intent_id number 301'),(302,'1','2020-06-06 22:00:07','1','2020-06-06 22:00:07',1,'eur','test payment number 302','stripe_payment_intent_id number 302'),(303,'1','2018-02-11 22:00:07','1','2018-02-11 22:00:07',1,'eur','test payment number 303','stripe_payment_intent_id number 303'),(304,'1','2019-09-16 22:00:07','1','2019-09-16 22:00:07',1,'eur','test payment number 304','stripe_payment_intent_id number 304'),(305,'1','2018-07-24 22:00:07','1','2018-07-24 22:00:07',1,'eur','test payment number 305','stripe_payment_intent_id number 305'),(306,'1','2017-11-15 22:00:07','1','2017-11-15 22:00:07',1,'eur','test payment number 306','stripe_payment_intent_id number 306'),(307,'1','2019-08-13 22:00:07','1','2019-08-13 22:00:07',1,'eur','test payment number 307','stripe_payment_intent_id number 307'),(308,'1','2018-08-04 22:00:07','1','2018-08-04 22:00:07',1,'eur','test payment number 308','stripe_payment_intent_id number 308'),(309,'1','2018-05-30 22:00:07','1','2018-05-30 22:00:07',1,'eur','test payment number 309','stripe_payment_intent_id number 309'),(310,'1','2018-05-15 22:00:07','1','2018-05-15 22:00:07',1,'eur','test payment number 310','stripe_payment_intent_id number 310'),(311,'1','2019-05-21 22:00:07','1','2019-05-21 22:00:07',1,'eur','test payment number 311','stripe_payment_intent_id number 311'),(312,'1','2017-10-15 22:00:07','1','2017-10-15 22:00:07',1,'eur','test payment number 312','stripe_payment_intent_id number 312'),(313,'1','2018-09-21 22:00:07','1','2018-09-21 22:00:07',1,'eur','test payment number 313','stripe_payment_intent_id number 313'),(314,'1','2018-06-14 22:00:07','1','2018-06-14 22:00:07',1,'eur','test payment number 314','stripe_payment_intent_id number 314'),(315,'1','2019-05-25 22:00:07','1','2019-05-25 22:00:07',1,'eur','test payment number 315','stripe_payment_intent_id number 315'),(316,'1','2019-03-03 22:00:07','1','2019-03-03 22:00:07',1,'eur','test payment number 316','stripe_payment_intent_id number 316'),(317,'1','2018-10-12 22:00:07','1','2018-10-12 22:00:07',1,'eur','test payment number 317','stripe_payment_intent_id number 317'),(318,'1','2020-05-03 22:00:07','1','2020-05-03 22:00:07',1,'eur','test payment number 318','stripe_payment_intent_id number 318'),(319,'1','2019-10-31 22:00:07','1','2019-10-31 22:00:07',1,'eur','test payment number 319','stripe_payment_intent_id number 319'),(320,'1','2018-12-03 22:00:07','1','2018-12-03 22:00:07',1,'eur','test payment number 320','stripe_payment_intent_id number 320'),(321,'1','2019-11-12 22:00:07','1','2019-11-12 22:00:07',1,'eur','test payment number 321','stripe_payment_intent_id number 321'),(322,'1','2019-08-04 22:00:07','1','2019-08-04 22:00:07',1,'eur','test payment number 322','stripe_payment_intent_id number 322'),(323,'1','2018-01-02 22:00:07','1','2018-01-02 22:00:07',1,'eur','test payment number 323','stripe_payment_intent_id number 323'),(324,'1','2018-11-17 22:00:07','1','2018-11-17 22:00:07',1,'eur','test payment number 324','stripe_payment_intent_id number 324'),(325,'1','2020-06-01 22:00:07','1','2020-06-01 22:00:07',1,'eur','test payment number 325','stripe_payment_intent_id number 325'),(326,'1','2019-07-17 22:00:07','1','2019-07-17 22:00:07',1,'eur','test payment number 326','stripe_payment_intent_id number 326'),(327,'1','2017-12-08 22:00:07','1','2017-12-08 22:00:07',1,'eur','test payment number 327','stripe_payment_intent_id number 327'),(328,'1','2019-11-25 22:00:07','1','2019-11-25 22:00:07',1,'eur','test payment number 328','stripe_payment_intent_id number 328'),(329,'1','2020-02-15 22:00:07','1','2020-02-15 22:00:07',1,'eur','test payment number 329','stripe_payment_intent_id number 329'),(330,'1','2018-01-30 22:00:07','1','2018-01-30 22:00:07',1,'eur','test payment number 330','stripe_payment_intent_id number 330'),(331,'1','2018-06-22 22:00:07','1','2018-06-22 22:00:07',1,'eur','test payment number 331','stripe_payment_intent_id number 331'),(332,'1','2017-10-19 22:00:07','1','2017-10-19 22:00:07',1,'eur','test payment number 332','stripe_payment_intent_id number 332'),(333,'1','2018-12-16 22:00:07','1','2018-12-16 22:00:07',1,'eur','test payment number 333','stripe_payment_intent_id number 333'),(334,'1','2018-04-25 22:00:07','1','2018-04-25 22:00:07',1,'eur','test payment number 334','stripe_payment_intent_id number 334'),(335,'1','2019-11-04 22:00:07','1','2019-11-04 22:00:07',1,'eur','test payment number 335','stripe_payment_intent_id number 335'),(336,'1','2019-07-17 22:00:07','1','2019-07-17 22:00:07',1,'eur','test payment number 336','stripe_payment_intent_id number 336'),(337,'1','2017-09-25 22:00:07','1','2017-09-25 22:00:07',1,'eur','test payment number 337','stripe_payment_intent_id number 337'),(338,'1','2018-03-16 22:00:07','1','2018-03-16 22:00:07',1,'eur','test payment number 338','stripe_payment_intent_id number 338'),(339,'1','2019-05-20 22:00:07','1','2019-05-20 22:00:07',1,'eur','test payment number 339','stripe_payment_intent_id number 339'),(340,'1','2018-02-10 22:00:07','1','2018-02-10 22:00:07',1,'eur','test payment number 340','stripe_payment_intent_id number 340'),(341,'1','2018-06-13 22:00:07','1','2018-06-13 22:00:07',1,'eur','test payment number 341','stripe_payment_intent_id number 341'),(342,'1','2017-11-28 22:00:07','1','2017-11-28 22:00:07',1,'eur','test payment number 342','stripe_payment_intent_id number 342'),(343,'1','2019-06-01 22:00:07','1','2019-06-01 22:00:07',1,'eur','test payment number 343','stripe_payment_intent_id number 343'),(344,'1','2020-01-15 22:00:07','1','2020-01-15 22:00:07',1,'eur','test payment number 344','stripe_payment_intent_id number 344'),(345,'1','2018-01-01 22:00:07','1','2018-01-01 22:00:07',1,'eur','test payment number 345','stripe_payment_intent_id number 345'),(346,'1','2019-01-16 22:00:07','1','2019-01-16 22:00:07',1,'eur','test payment number 346','stripe_payment_intent_id number 346'),(347,'1','2020-04-15 22:00:07','1','2020-04-15 22:00:07',1,'eur','test payment number 347','stripe_payment_intent_id number 347'),(348,'1','2019-06-08 22:00:07','1','2019-06-08 22:00:07',1,'eur','test payment number 348','stripe_payment_intent_id number 348'),(349,'1','2018-10-19 22:00:07','1','2018-10-19 22:00:07',1,'eur','test payment number 349','stripe_payment_intent_id number 349'),(350,'1','2017-12-19 22:00:07','1','2017-12-19 22:00:07',1,'eur','test payment number 350','stripe_payment_intent_id number 350'),(351,'1','2017-09-25 22:00:07','1','2017-09-25 22:00:07',1,'eur','test payment number 351','stripe_payment_intent_id number 351'),(352,'1','2020-01-09 22:00:07','1','2020-01-09 22:00:07',1,'eur','test payment number 352','stripe_payment_intent_id number 352'),(353,'1','2018-12-21 22:00:07','1','2018-12-21 22:00:07',1,'eur','test payment number 353','stripe_payment_intent_id number 353'),(354,'1','2018-06-12 22:00:07','1','2018-06-12 22:00:07',1,'eur','test payment number 354','stripe_payment_intent_id number 354'),(355,'1','2018-12-19 22:00:07','1','2018-12-19 22:00:07',1,'eur','test payment number 355','stripe_payment_intent_id number 355'),(356,'1','2020-06-01 22:00:07','1','2020-06-01 22:00:07',1,'eur','test payment number 356','stripe_payment_intent_id number 356'),(357,'1','2018-09-27 22:00:07','1','2018-09-27 22:00:07',1,'eur','test payment number 357','stripe_payment_intent_id number 357'),(358,'1','2019-01-17 22:00:07','1','2019-01-17 22:00:07',1,'eur','test payment number 358','stripe_payment_intent_id number 358'),(359,'1','2019-05-30 22:00:07','1','2019-05-30 22:00:07',1,'eur','test payment number 359','stripe_payment_intent_id number 359'),(360,'1','2018-07-01 22:00:07','1','2018-07-01 22:00:07',1,'eur','test payment number 360','stripe_payment_intent_id number 360'),(361,'1','2020-01-02 22:00:07','1','2020-01-02 22:00:07',1,'eur','test payment number 361','stripe_payment_intent_id number 361'),(362,'1','2019-09-18 22:00:07','1','2019-09-18 22:00:07',1,'eur','test payment number 362','stripe_payment_intent_id number 362'),(363,'1','2020-04-19 22:00:07','1','2020-04-19 22:00:07',1,'eur','test payment number 363','stripe_payment_intent_id number 363'),(364,'1','2020-02-22 22:00:07','1','2020-02-22 22:00:07',1,'eur','test payment number 364','stripe_payment_intent_id number 364'),(365,'1','2019-03-02 22:00:07','1','2019-03-02 22:00:07',1,'eur','test payment number 365','stripe_payment_intent_id number 365'),(366,'1','2020-06-01 22:00:07','1','2020-06-01 22:00:07',1,'eur','test payment number 366','stripe_payment_intent_id number 366'),(367,'1','2020-02-14 22:00:07','1','2020-02-14 22:00:07',1,'eur','test payment number 367','stripe_payment_intent_id number 367'),(368,'1','2018-01-23 22:00:07','1','2018-01-23 22:00:07',1,'eur','test payment number 368','stripe_payment_intent_id number 368'),(369,'1','2020-01-24 22:00:07','1','2020-01-24 22:00:07',1,'eur','test payment number 369','stripe_payment_intent_id number 369'),(370,'1','2019-12-15 22:00:07','1','2019-12-15 22:00:07',1,'eur','test payment number 370','stripe_payment_intent_id number 370'),(371,'1','2020-02-11 22:00:07','1','2020-02-11 22:00:07',1,'eur','test payment number 371','stripe_payment_intent_id number 371'),(372,'1','2019-05-01 22:00:07','1','2019-05-01 22:00:07',1,'eur','test payment number 372','stripe_payment_intent_id number 372'),(373,'1','2017-10-02 22:00:07','1','2017-10-02 22:00:07',1,'eur','test payment number 373','stripe_payment_intent_id number 373'),(374,'1','2017-10-15 22:00:07','1','2017-10-15 22:00:07',1,'eur','test payment number 374','stripe_payment_intent_id number 374'),(375,'1','2020-01-28 22:00:07','1','2020-01-28 22:00:07',1,'eur','test payment number 375','stripe_payment_intent_id number 375'),(376,'1','2018-09-09 22:00:07','1','2018-09-09 22:00:07',1,'eur','test payment number 376','stripe_payment_intent_id number 376'),(377,'1','2020-04-03 22:00:07','1','2020-04-03 22:00:07',1,'eur','test payment number 377','stripe_payment_intent_id number 377'),(378,'1','2018-08-07 22:00:07','1','2018-08-07 22:00:07',1,'eur','test payment number 378','stripe_payment_intent_id number 378'),(379,'1','2018-07-10 22:00:07','1','2018-07-10 22:00:07',1,'eur','test payment number 379','stripe_payment_intent_id number 379'),(380,'1','2019-08-30 22:00:07','1','2019-08-30 22:00:07',1,'eur','test payment number 380','stripe_payment_intent_id number 380'),(381,'1','2018-12-26 22:00:07','1','2018-12-26 22:00:07',1,'eur','test payment number 381','stripe_payment_intent_id number 381'),(382,'1','2019-04-20 22:00:07','1','2019-04-20 22:00:07',1,'eur','test payment number 382','stripe_payment_intent_id number 382'),(383,'1','2020-05-20 22:00:07','1','2020-05-20 22:00:07',1,'eur','test payment number 383','stripe_payment_intent_id number 383'),(384,'1','2018-10-07 22:00:07','1','2018-10-07 22:00:07',1,'eur','test payment number 384','stripe_payment_intent_id number 384'),(385,'1','2018-08-30 22:00:07','1','2018-08-30 22:00:07',1,'eur','test payment number 385','stripe_payment_intent_id number 385'),(386,'1','2019-06-23 22:00:07','1','2019-06-23 22:00:07',1,'eur','test payment number 386','stripe_payment_intent_id number 386'),(387,'1','2019-10-31 22:00:07','1','2019-10-31 22:00:07',1,'eur','test payment number 387','stripe_payment_intent_id number 387'),(388,'1','2019-07-20 22:00:07','1','2019-07-20 22:00:07',1,'eur','test payment number 388','stripe_payment_intent_id number 388'),(389,'1','2018-07-22 22:00:07','1','2018-07-22 22:00:07',1,'eur','test payment number 389','stripe_payment_intent_id number 389'),(390,'1','2019-05-06 22:00:07','1','2019-05-06 22:00:07',1,'eur','test payment number 390','stripe_payment_intent_id number 390'),(391,'1','2018-07-07 22:00:07','1','2018-07-07 22:00:07',1,'eur','test payment number 391','stripe_payment_intent_id number 391'),(392,'1','2018-08-16 22:00:07','1','2018-08-16 22:00:07',1,'eur','test payment number 392','stripe_payment_intent_id number 392'),(393,'1','2020-04-12 22:00:07','1','2020-04-12 22:00:07',1,'eur','test payment number 393','stripe_payment_intent_id number 393'),(394,'1','2019-03-29 22:00:07','1','2019-03-29 22:00:07',1,'eur','test payment number 394','stripe_payment_intent_id number 394'),(395,'1','2020-01-27 22:00:07','1','2020-01-27 22:00:07',1,'eur','test payment number 395','stripe_payment_intent_id number 395'),(396,'1','2018-06-25 22:00:07','1','2018-06-25 22:00:07',1,'eur','test payment number 396','stripe_payment_intent_id number 396'),(397,'1','2020-04-30 22:00:07','1','2020-04-30 22:00:07',1,'eur','test payment number 397','stripe_payment_intent_id number 397'),(398,'1','2019-07-11 22:00:07','1','2019-07-11 22:00:07',1,'eur','test payment number 398','stripe_payment_intent_id number 398'),(399,'1','2018-11-22 22:00:07','1','2018-11-22 22:00:07',1,'eur','test payment number 399','stripe_payment_intent_id number 399'),(400,'1','2019-05-18 22:00:07','1','2019-05-18 22:00:07',1,'eur','test payment number 400','stripe_payment_intent_id number 400'),(401,'1','2020-04-01 22:00:07','1','2020-04-01 22:00:07',1,'eur','test payment number 401','stripe_payment_intent_id number 401'),(402,'1','2020-01-15 22:00:07','1','2020-01-15 22:00:07',1,'eur','test payment number 402','stripe_payment_intent_id number 402'),(403,'1','2018-01-17 22:00:07','1','2018-01-17 22:00:07',1,'eur','test payment number 403','stripe_payment_intent_id number 403'),(404,'1','2017-12-19 22:00:07','1','2017-12-19 22:00:07',1,'eur','test payment number 404','stripe_payment_intent_id number 404'),(405,'1','2018-02-07 22:00:07','1','2018-02-07 22:00:07',1,'eur','test payment number 405','stripe_payment_intent_id number 405'),(406,'1','2018-04-10 22:00:07','1','2018-04-10 22:00:07',1,'eur','test payment number 406','stripe_payment_intent_id number 406'),(407,'1','2017-12-12 22:00:07','1','2017-12-12 22:00:07',1,'eur','test payment number 407','stripe_payment_intent_id number 407'),(408,'1','2019-10-26 22:00:07','1','2019-10-26 22:00:07',1,'eur','test payment number 408','stripe_payment_intent_id number 408'),(409,'1','2018-08-20 22:00:07','1','2018-08-20 22:00:07',1,'eur','test payment number 409','stripe_payment_intent_id number 409'),(410,'1','2019-11-23 22:00:07','1','2019-11-23 22:00:07',1,'eur','test payment number 410','stripe_payment_intent_id number 410'),(411,'1','2018-05-20 22:00:07','1','2018-05-20 22:00:07',1,'eur','test payment number 411','stripe_payment_intent_id number 411'),(412,'1','2019-11-19 22:00:07','1','2019-11-19 22:00:07',1,'eur','test payment number 412','stripe_payment_intent_id number 412'),(413,'1','2019-03-23 22:00:07','1','2019-03-23 22:00:07',1,'eur','test payment number 413','stripe_payment_intent_id number 413'),(414,'1','2018-07-09 22:00:07','1','2018-07-09 22:00:07',1,'eur','test payment number 414','stripe_payment_intent_id number 414'),(415,'1','2018-04-10 22:00:07','1','2018-04-10 22:00:07',1,'eur','test payment number 415','stripe_payment_intent_id number 415'),(416,'1','2019-04-23 22:00:07','1','2019-04-23 22:00:07',1,'eur','test payment number 416','stripe_payment_intent_id number 416'),(417,'1','2020-06-04 22:00:07','1','2020-06-04 22:00:07',1,'eur','test payment number 417','stripe_payment_intent_id number 417'),(418,'1','2018-08-21 22:00:07','1','2018-08-21 22:00:07',1,'eur','test payment number 418','stripe_payment_intent_id number 418'),(419,'1','2020-05-30 22:00:07','1','2020-05-30 22:00:07',1,'eur','test payment number 419','stripe_payment_intent_id number 419'),(420,'1','2018-05-28 22:00:07','1','2018-05-28 22:00:07',1,'eur','test payment number 420','stripe_payment_intent_id number 420'),(421,'1','2017-10-12 22:00:07','1','2017-10-12 22:00:07',1,'eur','test payment number 421','stripe_payment_intent_id number 421'),(422,'1','2018-01-17 22:00:07','1','2018-01-17 22:00:07',1,'eur','test payment number 422','stripe_payment_intent_id number 422'),(423,'1','2018-07-08 22:00:07','1','2018-07-08 22:00:07',1,'eur','test payment number 423','stripe_payment_intent_id number 423'),(424,'1','2019-09-03 22:00:07','1','2019-09-03 22:00:07',1,'eur','test payment number 424','stripe_payment_intent_id number 424'),(425,'1','2018-07-05 22:00:07','1','2018-07-05 22:00:07',1,'eur','test payment number 425','stripe_payment_intent_id number 425'),(426,'1','2019-06-30 22:00:07','1','2019-06-30 22:00:07',1,'eur','test payment number 426','stripe_payment_intent_id number 426'),(427,'1','2019-02-15 22:00:07','1','2019-02-15 22:00:07',1,'eur','test payment number 427','stripe_payment_intent_id number 427'),(428,'1','2018-09-04 22:00:07','1','2018-09-04 22:00:07',1,'eur','test payment number 428','stripe_payment_intent_id number 428'),(429,'1','2018-06-05 22:00:07','1','2018-06-05 22:00:07',1,'eur','test payment number 429','stripe_payment_intent_id number 429'),(430,'1','2017-11-26 22:00:07','1','2017-11-26 22:00:07',1,'eur','test payment number 430','stripe_payment_intent_id number 430'),(431,'1','2018-07-30 22:00:07','1','2018-07-30 22:00:07',1,'eur','test payment number 431','stripe_payment_intent_id number 431'),(432,'1','2017-12-01 22:00:07','1','2017-12-01 22:00:07',1,'eur','test payment number 432','stripe_payment_intent_id number 432'),(433,'1','2018-12-10 22:00:07','1','2018-12-10 22:00:07',1,'eur','test payment number 433','stripe_payment_intent_id number 433'),(434,'1','2019-04-26 22:00:07','1','2019-04-26 22:00:07',1,'eur','test payment number 434','stripe_payment_intent_id number 434'),(435,'1','2019-01-29 22:00:07','1','2019-01-29 22:00:07',1,'eur','test payment number 435','stripe_payment_intent_id number 435'),(436,'1','2019-01-17 22:00:07','1','2019-01-17 22:00:07',1,'eur','test payment number 436','stripe_payment_intent_id number 436'),(437,'1','2018-08-15 22:00:07','1','2018-08-15 22:00:07',1,'eur','test payment number 437','stripe_payment_intent_id number 437'),(438,'1','2019-03-23 22:00:07','1','2019-03-23 22:00:07',1,'eur','test payment number 438','stripe_payment_intent_id number 438'),(439,'1','2019-09-24 22:00:07','1','2019-09-24 22:00:07',1,'eur','test payment number 439','stripe_payment_intent_id number 439'),(440,'1','2020-05-19 22:00:07','1','2020-05-19 22:00:07',1,'eur','test payment number 440','stripe_payment_intent_id number 440'),(441,'1','2019-05-16 22:00:07','1','2019-05-16 22:00:07',1,'eur','test payment number 441','stripe_payment_intent_id number 441'),(442,'1','2020-04-07 22:00:07','1','2020-04-07 22:00:07',1,'eur','test payment number 442','stripe_payment_intent_id number 442'),(443,'1','2019-01-22 22:00:07','1','2019-01-22 22:00:07',1,'eur','test payment number 443','stripe_payment_intent_id number 443'),(444,'1','2018-08-24 22:00:07','1','2018-08-24 22:00:07',1,'eur','test payment number 444','stripe_payment_intent_id number 444'),(445,'1','2018-11-11 22:00:07','1','2018-11-11 22:00:07',1,'eur','test payment number 445','stripe_payment_intent_id number 445'),(446,'1','2019-09-28 22:00:07','1','2019-09-28 22:00:07',1,'eur','test payment number 446','stripe_payment_intent_id number 446'),(447,'1','2019-08-14 22:00:07','1','2019-08-14 22:00:07',1,'eur','test payment number 447','stripe_payment_intent_id number 447'),(448,'1','2019-01-10 22:00:07','1','2019-01-10 22:00:07',1,'eur','test payment number 448','stripe_payment_intent_id number 448'),(449,'1','2018-12-31 22:00:07','1','2018-12-31 22:00:07',1,'eur','test payment number 449','stripe_payment_intent_id number 449'),(450,'1','2018-09-05 22:00:07','1','2018-09-05 22:00:07',1,'eur','test payment number 450','stripe_payment_intent_id number 450'),(451,'1','2017-12-04 22:00:07','1','2017-12-04 22:00:07',1,'eur','test payment number 451','stripe_payment_intent_id number 451'),(452,'1','2019-07-23 22:00:07','1','2019-07-23 22:00:07',1,'eur','test payment number 452','stripe_payment_intent_id number 452'),(453,'1','2019-11-23 22:00:07','1','2019-11-23 22:00:07',1,'eur','test payment number 453','stripe_payment_intent_id number 453'),(454,'1','2018-05-22 22:00:07','1','2018-05-22 22:00:07',1,'eur','test payment number 454','stripe_payment_intent_id number 454'),(455,'1','2019-05-30 22:00:07','1','2019-05-30 22:00:07',1,'eur','test payment number 455','stripe_payment_intent_id number 455'),(456,'1','2018-07-06 22:00:07','1','2018-07-06 22:00:07',1,'eur','test payment number 456','stripe_payment_intent_id number 456'),(457,'1','2019-05-26 22:00:07','1','2019-05-26 22:00:07',1,'eur','test payment number 457','stripe_payment_intent_id number 457'),(458,'1','2019-10-10 22:00:07','1','2019-10-10 22:00:07',1,'eur','test payment number 458','stripe_payment_intent_id number 458'),(459,'1','2019-09-01 22:00:07','1','2019-09-01 22:00:07',1,'eur','test payment number 459','stripe_payment_intent_id number 459'),(460,'1','2018-10-31 22:00:07','1','2018-10-31 22:00:07',1,'eur','test payment number 460','stripe_payment_intent_id number 460'),(461,'1','2019-06-30 22:00:07','1','2019-06-30 22:00:07',1,'eur','test payment number 461','stripe_payment_intent_id number 461'),(462,'1','2017-12-04 22:00:07','1','2017-12-04 22:00:07',1,'eur','test payment number 462','stripe_payment_intent_id number 462'),(463,'1','2019-03-07 22:00:07','1','2019-03-07 22:00:07',1,'eur','test payment number 463','stripe_payment_intent_id number 463'),(464,'1','2019-01-28 22:00:07','1','2019-01-28 22:00:07',1,'eur','test payment number 464','stripe_payment_intent_id number 464'),(465,'1','2018-08-17 22:00:07','1','2018-08-17 22:00:07',1,'eur','test payment number 465','stripe_payment_intent_id number 465'),(466,'1','2020-03-11 22:00:07','1','2020-03-11 22:00:07',1,'eur','test payment number 466','stripe_payment_intent_id number 466'),(467,'1','2018-08-16 22:00:07','1','2018-08-16 22:00:07',1,'eur','test payment number 467','stripe_payment_intent_id number 467'),(468,'1','2018-09-01 22:00:07','1','2018-09-01 22:00:07',1,'eur','test payment number 468','stripe_payment_intent_id number 468'),(469,'1','2019-11-12 22:00:07','1','2019-11-12 22:00:07',1,'eur','test payment number 469','stripe_payment_intent_id number 469'),(470,'1','2019-09-09 22:00:07','1','2019-09-09 22:00:07',1,'eur','test payment number 470','stripe_payment_intent_id number 470'),(471,'1','2019-05-25 22:00:07','1','2019-05-25 22:00:07',1,'eur','test payment number 471','stripe_payment_intent_id number 471'),(472,'1','2019-06-24 22:00:07','1','2019-06-24 22:00:07',1,'eur','test payment number 472','stripe_payment_intent_id number 472'),(473,'1','2019-05-29 22:00:07','1','2019-05-29 22:00:07',1,'eur','test payment number 473','stripe_payment_intent_id number 473'),(474,'1','2018-12-29 22:00:07','1','2018-12-29 22:00:07',1,'eur','test payment number 474','stripe_payment_intent_id number 474'),(475,'1','2019-02-13 22:00:07','1','2019-02-13 22:00:07',1,'eur','test payment number 475','stripe_payment_intent_id number 475'),(476,'1','2018-12-21 22:00:07','1','2018-12-21 22:00:07',1,'eur','test payment number 476','stripe_payment_intent_id number 476'),(477,'1','2018-06-04 22:00:07','1','2018-06-04 22:00:07',1,'eur','test payment number 477','stripe_payment_intent_id number 477'),(478,'1','2018-11-30 22:00:07','1','2018-11-30 22:00:07',1,'eur','test payment number 478','stripe_payment_intent_id number 478'),(479,'1','2020-05-31 22:00:07','1','2020-05-31 22:00:07',1,'eur','test payment number 479','stripe_payment_intent_id number 479'),(480,'1','2018-01-30 22:00:07','1','2018-01-30 22:00:07',1,'eur','test payment number 480','stripe_payment_intent_id number 480'),(481,'1','2018-04-17 22:00:07','1','2018-04-17 22:00:07',1,'eur','test payment number 481','stripe_payment_intent_id number 481'),(482,'1','2019-03-01 22:00:07','1','2019-03-01 22:00:07',1,'eur','test payment number 482','stripe_payment_intent_id number 482'),(483,'1','2019-10-29 22:00:07','1','2019-10-29 22:00:07',1,'eur','test payment number 483','stripe_payment_intent_id number 483'),(484,'1','2019-10-31 22:00:07','1','2019-10-31 22:00:07',1,'eur','test payment number 484','stripe_payment_intent_id number 484'),(485,'1','2020-03-26 22:00:07','1','2020-03-26 22:00:07',1,'eur','test payment number 485','stripe_payment_intent_id number 485'),(486,'1','2019-08-30 22:00:07','1','2019-08-30 22:00:07',1,'eur','test payment number 486','stripe_payment_intent_id number 486'),(487,'1','2018-02-24 22:00:07','1','2018-02-24 22:00:07',1,'eur','test payment number 487','stripe_payment_intent_id number 487'),(488,'1','2020-02-15 22:00:07','1','2020-02-15 22:00:07',1,'eur','test payment number 488','stripe_payment_intent_id number 488'),(489,'1','2018-09-22 22:00:07','1','2018-09-22 22:00:07',1,'eur','test payment number 489','stripe_payment_intent_id number 489'),(490,'1','2019-05-30 22:00:07','1','2019-05-30 22:00:07',1,'eur','test payment number 490','stripe_payment_intent_id number 490'),(491,'1','2020-05-08 22:00:07','1','2020-05-08 22:00:07',1,'eur','test payment number 491','stripe_payment_intent_id number 491'),(492,'1','2018-08-04 22:00:07','1','2018-08-04 22:00:07',1,'eur','test payment number 492','stripe_payment_intent_id number 492'),(493,'1','2018-03-15 22:00:07','1','2018-03-15 22:00:07',1,'eur','test payment number 493','stripe_payment_intent_id number 493'),(494,'1','2020-06-10 22:00:07','1','2020-06-10 22:00:07',1,'eur','test payment number 494','stripe_payment_intent_id number 494'),(495,'1','2018-01-23 22:00:07','1','2018-01-23 22:00:07',1,'eur','test payment number 495','stripe_payment_intent_id number 495'),(496,'1','2018-12-26 22:00:07','1','2018-12-26 22:00:07',1,'eur','test payment number 496','stripe_payment_intent_id number 496'),(497,'1','2020-02-02 22:00:07','1','2020-02-02 22:00:07',1,'eur','test payment number 497','stripe_payment_intent_id number 497'),(498,'1','2019-05-08 22:00:07','1','2019-05-08 22:00:07',1,'eur','test payment number 498','stripe_payment_intent_id number 498'),(499,'1','2019-08-08 22:00:07','1','2019-08-08 22:00:07',1,'eur','test payment number 499','stripe_payment_intent_id number 499'),(500,'1','2019-09-24 22:00:07','1','2019-09-24 22:00:07',1,'eur','test payment number 500','stripe_payment_intent_id number 500');

INSERT INTO pedido (id,created_by,created_date,last_modified_by,last_modified_date,status,payment_id,shipping_info_id,user_id) VALUES (1,'1','2019-03-27 22:00:07','1','2019-03-27 22:00:07','COMPLETED',1,1,5),(2,'2','2018-03-23 22:00:07','2','2018-03-23 22:00:07','COMPLETED',2,2,40),(3,'3','2019-05-08 22:00:07','3','2019-05-08 22:00:07','SHIPPING',3,3,30),(4,'4','2019-01-07 22:00:07','4','2019-01-07 22:00:07','COMPLETED',4,4,10),(5,'5','2018-07-03 22:00:07','5','2018-07-03 22:00:07','COMPLETED',5,5,25),(6,'6','2019-03-10 22:00:07','6','2019-03-10 22:00:07','COMPLETED',6,6,39),(7,'7','2017-11-16 22:00:07','7','2017-11-16 22:00:07','COMPLETED',7,7,35),(8,'8','2019-11-15 22:00:07','8','2019-11-15 22:00:07','COMPLETED',8,8,21),(9,'9','2019-04-22 22:00:07','9','2019-04-22 22:00:07','SHIPPING',9,9,53),(10,'10','2019-03-24 22:00:07','10','2019-03-24 22:00:07','COMPLETED',10,10,12),(11,'11','2018-06-29 22:00:07','11','2018-06-29 22:00:07','COMPLETED',11,11,35),(12,'12','2017-10-31 22:00:07','12','2017-10-31 22:00:07','SHIPPING',12,12,50),(13,'13','2019-12-09 22:00:07','13','2019-12-09 22:00:07','COMPLETED',13,13,41),(14,'14','2018-11-30 22:00:07','14','2018-11-30 22:00:07','COMPLETED',14,14,60),(15,'15','2020-03-16 22:00:07','15','2020-03-16 22:00:07','COMPLETED',15,15,21),(16,'16','2020-06-08 22:00:07','16','2020-06-08 22:00:07','PROCESSING',16,16,22),(17,'17','2018-06-27 22:00:07','17','2018-06-27 22:00:07','SHIPPING',17,17,39),(18,'18','2018-08-08 22:00:07','18','2018-08-08 22:00:07','COMPLETED',18,18,63),(19,'19','2017-09-28 22:00:07','19','2017-09-28 22:00:07','COMPLETED',19,19,22),(20,'20','2019-11-11 22:00:07','20','2019-11-11 22:00:07','SHIPPING',20,20,56),(21,'21','2017-12-28 22:00:07','21','2017-12-28 22:00:07','COMPLETED',21,21,5),(22,'22','2018-11-11 22:00:07','22','2018-11-11 22:00:07','COMPLETED',22,22,19),(23,'23','2018-03-09 22:00:07','23','2018-03-09 22:00:07','COMPLETED',23,23,63),(24,'24','2020-04-19 22:00:07','24','2020-04-19 22:00:07','SHIPPING',24,24,12),(25,'25','2018-03-26 22:00:07','25','2018-03-26 22:00:07','COMPLETED',25,25,61),(26,'26','2018-05-21 22:00:07','26','2018-05-21 22:00:07','COMPLETED',26,26,37),(27,'27','2018-02-08 22:00:07','27','2018-02-08 22:00:07','COMPLETED',27,27,44),(28,'28','2019-05-29 22:00:07','28','2019-05-29 22:00:07','PROCESSING',28,28,19),(29,'29','2018-07-04 22:00:07','29','2018-07-04 22:00:07','COMPLETED',29,29,37),(30,'30','2019-05-15 22:00:07','30','2019-05-15 22:00:07','PROCESSING',30,30,29),(31,'31','2019-08-20 22:00:07','31','2019-08-20 22:00:07','COMPLETED',31,31,27),(32,'32','2019-05-27 22:00:07','32','2019-05-27 22:00:07','COMPLETED',32,32,55),(33,'33','2019-05-08 22:00:07','33','2019-05-08 22:00:07','SHIPPING',33,33,29),(34,'34','2020-04-04 22:00:07','34','2020-04-04 22:00:07','COMPLETED',34,34,14),(35,'35','2017-09-23 22:00:07','35','2017-09-23 22:00:07','SHIPPING',35,35,36),(36,'36','2020-01-14 22:00:07','36','2020-01-14 22:00:07','SHIPPING',36,36,56),(37,'37','2019-03-18 22:00:07','37','2019-03-18 22:00:07','SHIPPING',37,37,10),(38,'38','2020-04-07 22:00:07','38','2020-04-07 22:00:07','COMPLETED',38,38,45),(39,'39','2018-01-29 22:00:07','39','2018-01-29 22:00:07','PROCESSING',39,39,34),(40,'40','2020-01-25 22:00:07','40','2020-01-25 22:00:07','COMPLETED',40,40,40),(41,'41','2019-04-27 22:00:07','41','2019-04-27 22:00:07','SHIPPING',41,41,19),(42,'42','2019-09-29 22:00:07','42','2019-09-29 22:00:07','SHIPPING',42,42,51),(43,'43','2017-12-03 22:00:07','43','2017-12-03 22:00:07','COMPLETED',43,43,59),(44,'44','2018-04-23 22:00:07','44','2018-04-23 22:00:07','COMPLETED',44,44,30),(45,'45','2020-03-25 22:00:07','45','2020-03-25 22:00:07','SHIPPING',45,45,38),(46,'46','2017-09-24 22:00:07','46','2017-09-24 22:00:07','SHIPPING',46,46,44),(47,'47','2018-11-17 22:00:07','47','2018-11-17 22:00:07','PROCESSING',47,47,26),(48,'48','2020-04-04 22:00:07','48','2020-04-04 22:00:07','COMPLETED',48,48,47),(49,'49','2020-04-14 22:00:07','49','2020-04-14 22:00:07','COMPLETED',49,49,43),(50,'50','2018-12-08 22:00:07','50','2018-12-08 22:00:07','PROCESSING',50,50,40),(51,'51','2019-09-01 22:00:07','51','2019-09-01 22:00:07','COMPLETED',51,51,51),(52,'52','2018-04-29 22:00:07','52','2018-04-29 22:00:07','COMPLETED',52,52,46),(53,'53','2019-03-20 22:00:07','53','2019-03-20 22:00:07','COMPLETED',53,53,44),(54,'54','2019-01-25 22:00:07','54','2019-01-25 22:00:07','COMPLETED',54,54,15),(55,'55','2018-04-13 22:00:07','55','2018-04-13 22:00:07','PROCESSING',55,55,52),(56,'56','2018-07-07 22:00:07','56','2018-07-07 22:00:07','COMPLETED',56,56,34),(57,'57','2019-04-09 22:00:07','57','2019-04-09 22:00:07','COMPLETED',57,57,44),(58,'58','2020-06-07 22:00:07','58','2020-06-07 22:00:07','COMPLETED',58,58,47),(59,'59','2018-08-02 22:00:07','59','2018-08-02 22:00:07','COMPLETED',59,59,53),(60,'60','2019-05-31 22:00:07','60','2019-05-31 22:00:07','COMPLETED',60,60,14),(61,'61','2019-03-22 22:00:07','61','2019-03-22 22:00:07','PROCESSING',61,61,48),(62,'62','2017-10-28 22:00:07','62','2017-10-28 22:00:07','COMPLETED',62,62,8),(63,'63','2018-08-22 22:00:07','63','2018-08-22 22:00:07','COMPLETED',63,63,39),(64,'64','2020-05-24 22:00:07','64','2020-05-24 22:00:07','COMPLETED',64,64,13),(65,'65','2018-04-14 22:00:07','65','2018-04-14 22:00:07','SHIPPING',65,65,48),(66,'66','2018-07-22 22:00:07','66','2018-07-22 22:00:07','COMPLETED',66,66,61),(67,'67','2018-05-07 22:00:07','67','2018-05-07 22:00:07','SHIPPING',67,67,58),(68,'68','2018-03-31 22:00:07','68','2018-03-31 22:00:07','SHIPPING',68,68,45),(69,'69','2018-12-04 22:00:07','69','2018-12-04 22:00:07','COMPLETED',69,69,54),(70,'70','2018-04-07 22:00:07','70','2018-04-07 22:00:07','COMPLETED',70,70,29),(71,'71','2018-04-26 22:00:07','71','2018-04-26 22:00:07','COMPLETED',71,71,18),(72,'72','2020-05-22 22:00:07','72','2020-05-22 22:00:07','COMPLETED',72,72,44),(73,'73','2018-09-23 22:00:07','73','2018-09-23 22:00:07','COMPLETED',73,73,22),(74,'74','2017-12-29 22:00:07','74','2017-12-29 22:00:07','COMPLETED',74,74,2),(75,'75','2019-11-24 22:00:07','75','2019-11-24 22:00:07','SHIPPING',75,75,41),(76,'76','2019-08-08 22:00:07','76','2019-08-08 22:00:07','COMPLETED',76,76,41),(77,'77','2017-12-30 22:00:07','77','2017-12-30 22:00:07','SHIPPING',77,77,38),(78,'78','2019-06-16 22:00:07','78','2019-06-16 22:00:07','COMPLETED',78,78,61),(79,'79','2018-01-16 22:00:07','79','2018-01-16 22:00:07','COMPLETED',79,79,31),(80,'80','2019-10-26 22:00:07','80','2019-10-26 22:00:07','COMPLETED',80,80,60),(81,'81','2020-05-23 22:00:07','81','2020-05-23 22:00:07','COMPLETED',81,81,27),(82,'82','2018-04-04 22:00:07','82','2018-04-04 22:00:07','PROCESSING',82,82,25),(83,'83','2018-05-18 22:00:07','83','2018-05-18 22:00:07','COMPLETED',83,83,35),(84,'84','2018-06-02 22:00:07','84','2018-06-02 22:00:07','SHIPPING',84,84,11),(85,'85','2019-06-21 22:00:07','85','2019-06-21 22:00:07','COMPLETED',85,85,11),(86,'86','2018-03-23 22:00:07','86','2018-03-23 22:00:07','COMPLETED',86,86,9),(87,'87','2019-04-13 22:00:07','87','2019-04-13 22:00:07','COMPLETED',87,87,22),(88,'88','2018-04-08 22:00:07','88','2018-04-08 22:00:07','COMPLETED',88,88,51),(89,'89','2018-05-08 22:00:07','89','2018-05-08 22:00:07','COMPLETED',89,89,11),(90,'90','2019-05-02 22:00:07','90','2019-05-02 22:00:07','COMPLETED',90,90,33),(91,'91','2019-12-21 22:00:07','91','2019-12-21 22:00:07','COMPLETED',91,91,35),(92,'92','2018-08-12 22:00:07','92','2018-08-12 22:00:07','COMPLETED',92,92,51),(93,'93','2018-08-06 22:00:07','93','2018-08-06 22:00:07','PROCESSING',93,93,60),(94,'94','2018-09-13 22:00:07','94','2018-09-13 22:00:07','SHIPPING',94,94,43),(95,'95','2019-04-26 22:00:07','95','2019-04-26 22:00:07','COMPLETED',95,95,23),(96,'96','2018-02-15 22:00:07','96','2018-02-15 22:00:07','COMPLETED',96,96,9),(97,'97','2017-09-30 22:00:07','97','2017-09-30 22:00:07','COMPLETED',97,97,4),(98,'98','2018-03-04 22:00:07','98','2018-03-04 22:00:07','COMPLETED',98,98,25),(99,'99','2018-12-08 22:00:07','99','2018-12-08 22:00:07','COMPLETED',99,99,48),(100,'100','2018-08-30 22:00:07','100','2018-08-30 22:00:07','COMPLETED',100,100,15),(101,'101','2017-11-06 22:00:07','101','2017-11-06 22:00:07','COMPLETED',101,101,18),(102,'102','2020-06-02 22:00:07','102','2020-06-02 22:00:07','COMPLETED',102,102,34),(103,'103','2020-01-11 22:00:07','103','2020-01-11 22:00:07','COMPLETED',103,103,48),(104,'104','2018-03-04 22:00:07','104','2018-03-04 22:00:07','COMPLETED',104,104,39),(105,'105','2017-10-06 22:00:07','105','2017-10-06 22:00:07','COMPLETED',105,105,17),(106,'106','2018-08-06 22:00:07','106','2018-08-06 22:00:07','COMPLETED',106,106,16),(107,'107','2020-01-07 22:00:07','107','2020-01-07 22:00:07','COMPLETED',107,107,16),(108,'108','2018-08-06 22:00:07','108','2018-08-06 22:00:07','COMPLETED',108,108,33),(109,'109','2018-02-12 22:00:07','109','2018-02-12 22:00:07','SHIPPING',109,109,45),(110,'110','2019-12-13 22:00:07','110','2019-12-13 22:00:07','COMPLETED',110,110,29),(111,'111','2018-09-05 22:00:07','111','2018-09-05 22:00:07','SHIPPING',111,111,3),(112,'112','2018-09-02 22:00:07','112','2018-09-02 22:00:07','COMPLETED',112,112,45),(113,'113','2017-10-28 22:00:07','113','2017-10-28 22:00:07','COMPLETED',113,113,25),(114,'114','2020-02-09 22:00:07','114','2020-02-09 22:00:07','COMPLETED',114,114,55),(115,'115','2019-04-21 22:00:07','115','2019-04-21 22:00:07','COMPLETED',115,115,18),(116,'116','2019-01-24 22:00:07','116','2019-01-24 22:00:07','COMPLETED',116,116,58),(117,'117','2020-01-29 22:00:07','117','2020-01-29 22:00:07','COMPLETED',117,117,17),(118,'118','2019-02-05 22:00:07','118','2019-02-05 22:00:07','COMPLETED',118,118,42),(119,'119','2018-07-19 22:00:07','119','2018-07-19 22:00:07','COMPLETED',119,119,10),(120,'120','2018-09-07 22:00:07','120','2018-09-07 22:00:07','COMPLETED',120,120,45),(121,'121','2018-11-24 22:00:07','121','2018-11-24 22:00:07','SHIPPING',121,121,28),(122,'122','2020-01-13 22:00:07','122','2020-01-13 22:00:07','SHIPPING',122,122,15),(123,'123','2020-04-03 22:00:07','123','2020-04-03 22:00:07','COMPLETED',123,123,24),(124,'124','2017-11-21 22:00:07','124','2017-11-21 22:00:07','COMPLETED',124,124,9),(125,'125','2018-03-28 22:00:07','125','2018-03-28 22:00:07','COMPLETED',125,125,39),(126,'126','2020-04-17 22:00:07','126','2020-04-17 22:00:07','COMPLETED',126,126,57),(127,'127','2018-02-14 22:00:07','127','2018-02-14 22:00:07','COMPLETED',127,127,36),(128,'128','2019-06-17 22:00:07','128','2019-06-17 22:00:07','COMPLETED',128,128,4),(129,'129','2020-03-09 22:00:07','129','2020-03-09 22:00:07','COMPLETED',129,129,56),(130,'130','2018-05-12 22:00:07','130','2018-05-12 22:00:07','SHIPPING',130,130,60),(131,'131','2019-08-31 22:00:07','131','2019-08-31 22:00:07','SHIPPING',131,131,21),(132,'132','2019-05-13 22:00:07','132','2019-05-13 22:00:07','SHIPPING',132,132,10),(133,'133','2018-03-07 22:00:07','133','2018-03-07 22:00:07','COMPLETED',133,133,50),(134,'134','2020-02-01 22:00:07','134','2020-02-01 22:00:07','COMPLETED',134,134,11),(135,'135','2019-11-19 22:00:07','135','2019-11-19 22:00:07','SHIPPING',135,135,62),(136,'136','2018-02-19 22:00:07','136','2018-02-19 22:00:07','PROCESSING',136,136,30),(137,'137','2018-09-08 22:00:07','137','2018-09-08 22:00:07','COMPLETED',137,137,37),(138,'138','2019-06-14 22:00:07','138','2019-06-14 22:00:07','COMPLETED',138,138,59),(139,'139','2020-02-09 22:00:07','139','2020-02-09 22:00:07','COMPLETED',139,139,48),(140,'140','2019-01-28 22:00:07','140','2019-01-28 22:00:07','COMPLETED',140,140,7),(141,'141','2018-08-28 22:00:07','141','2018-08-28 22:00:07','SHIPPING',141,141,11),(142,'142','2018-10-21 22:00:07','142','2018-10-21 22:00:07','COMPLETED',142,142,6),(143,'143','2017-11-17 22:00:07','143','2017-11-17 22:00:07','SHIPPING',143,143,10),(144,'144','2018-09-27 22:00:07','144','2018-09-27 22:00:07','COMPLETED',144,144,21),(145,'145','2018-03-25 22:00:07','145','2018-03-25 22:00:07','COMPLETED',145,145,63),(146,'146','2018-10-10 22:00:07','146','2018-10-10 22:00:07','COMPLETED',146,146,34),(147,'147','2018-02-23 22:00:07','147','2018-02-23 22:00:07','SHIPPING',147,147,35),(148,'148','2017-12-04 22:00:07','148','2017-12-04 22:00:07','COMPLETED',148,148,24),(149,'149','2018-05-04 22:00:07','149','2018-05-04 22:00:07','COMPLETED',149,149,39),(150,'150','2018-01-02 22:00:07','150','2018-01-02 22:00:07','COMPLETED',150,150,6),(151,'151','2018-03-15 22:00:07','151','2018-03-15 22:00:07','COMPLETED',151,151,7),(152,'152','2020-05-21 22:00:07','152','2020-05-21 22:00:07','COMPLETED',152,152,41),(153,'153','2018-11-08 22:00:07','153','2018-11-08 22:00:07','COMPLETED',153,153,7),(154,'154','2020-01-02 22:00:07','154','2020-01-02 22:00:07','SHIPPING',154,154,62),(155,'155','2018-01-27 22:00:07','155','2018-01-27 22:00:07','SHIPPING',155,155,12),(156,'156','2019-06-19 22:00:07','156','2019-06-19 22:00:07','SHIPPING',156,156,31),(157,'157','2017-11-30 22:00:07','157','2017-11-30 22:00:07','COMPLETED',157,157,14),(158,'158','2019-05-07 22:00:07','158','2019-05-07 22:00:07','SHIPPING',158,158,16),(159,'159','2018-03-31 22:00:07','159','2018-03-31 22:00:07','COMPLETED',159,159,62),(160,'160','2018-03-18 22:00:07','160','2018-03-18 22:00:07','SHIPPING',160,160,28),(161,'161','2019-02-04 22:00:07','161','2019-02-04 22:00:07','COMPLETED',161,161,5),(162,'162','2020-02-20 22:00:07','162','2020-02-20 22:00:07','COMPLETED',162,162,16),(163,'163','2019-12-05 22:00:07','163','2019-12-05 22:00:07','COMPLETED',163,163,59),(164,'164','2019-12-15 22:00:07','164','2019-12-15 22:00:07','COMPLETED',164,164,26),(165,'165','2019-02-19 22:00:07','165','2019-02-19 22:00:07','COMPLETED',165,165,11),(166,'166','2019-02-28 22:00:07','166','2019-02-28 22:00:07','COMPLETED',166,166,27),(167,'167','2020-04-21 22:00:07','167','2020-04-21 22:00:07','SHIPPING',167,167,17),(168,'168','2019-09-09 22:00:07','168','2019-09-09 22:00:07','COMPLETED',168,168,16),(169,'169','2018-04-18 22:00:07','169','2018-04-18 22:00:07','COMPLETED',169,169,29),(170,'170','2018-05-04 22:00:07','170','2018-05-04 22:00:07','COMPLETED',170,170,12),(171,'171','2018-05-28 22:00:07','171','2018-05-28 22:00:07','COMPLETED',171,171,62),(172,'172','2020-04-17 22:00:07','172','2020-04-17 22:00:07','SHIPPING',172,172,48),(173,'173','2020-04-30 22:00:07','173','2020-04-30 22:00:07','COMPLETED',173,173,22),(174,'174','2019-07-31 22:00:07','174','2019-07-31 22:00:07','COMPLETED',174,174,51),(175,'175','2020-05-17 22:00:07','175','2020-05-17 22:00:07','PROCESSING',175,175,51),(176,'176','2018-04-12 22:00:07','176','2018-04-12 22:00:07','PROCESSING',176,176,14),(177,'177','2017-09-16 22:00:07','177','2017-09-16 22:00:07','SHIPPING',177,177,36),(178,'178','2020-03-17 22:00:07','178','2020-03-17 22:00:07','COMPLETED',178,178,24),(179,'179','2017-10-11 22:00:07','179','2017-10-11 22:00:07','COMPLETED',179,179,6),(180,'180','2019-01-15 22:00:07','180','2019-01-15 22:00:07','COMPLETED',180,180,40),(181,'181','2020-05-22 22:00:07','181','2020-05-22 22:00:07','COMPLETED',181,181,16),(182,'182','2019-12-06 22:00:07','182','2019-12-06 22:00:07','COMPLETED',182,182,16),(183,'183','2018-05-06 22:00:07','183','2018-05-06 22:00:07','COMPLETED',183,183,8),(184,'184','2018-05-31 22:00:07','184','2018-05-31 22:00:07','SHIPPING',184,184,46),(185,'185','2019-10-23 22:00:07','185','2019-10-23 22:00:07','COMPLETED',185,185,51),(186,'186','2018-04-08 22:00:07','186','2018-04-08 22:00:07','COMPLETED',186,186,21),(187,'187','2019-06-09 22:00:07','187','2019-06-09 22:00:07','COMPLETED',187,187,36),(188,'188','2019-09-04 22:00:07','188','2019-09-04 22:00:07','SHIPPING',188,188,39),(189,'189','2017-12-21 22:00:07','189','2017-12-21 22:00:07','COMPLETED',189,189,14),(190,'190','2018-06-02 22:00:07','190','2018-06-02 22:00:07','COMPLETED',190,190,64),(191,'191','2020-03-28 22:00:07','191','2020-03-28 22:00:07','COMPLETED',191,191,33),(192,'192','2019-02-24 22:00:07','192','2019-02-24 22:00:07','COMPLETED',192,192,10),(193,'193','2018-10-18 22:00:07','193','2018-10-18 22:00:07','COMPLETED',193,193,7),(194,'194','2019-05-10 22:00:07','194','2019-05-10 22:00:07','COMPLETED',194,194,25),(195,'195','2018-08-23 22:00:07','195','2018-08-23 22:00:07','SHIPPING',195,195,33),(196,'196','2020-04-19 22:00:07','196','2020-04-19 22:00:07','COMPLETED',196,196,61),(197,'197','2019-08-30 22:00:07','197','2019-08-30 22:00:07','PROCESSING',197,197,54),(198,'198','2019-03-28 22:00:07','198','2019-03-28 22:00:07','COMPLETED',198,198,7),(199,'199','2019-10-10 22:00:07','199','2019-10-10 22:00:07','COMPLETED',199,199,6),(200,'200','2017-11-16 22:00:07','200','2017-11-16 22:00:07','COMPLETED',200,200,20),(201,'201','2019-12-31 22:00:07','201','2019-12-31 22:00:07','SHIPPING',201,201,21),(202,'202','2019-10-21 22:00:07','202','2019-10-21 22:00:07','COMPLETED',202,202,54),(203,'203','2020-04-01 22:00:07','203','2020-04-01 22:00:07','COMPLETED',203,203,53),(204,'204','2019-10-12 22:00:07','204','2019-10-12 22:00:07','COMPLETED',204,204,42),(205,'205','2018-05-20 22:00:07','205','2018-05-20 22:00:07','COMPLETED',205,205,61),(206,'206','2020-04-26 22:00:07','206','2020-04-26 22:00:07','COMPLETED',206,206,43),(207,'207','2020-03-18 22:00:07','207','2020-03-18 22:00:07','COMPLETED',207,207,55),(208,'208','2019-07-15 22:00:07','208','2019-07-15 22:00:07','SHIPPING',208,208,44),(209,'209','2018-04-29 22:00:07','209','2018-04-29 22:00:07','COMPLETED',209,209,44),(210,'210','2019-07-18 22:00:07','210','2019-07-18 22:00:07','COMPLETED',210,210,42),(211,'211','2019-05-19 22:00:07','211','2019-05-19 22:00:07','SHIPPING',211,211,31),(212,'212','2017-12-16 22:00:07','212','2017-12-16 22:00:07','SHIPPING',212,212,27),(213,'213','2018-04-14 22:00:07','213','2018-04-14 22:00:07','COMPLETED',213,213,17),(214,'214','2019-08-24 22:00:07','214','2019-08-24 22:00:07','COMPLETED',214,214,21),(215,'215','2019-09-17 22:00:07','215','2019-09-17 22:00:07','COMPLETED',215,215,56),(216,'216','2020-03-21 22:00:07','216','2020-03-21 22:00:07','SHIPPING',216,216,34),(217,'217','2018-04-12 22:00:07','217','2018-04-12 22:00:07','COMPLETED',217,217,57),(218,'218','2020-03-07 22:00:07','218','2020-03-07 22:00:07','PROCESSING',218,218,53),(219,'219','2019-07-28 22:00:07','219','2019-07-28 22:00:07','SHIPPING',219,219,45),(220,'220','2019-09-15 22:00:07','220','2019-09-15 22:00:07','COMPLETED',220,220,63),(221,'221','2019-03-07 22:00:07','221','2019-03-07 22:00:07','PROCESSING',221,221,61),(222,'222','2017-09-26 22:00:07','222','2017-09-26 22:00:07','COMPLETED',222,222,23),(223,'223','2018-11-26 22:00:07','223','2018-11-26 22:00:07','COMPLETED',223,223,25),(224,'224','2020-03-05 22:00:07','224','2020-03-05 22:00:07','COMPLETED',224,224,15),(225,'225','2018-01-21 22:00:07','225','2018-01-21 22:00:07','COMPLETED',225,225,63),(226,'226','2017-11-28 22:00:07','226','2017-11-28 22:00:07','COMPLETED',226,226,49),(227,'227','2018-01-06 22:00:07','227','2018-01-06 22:00:07','COMPLETED',227,227,59),(228,'228','2019-05-21 22:00:07','228','2019-05-21 22:00:07','COMPLETED',228,228,20),(229,'229','2019-07-03 22:00:07','229','2019-07-03 22:00:07','COMPLETED',229,229,62),(230,'230','2020-05-12 22:00:07','230','2020-05-12 22:00:07','COMPLETED',230,230,27),(231,'231','2018-09-01 22:00:07','231','2018-09-01 22:00:07','COMPLETED',231,231,62),(232,'232','2020-03-20 22:00:07','232','2020-03-20 22:00:07','SHIPPING',232,232,36),(233,'233','2020-06-06 22:00:07','233','2020-06-06 22:00:07','COMPLETED',233,233,32),(234,'234','2018-07-12 22:00:07','234','2018-07-12 22:00:07','COMPLETED',234,234,6),(235,'235','2019-04-02 22:00:07','235','2019-04-02 22:00:07','COMPLETED',235,235,50),(236,'236','2019-12-03 22:00:07','236','2019-12-03 22:00:07','COMPLETED',236,236,5),(237,'237','2018-09-07 22:00:07','237','2018-09-07 22:00:07','SHIPPING',237,237,15),(238,'238','2018-11-21 22:00:07','238','2018-11-21 22:00:07','PROCESSING',238,238,57),(239,'239','2018-01-03 22:00:07','239','2018-01-03 22:00:07','SHIPPING',239,239,27),(240,'240','2018-07-07 22:00:07','240','2018-07-07 22:00:07','COMPLETED',240,240,53),(241,'241','2019-09-27 22:00:07','241','2019-09-27 22:00:07','COMPLETED',241,241,23),(242,'242','2019-06-03 22:00:07','242','2019-06-03 22:00:07','COMPLETED',242,242,38),(243,'243','2020-01-29 22:00:07','243','2020-01-29 22:00:07','COMPLETED',243,243,11),(244,'244','2019-11-07 22:00:07','244','2019-11-07 22:00:07','COMPLETED',244,244,42),(245,'245','2018-11-21 22:00:07','245','2018-11-21 22:00:07','PROCESSING',245,245,61),(246,'246','2017-12-15 22:00:07','246','2017-12-15 22:00:07','COMPLETED',246,246,18),(247,'247','2018-08-02 22:00:07','247','2018-08-02 22:00:07','COMPLETED',247,247,9),(248,'248','2017-12-06 22:00:07','248','2017-12-06 22:00:07','SHIPPING',248,248,23),(249,'249','2019-06-06 22:00:07','249','2019-06-06 22:00:07','COMPLETED',249,249,62),(250,'250','2019-02-03 22:00:07','250','2019-02-03 22:00:07','COMPLETED',250,250,26),(251,'251','2018-03-24 22:00:07','251','2018-03-24 22:00:07','COMPLETED',251,251,59),(252,'252','2019-11-25 22:00:07','252','2019-11-25 22:00:07','COMPLETED',252,252,58),(253,'253','2020-05-06 22:00:07','253','2020-05-06 22:00:07','COMPLETED',253,253,30),(254,'254','2018-08-09 22:00:07','254','2018-08-09 22:00:07','COMPLETED',254,254,2),(255,'255','2019-01-14 22:00:07','255','2019-01-14 22:00:07','COMPLETED',255,255,5),(256,'256','2019-01-03 22:00:07','256','2019-01-03 22:00:07','COMPLETED',256,256,11),(257,'257','2020-05-20 22:00:07','257','2020-05-20 22:00:07','COMPLETED',257,257,29),(258,'258','2018-08-08 22:00:07','258','2018-08-08 22:00:07','SHIPPING',258,258,9),(259,'259','2019-11-10 22:00:07','259','2019-11-10 22:00:07','COMPLETED',259,259,11),(260,'260','2018-01-17 22:00:07','260','2018-01-17 22:00:07','COMPLETED',260,260,47),(261,'261','2020-05-12 22:00:07','261','2020-05-12 22:00:07','COMPLETED',261,261,38),(262,'262','2018-08-13 22:00:07','262','2018-08-13 22:00:07','PROCESSING',262,262,16),(263,'263','2019-01-27 22:00:07','263','2019-01-27 22:00:07','COMPLETED',263,263,2),(264,'264','2019-03-21 22:00:07','264','2019-03-21 22:00:07','COMPLETED',264,264,17),(265,'265','2019-04-29 22:00:07','265','2019-04-29 22:00:07','COMPLETED',265,265,3),(266,'266','2018-05-11 22:00:07','266','2018-05-11 22:00:07','COMPLETED',266,266,43),(267,'267','2018-04-12 22:00:07','267','2018-04-12 22:00:07','COMPLETED',267,267,21),(268,'268','2020-05-10 22:00:07','268','2020-05-10 22:00:07','PROCESSING',268,268,43),(269,'269','2018-05-16 22:00:07','269','2018-05-16 22:00:07','SHIPPING',269,269,51),(270,'270','2019-08-21 22:00:07','270','2019-08-21 22:00:07','SHIPPING',270,270,3),(271,'271','2020-01-10 22:00:07','271','2020-01-10 22:00:07','COMPLETED',271,271,47),(272,'272','2019-03-03 22:00:07','272','2019-03-03 22:00:07','COMPLETED',272,272,16),(273,'273','2017-09-29 22:00:07','273','2017-09-29 22:00:07','COMPLETED',273,273,37),(274,'274','2020-03-19 22:00:07','274','2020-03-19 22:00:07','COMPLETED',274,274,49),(275,'275','2020-04-24 22:00:07','275','2020-04-24 22:00:07','SHIPPING',275,275,14),(276,'276','2018-12-21 22:00:07','276','2018-12-21 22:00:07','SHIPPING',276,276,29),(277,'277','2018-12-04 22:00:07','277','2018-12-04 22:00:07','COMPLETED',277,277,24),(278,'278','2019-12-08 22:00:07','278','2019-12-08 22:00:07','SHIPPING',278,278,51),(279,'279','2019-01-04 22:00:07','279','2019-01-04 22:00:07','COMPLETED',279,279,39),(280,'280','2019-01-13 22:00:07','280','2019-01-13 22:00:07','COMPLETED',280,280,36),(281,'281','2019-01-03 22:00:07','281','2019-01-03 22:00:07','PROCESSING',281,281,6),(282,'282','2018-08-30 22:00:07','282','2018-08-30 22:00:07','COMPLETED',282,282,18),(283,'283','2018-01-18 22:00:07','283','2018-01-18 22:00:07','SHIPPING',283,283,33),(284,'284','2018-08-02 22:00:07','284','2018-08-02 22:00:07','COMPLETED',284,284,49),(285,'285','2019-09-06 22:00:07','285','2019-09-06 22:00:07','SHIPPING',285,285,58),(286,'286','2019-01-09 22:00:07','286','2019-01-09 22:00:07','COMPLETED',286,286,59),(287,'287','2020-03-21 22:00:07','287','2020-03-21 22:00:07','COMPLETED',287,287,60),(288,'288','2019-01-10 22:00:07','288','2019-01-10 22:00:07','COMPLETED',288,288,13),(289,'289','2019-03-06 22:00:07','289','2019-03-06 22:00:07','SHIPPING',289,289,33),(290,'290','2018-08-17 22:00:07','290','2018-08-17 22:00:07','COMPLETED',290,290,55),(291,'291','2018-12-31 22:00:07','291','2018-12-31 22:00:07','COMPLETED',291,291,43),(292,'292','2017-11-08 22:00:07','292','2017-11-08 22:00:07','COMPLETED',292,292,26),(293,'293','2018-07-01 22:00:07','293','2018-07-01 22:00:07','SHIPPING',293,293,36),(294,'294','2018-03-16 22:00:07','294','2018-03-16 22:00:07','SHIPPING',294,294,38),(295,'295','2017-09-26 22:00:07','295','2017-09-26 22:00:07','COMPLETED',295,295,10),(296,'296','2017-09-20 22:00:07','296','2017-09-20 22:00:07','COMPLETED',296,296,5),(297,'297','2019-02-28 22:00:07','297','2019-02-28 22:00:07','SHIPPING',297,297,15),(298,'298','2017-10-31 22:00:07','298','2017-10-31 22:00:07','COMPLETED',298,298,58),(299,'299','2017-10-17 22:00:07','299','2017-10-17 22:00:07','COMPLETED',299,299,15),(300,'300','2018-03-02 22:00:07','300','2018-03-02 22:00:07','COMPLETED',300,300,54),(301,'301','2020-03-19 22:00:07','301','2020-03-19 22:00:07','COMPLETED',301,301,58),(302,'302','2020-06-06 22:00:07','302','2020-06-06 22:00:07','COMPLETED',302,302,2),(303,'303','2018-02-11 22:00:07','303','2018-02-11 22:00:07','SHIPPING',303,303,32),(304,'304','2019-09-16 22:00:07','304','2019-09-16 22:00:07','COMPLETED',304,304,21),(305,'305','2018-07-24 22:00:07','305','2018-07-24 22:00:07','COMPLETED',305,305,39),(306,'306','2017-11-15 22:00:07','306','2017-11-15 22:00:07','COMPLETED',306,306,61),(307,'307','2019-08-13 22:00:07','307','2019-08-13 22:00:07','COMPLETED',307,307,33),(308,'308','2018-08-04 22:00:07','308','2018-08-04 22:00:07','COMPLETED',308,308,60),(309,'309','2018-05-30 22:00:07','309','2018-05-30 22:00:07','SHIPPING',309,309,46),(310,'310','2018-05-15 22:00:07','310','2018-05-15 22:00:07','COMPLETED',310,310,56),(311,'311','2019-05-21 22:00:07','311','2019-05-21 22:00:07','PROCESSING',311,311,53),(312,'312','2017-10-15 22:00:07','312','2017-10-15 22:00:07','COMPLETED',312,312,55),(313,'313','2018-09-21 22:00:07','313','2018-09-21 22:00:07','COMPLETED',313,313,64),(314,'314','2018-06-14 22:00:07','314','2018-06-14 22:00:07','COMPLETED',314,314,46),(315,'315','2019-05-25 22:00:07','315','2019-05-25 22:00:07','COMPLETED',315,315,28),(316,'316','2019-03-03 22:00:07','316','2019-03-03 22:00:07','COMPLETED',316,316,60),(317,'317','2018-10-12 22:00:07','317','2018-10-12 22:00:07','COMPLETED',317,317,59),(318,'318','2020-05-03 22:00:07','318','2020-05-03 22:00:07','COMPLETED',318,318,59),(319,'319','2019-10-31 22:00:07','319','2019-10-31 22:00:07','COMPLETED',319,319,43),(320,'320','2018-12-03 22:00:07','320','2018-12-03 22:00:07','COMPLETED',320,320,35),(321,'321','2019-11-12 22:00:07','321','2019-11-12 22:00:07','SHIPPING',321,321,53),(322,'322','2019-08-04 22:00:07','322','2019-08-04 22:00:07','COMPLETED',322,322,21),(323,'323','2018-01-02 22:00:07','323','2018-01-02 22:00:07','COMPLETED',323,323,47),(324,'324','2018-11-17 22:00:07','324','2018-11-17 22:00:07','SHIPPING',324,324,55),(325,'325','2020-06-01 22:00:07','325','2020-06-01 22:00:07','COMPLETED',325,325,26),(326,'326','2019-07-17 22:00:07','326','2019-07-17 22:00:07','COMPLETED',326,326,62),(327,'327','2017-12-08 22:00:07','327','2017-12-08 22:00:07','COMPLETED',327,327,36),(328,'328','2019-11-25 22:00:07','328','2019-11-25 22:00:07','COMPLETED',328,328,17),(329,'329','2020-02-15 22:00:07','329','2020-02-15 22:00:07','COMPLETED',329,329,61),(330,'330','2018-01-30 22:00:07','330','2018-01-30 22:00:07','COMPLETED',330,330,8),(331,'331','2018-06-22 22:00:07','331','2018-06-22 22:00:07','COMPLETED',331,331,55),(332,'332','2017-10-19 22:00:07','332','2017-10-19 22:00:07','COMPLETED',332,332,15),(333,'333','2018-12-16 22:00:07','333','2018-12-16 22:00:07','COMPLETED',333,333,50),(334,'334','2018-04-25 22:00:07','334','2018-04-25 22:00:07','SHIPPING',334,334,63),(335,'335','2019-11-04 22:00:07','335','2019-11-04 22:00:07','COMPLETED',335,335,31),(336,'336','2019-07-17 22:00:07','336','2019-07-17 22:00:07','COMPLETED',336,336,26),(337,'337','2017-09-25 22:00:07','337','2017-09-25 22:00:07','COMPLETED',337,337,54),(338,'338','2018-03-16 22:00:07','338','2018-03-16 22:00:07','COMPLETED',338,338,40),(339,'339','2019-05-20 22:00:07','339','2019-05-20 22:00:07','COMPLETED',339,339,55),(340,'340','2018-02-10 22:00:07','340','2018-02-10 22:00:07','COMPLETED',340,340,43),(341,'341','2018-06-13 22:00:07','341','2018-06-13 22:00:07','COMPLETED',341,341,10),(342,'342','2017-11-28 22:00:07','342','2017-11-28 22:00:07','COMPLETED',342,342,46),(343,'343','2019-06-01 22:00:07','343','2019-06-01 22:00:07','COMPLETED',343,343,57),(344,'344','2020-01-15 22:00:07','344','2020-01-15 22:00:07','COMPLETED',344,344,53),(345,'345','2018-01-01 22:00:07','345','2018-01-01 22:00:07','COMPLETED',345,345,50),(346,'346','2019-01-16 22:00:07','346','2019-01-16 22:00:07','COMPLETED',346,346,22),(347,'347','2020-04-15 22:00:07','347','2020-04-15 22:00:07','COMPLETED',347,347,17),(348,'348','2019-06-08 22:00:07','348','2019-06-08 22:00:07','COMPLETED',348,348,6),(349,'349','2018-10-19 22:00:07','349','2018-10-19 22:00:07','COMPLETED',349,349,20),(350,'350','2017-12-19 22:00:07','350','2017-12-19 22:00:07','SHIPPING',350,350,38),(351,'351','2017-09-25 22:00:07','351','2017-09-25 22:00:07','COMPLETED',351,351,21),(352,'352','2020-01-09 22:00:07','352','2020-01-09 22:00:07','PROCESSING',352,352,54),(353,'353','2018-12-21 22:00:07','353','2018-12-21 22:00:07','COMPLETED',353,353,55),(354,'354','2018-06-12 22:00:07','354','2018-06-12 22:00:07','COMPLETED',354,354,62),(355,'355','2018-12-19 22:00:07','355','2018-12-19 22:00:07','COMPLETED',355,355,38),(356,'356','2020-06-01 22:00:07','356','2020-06-01 22:00:07','COMPLETED',356,356,18),(357,'357','2018-09-27 22:00:07','357','2018-09-27 22:00:07','COMPLETED',357,357,48),(358,'358','2019-01-17 22:00:07','358','2019-01-17 22:00:07','COMPLETED',358,358,27),(359,'359','2019-05-30 22:00:07','359','2019-05-30 22:00:07','COMPLETED',359,359,46),(360,'360','2018-07-01 22:00:07','360','2018-07-01 22:00:07','COMPLETED',360,360,41),(361,'361','2020-01-02 22:00:07','361','2020-01-02 22:00:07','COMPLETED',361,361,34),(362,'362','2019-09-18 22:00:07','362','2019-09-18 22:00:07','SHIPPING',362,362,34),(363,'363','2020-04-19 22:00:07','363','2020-04-19 22:00:07','SHIPPING',363,363,54),(364,'364','2020-02-22 22:00:07','364','2020-02-22 22:00:07','COMPLETED',364,364,17),(365,'365','2019-03-02 22:00:07','365','2019-03-02 22:00:07','COMPLETED',365,365,36),(366,'366','2020-06-01 22:00:07','366','2020-06-01 22:00:07','SHIPPING',366,366,27),(367,'367','2020-02-14 22:00:07','367','2020-02-14 22:00:07','COMPLETED',367,367,60),(368,'368','2018-01-23 22:00:07','368','2018-01-23 22:00:07','SHIPPING',368,368,43),(369,'369','2020-01-24 22:00:07','369','2020-01-24 22:00:07','COMPLETED',369,369,31),(370,'370','2019-12-15 22:00:07','370','2019-12-15 22:00:07','SHIPPING',370,370,52),(371,'371','2020-02-11 22:00:07','371','2020-02-11 22:00:07','SHIPPING',371,371,12),(372,'372','2019-05-01 22:00:07','372','2019-05-01 22:00:07','COMPLETED',372,372,57),(373,'373','2017-10-02 22:00:07','373','2017-10-02 22:00:07','SHIPPING',373,373,57),(374,'374','2017-10-15 22:00:07','374','2017-10-15 22:00:07','PROCESSING',374,374,17),(375,'375','2020-01-28 22:00:07','375','2020-01-28 22:00:07','SHIPPING',375,375,5),(376,'376','2018-09-09 22:00:07','376','2018-09-09 22:00:07','COMPLETED',376,376,24),(377,'377','2020-04-03 22:00:07','377','2020-04-03 22:00:07','COMPLETED',377,377,31),(378,'378','2018-08-07 22:00:07','378','2018-08-07 22:00:07','COMPLETED',378,378,18),(379,'379','2018-07-10 22:00:07','379','2018-07-10 22:00:07','COMPLETED',379,379,45),(380,'380','2019-08-30 22:00:07','380','2019-08-30 22:00:07','COMPLETED',380,380,44),(381,'381','2018-12-26 22:00:07','381','2018-12-26 22:00:07','COMPLETED',381,381,54),(382,'382','2019-04-20 22:00:07','382','2019-04-20 22:00:07','SHIPPING',382,382,46),(383,'383','2020-05-20 22:00:07','383','2020-05-20 22:00:07','COMPLETED',383,383,31),(384,'384','2018-10-07 22:00:07','384','2018-10-07 22:00:07','COMPLETED',384,384,33),(385,'385','2018-08-30 22:00:07','385','2018-08-30 22:00:07','PROCESSING',385,385,5),(386,'386','2019-06-23 22:00:07','386','2019-06-23 22:00:07','COMPLETED',386,386,45),(387,'387','2019-10-31 22:00:07','387','2019-10-31 22:00:07','SHIPPING',387,387,22),(388,'388','2019-07-20 22:00:07','388','2019-07-20 22:00:07','COMPLETED',388,388,27),(389,'389','2018-07-22 22:00:07','389','2018-07-22 22:00:07','COMPLETED',389,389,15),(390,'390','2019-05-06 22:00:07','390','2019-05-06 22:00:07','SHIPPING',390,390,55),(391,'391','2018-07-07 22:00:07','391','2018-07-07 22:00:07','COMPLETED',391,391,37),(392,'392','2018-08-16 22:00:07','392','2018-08-16 22:00:07','SHIPPING',392,392,14),(393,'393','2020-04-12 22:00:07','393','2020-04-12 22:00:07','COMPLETED',393,393,44),(394,'394','2019-03-29 22:00:07','394','2019-03-29 22:00:07','COMPLETED',394,394,23),(395,'395','2020-01-27 22:00:07','395','2020-01-27 22:00:07','COMPLETED',395,395,41),(396,'396','2018-06-25 22:00:07','396','2018-06-25 22:00:07','COMPLETED',396,396,58),(397,'397','2020-04-30 22:00:07','397','2020-04-30 22:00:07','SHIPPING',397,397,2),(398,'398','2019-07-11 22:00:07','398','2019-07-11 22:00:07','COMPLETED',398,398,54),(399,'399','2018-11-22 22:00:07','399','2018-11-22 22:00:07','COMPLETED',399,399,63),(400,'400','2019-05-18 22:00:07','400','2019-05-18 22:00:07','COMPLETED',400,400,9),(401,'401','2020-04-01 22:00:07','401','2020-04-01 22:00:07','PROCESSING',401,401,38),(402,'402','2020-01-15 22:00:07','402','2020-01-15 22:00:07','SHIPPING',402,402,13),(403,'403','2018-01-17 22:00:07','403','2018-01-17 22:00:07','COMPLETED',403,403,58),(404,'404','2017-12-19 22:00:07','404','2017-12-19 22:00:07','COMPLETED',404,404,38),(405,'405','2018-02-07 22:00:07','405','2018-02-07 22:00:07','COMPLETED',405,405,25),(406,'406','2018-04-10 22:00:07','406','2018-04-10 22:00:07','SHIPPING',406,406,58),(407,'407','2017-12-12 22:00:07','407','2017-12-12 22:00:07','COMPLETED',407,407,52),(408,'408','2019-10-26 22:00:07','408','2019-10-26 22:00:07','COMPLETED',408,408,45),(409,'409','2018-08-20 22:00:07','409','2018-08-20 22:00:07','SHIPPING',409,409,58),(410,'410','2019-11-23 22:00:07','410','2019-11-23 22:00:07','COMPLETED',410,410,11),(411,'411','2018-05-20 22:00:07','411','2018-05-20 22:00:07','SHIPPING',411,411,18),(412,'412','2019-11-19 22:00:07','412','2019-11-19 22:00:07','SHIPPING',412,412,24),(413,'413','2019-03-23 22:00:07','413','2019-03-23 22:00:07','COMPLETED',413,413,60),(414,'414','2018-07-09 22:00:07','414','2018-07-09 22:00:07','COMPLETED',414,414,9),(415,'415','2018-04-10 22:00:07','415','2018-04-10 22:00:07','COMPLETED',415,415,49),(416,'416','2019-04-23 22:00:07','416','2019-04-23 22:00:07','COMPLETED',416,416,43),(417,'417','2020-06-04 22:00:07','417','2020-06-04 22:00:07','COMPLETED',417,417,51),(418,'418','2018-08-21 22:00:07','418','2018-08-21 22:00:07','COMPLETED',418,418,32),(419,'419','2020-05-30 22:00:07','419','2020-05-30 22:00:07','COMPLETED',419,419,23),(420,'420','2018-05-28 22:00:07','420','2018-05-28 22:00:07','SHIPPING',420,420,20),(421,'421','2017-10-12 22:00:07','421','2017-10-12 22:00:07','COMPLETED',421,421,58),(422,'422','2018-01-17 22:00:07','422','2018-01-17 22:00:07','PROCESSING',422,422,60),(423,'423','2018-07-08 22:00:07','423','2018-07-08 22:00:07','COMPLETED',423,423,25),(424,'424','2019-09-03 22:00:07','424','2019-09-03 22:00:07','COMPLETED',424,424,44),(425,'425','2018-07-05 22:00:07','425','2018-07-05 22:00:07','COMPLETED',425,425,53),(426,'426','2019-06-30 22:00:07','426','2019-06-30 22:00:07','COMPLETED',426,426,46),(427,'427','2019-02-15 22:00:07','427','2019-02-15 22:00:07','COMPLETED',427,427,4),(428,'428','2018-09-04 22:00:07','428','2018-09-04 22:00:07','COMPLETED',428,428,55),(429,'429','2018-06-05 22:00:07','429','2018-06-05 22:00:07','COMPLETED',429,429,7),(430,'430','2017-11-26 22:00:07','430','2017-11-26 22:00:07','COMPLETED',430,430,51),(431,'431','2018-07-30 22:00:07','431','2018-07-30 22:00:07','COMPLETED',431,431,28),(432,'432','2017-12-01 22:00:07','432','2017-12-01 22:00:07','COMPLETED',432,432,34),(433,'433','2018-12-10 22:00:07','433','2018-12-10 22:00:07','SHIPPING',433,433,58),(434,'434','2019-04-26 22:00:07','434','2019-04-26 22:00:07','SHIPPING',434,434,54),(435,'435','2019-01-29 22:00:07','435','2019-01-29 22:00:07','SHIPPING',435,435,57),(436,'436','2019-01-17 22:00:07','436','2019-01-17 22:00:07','COMPLETED',436,436,12),(437,'437','2018-08-15 22:00:07','437','2018-08-15 22:00:07','COMPLETED',437,437,5),(438,'438','2019-03-23 22:00:07','438','2019-03-23 22:00:07','PROCESSING',438,438,6),(439,'439','2019-09-24 22:00:07','439','2019-09-24 22:00:07','PROCESSING',439,439,56),(440,'440','2020-05-19 22:00:07','440','2020-05-19 22:00:07','COMPLETED',440,440,35),(441,'441','2019-05-16 22:00:07','441','2019-05-16 22:00:07','COMPLETED',441,441,20),(442,'442','2020-04-07 22:00:07','442','2020-04-07 22:00:07','COMPLETED',442,442,31),(443,'443','2019-01-22 22:00:07','443','2019-01-22 22:00:07','COMPLETED',443,443,39),(444,'444','2018-08-24 22:00:07','444','2018-08-24 22:00:07','COMPLETED',444,444,20),(445,'445','2018-11-11 22:00:07','445','2018-11-11 22:00:07','COMPLETED',445,445,5),(446,'446','2019-09-28 22:00:07','446','2019-09-28 22:00:07','COMPLETED',446,446,29),(447,'447','2019-08-14 22:00:07','447','2019-08-14 22:00:07','COMPLETED',447,447,52),(448,'448','2019-01-10 22:00:07','448','2019-01-10 22:00:07','SHIPPING',448,448,54),(449,'449','2018-12-31 22:00:07','449','2018-12-31 22:00:07','COMPLETED',449,449,22),(450,'450','2018-09-05 22:00:07','450','2018-09-05 22:00:07','COMPLETED',450,450,63),(451,'451','2017-12-04 22:00:07','451','2017-12-04 22:00:07','SHIPPING',451,451,38),(452,'452','2019-07-23 22:00:07','452','2019-07-23 22:00:07','COMPLETED',452,452,58),(453,'453','2019-11-23 22:00:07','453','2019-11-23 22:00:07','COMPLETED',453,453,35),(454,'454','2018-05-22 22:00:07','454','2018-05-22 22:00:07','COMPLETED',454,454,62),(455,'455','2019-05-30 22:00:07','455','2019-05-30 22:00:07','SHIPPING',455,455,38),(456,'456','2018-07-06 22:00:07','456','2018-07-06 22:00:07','COMPLETED',456,456,22),(457,'457','2019-05-26 22:00:07','457','2019-05-26 22:00:07','COMPLETED',457,457,3),(458,'458','2019-10-10 22:00:07','458','2019-10-10 22:00:07','SHIPPING',458,458,14),(459,'459','2019-09-01 22:00:07','459','2019-09-01 22:00:07','PROCESSING',459,459,21),(460,'460','2018-10-31 22:00:07','460','2018-10-31 22:00:07','SHIPPING',460,460,27),(461,'461','2019-06-30 22:00:07','461','2019-06-30 22:00:07','COMPLETED',461,461,6),(462,'462','2017-12-04 22:00:07','462','2017-12-04 22:00:07','COMPLETED',462,462,18),(463,'463','2019-03-07 22:00:07','463','2019-03-07 22:00:07','COMPLETED',463,463,21),(464,'464','2019-01-28 22:00:07','464','2019-01-28 22:00:07','COMPLETED',464,464,35),(465,'465','2018-08-17 22:00:07','465','2018-08-17 22:00:07','PROCESSING',465,465,39),(466,'466','2020-03-11 22:00:07','466','2020-03-11 22:00:07','COMPLETED',466,466,16),(467,'467','2018-08-16 22:00:07','467','2018-08-16 22:00:07','SHIPPING',467,467,17),(468,'468','2018-09-01 22:00:07','468','2018-09-01 22:00:07','COMPLETED',468,468,8),(469,'469','2019-11-12 22:00:07','469','2019-11-12 22:00:07','COMPLETED',469,469,56),(470,'470','2019-09-09 22:00:07','470','2019-09-09 22:00:07','COMPLETED',470,470,49),(471,'471','2019-05-25 22:00:07','471','2019-05-25 22:00:07','COMPLETED',471,471,6),(472,'472','2019-06-24 22:00:07','472','2019-06-24 22:00:07','COMPLETED',472,472,13),(473,'473','2019-05-29 22:00:07','473','2019-05-29 22:00:07','COMPLETED',473,473,23),(474,'474','2018-12-29 22:00:07','474','2018-12-29 22:00:07','COMPLETED',474,474,26),(475,'475','2019-02-13 22:00:07','475','2019-02-13 22:00:07','SHIPPING',475,475,16),(476,'476','2018-12-21 22:00:07','476','2018-12-21 22:00:07','COMPLETED',476,476,36),(477,'477','2018-06-04 22:00:07','477','2018-06-04 22:00:07','COMPLETED',477,477,17),(478,'478','2018-11-30 22:00:07','478','2018-11-30 22:00:07','COMPLETED',478,478,55),(479,'479','2020-05-31 22:00:07','479','2020-05-31 22:00:07','COMPLETED',479,479,24),(480,'480','2018-01-30 22:00:07','480','2018-01-30 22:00:07','COMPLETED',480,480,41),(481,'481','2018-04-17 22:00:07','481','2018-04-17 22:00:07','PROCESSING',481,481,28),(482,'482','2019-03-01 22:00:07','482','2019-03-01 22:00:07','COMPLETED',482,482,16),(483,'483','2019-10-29 22:00:07','483','2019-10-29 22:00:07','COMPLETED',483,483,10),(484,'484','2019-10-31 22:00:07','484','2019-10-31 22:00:07','PROCESSING',484,484,61),(485,'485','2020-03-26 22:00:07','485','2020-03-26 22:00:07','COMPLETED',485,485,50),(486,'486','2019-08-30 22:00:07','486','2019-08-30 22:00:07','COMPLETED',486,486,19),(487,'487','2018-02-24 22:00:07','487','2018-02-24 22:00:07','COMPLETED',487,487,37),(488,'488','2020-02-15 22:00:07','488','2020-02-15 22:00:07','SHIPPING',488,488,51),(489,'489','2018-09-22 22:00:07','489','2018-09-22 22:00:07','SHIPPING',489,489,13),(490,'490','2019-05-30 22:00:07','490','2019-05-30 22:00:07','COMPLETED',490,490,63),(491,'491','2020-05-08 22:00:07','491','2020-05-08 22:00:07','COMPLETED',491,491,44),(492,'492','2018-08-04 22:00:07','492','2018-08-04 22:00:07','SHIPPING',492,492,63),(493,'493','2018-03-15 22:00:07','493','2018-03-15 22:00:07','SHIPPING',493,493,32),(494,'494','2020-06-10 22:00:07','494','2020-06-10 22:00:07','SHIPPING',494,494,39),(495,'495','2018-01-23 22:00:07','495','2018-01-23 22:00:07','COMPLETED',495,495,26),(496,'496','2018-12-26 22:00:07','496','2018-12-26 22:00:07','COMPLETED',496,496,20),(497,'497','2020-02-02 22:00:07','497','2020-02-02 22:00:07','PROCESSING',497,497,16),(498,'498','2019-05-08 22:00:07','498','2019-05-08 22:00:07','COMPLETED',498,498,31),(499,'499','2019-08-08 22:00:07','499','2019-08-08 22:00:07','COMPLETED',499,499,43),(500,'500','2019-09-24 22:00:07','500','2019-09-24 22:00:07','SHIPPING',500,500,57);

INSERT INTO item (id,created_by,created_date,last_modified_by,last_modified_date,quantity,book_id) VALUES (201,'1','2019-03-27 22:00:07','1','2019-03-27 22:00:07',1,232),(202,'1','2019-03-27 22:00:07','1','2019-03-27 22:00:07',2,558),(203,'1','2019-03-27 22:00:07','1','2019-03-27 22:00:07',1,357),(204,'1','2018-03-23 22:00:07','1','2018-03-23 22:00:07',4,404),(205,'1','2018-03-23 22:00:07','1','2018-03-23 22:00:07',3,536),(206,'1','2018-03-23 22:00:07','1','2018-03-23 22:00:07',4,761),(207,'1','2019-05-08 22:00:07','1','2019-05-08 22:00:07',2,184),(208,'1','2019-01-07 22:00:07','1','2019-01-07 22:00:07',1,653),(209,'1','2018-07-03 22:00:07','1','2018-07-03 22:00:07',4,171),(210,'1','2018-07-03 22:00:07','1','2018-07-03 22:00:07',3,344),(211,'1','2018-07-03 22:00:07','1','2018-07-03 22:00:07',4,752),(212,'1','2019-03-10 22:00:07','1','2019-03-10 22:00:07',1,616),(213,'1','2017-11-16 22:00:07','1','2017-11-16 22:00:07',2,480),(214,'1','2017-11-16 22:00:07','1','2017-11-16 22:00:07',4,515),(215,'1','2019-11-15 22:00:07','1','2019-11-15 22:00:07',2,71),(216,'1','2019-04-22 22:00:07','1','2019-04-22 22:00:07',2,130),(217,'1','2019-04-22 22:00:07','1','2019-04-22 22:00:07',2,122),(218,'1','2019-03-24 22:00:07','1','2019-03-24 22:00:07',1,663),(219,'1','2019-03-24 22:00:07','1','2019-03-24 22:00:07',3,833),(220,'1','2018-06-29 22:00:07','1','2018-06-29 22:00:07',2,380),(221,'1','2018-06-29 22:00:07','1','2018-06-29 22:00:07',3,916),(222,'1','2017-10-31 22:00:07','1','2017-10-31 22:00:07',3,398),(223,'1','2017-10-31 22:00:07','1','2017-10-31 22:00:07',3,242),(224,'1','2019-12-09 22:00:07','1','2019-12-09 22:00:07',1,986),(225,'1','2019-12-09 22:00:07','1','2019-12-09 22:00:07',2,909),(226,'1','2018-11-30 22:00:07','1','2018-11-30 22:00:07',3,985),(227,'1','2020-03-16 22:00:07','1','2020-03-16 22:00:07',1,76),(228,'1','2020-03-16 22:00:07','1','2020-03-16 22:00:07',3,195),(229,'1','2020-06-08 22:00:07','1','2020-06-08 22:00:07',2,273),(230,'1','2020-06-08 22:00:07','1','2020-06-08 22:00:07',2,374),(231,'1','2020-06-08 22:00:07','1','2020-06-08 22:00:07',2,97),(232,'1','2018-06-27 22:00:07','1','2018-06-27 22:00:07',3,263),(233,'1','2018-06-27 22:00:07','1','2018-06-27 22:00:07',3,965),(234,'1','2018-06-27 22:00:07','1','2018-06-27 22:00:07',4,223),(235,'1','2018-08-08 22:00:07','1','2018-08-08 22:00:07',2,851),(236,'1','2018-08-08 22:00:07','1','2018-08-08 22:00:07',1,386),(237,'1','2017-09-28 22:00:07','1','2017-09-28 22:00:07',2,218),(238,'1','2019-11-11 22:00:07','1','2019-11-11 22:00:07',2,392),(239,'1','2017-12-28 22:00:07','1','2017-12-28 22:00:07',2,820),(240,'1','2017-12-28 22:00:07','1','2017-12-28 22:00:07',2,970),(241,'1','2018-11-11 22:00:07','1','2018-11-11 22:00:07',2,347),(242,'1','2018-03-09 22:00:07','1','2018-03-09 22:00:07',1,964),(243,'1','2020-04-19 22:00:07','1','2020-04-19 22:00:07',2,210),(244,'1','2020-04-19 22:00:07','1','2020-04-19 22:00:07',3,692),(245,'1','2018-03-26 22:00:07','1','2018-03-26 22:00:07',3,754),(246,'1','2018-05-21 22:00:07','1','2018-05-21 22:00:07',2,524),(247,'1','2018-05-21 22:00:07','1','2018-05-21 22:00:07',3,473),(248,'1','2018-05-21 22:00:07','1','2018-05-21 22:00:07',3,659),(249,'1','2018-02-08 22:00:07','1','2018-02-08 22:00:07',2,594),(250,'1','2018-02-08 22:00:07','1','2018-02-08 22:00:07',1,486),(251,'1','2019-05-29 22:00:07','1','2019-05-29 22:00:07',3,715),(252,'1','2019-05-29 22:00:07','1','2019-05-29 22:00:07',3,867),(253,'1','2018-07-04 22:00:07','1','2018-07-04 22:00:07',4,991),(254,'1','2018-07-04 22:00:07','1','2018-07-04 22:00:07',2,602),(255,'1','2018-07-04 22:00:07','1','2018-07-04 22:00:07',3,873),(256,'1','2019-05-15 22:00:07','1','2019-05-15 22:00:07',3,171),(257,'1','2019-05-15 22:00:07','1','2019-05-15 22:00:07',2,832),(258,'1','2019-08-20 22:00:07','1','2019-08-20 22:00:07',1,167),(259,'1','2019-08-20 22:00:07','1','2019-08-20 22:00:07',2,834),(260,'1','2019-08-20 22:00:07','1','2019-08-20 22:00:07',1,429),(261,'1','2019-05-27 22:00:07','1','2019-05-27 22:00:07',2,442),(262,'1','2019-05-27 22:00:07','1','2019-05-27 22:00:07',2,826),(263,'1','2019-05-08 22:00:07','1','2019-05-08 22:00:07',2,127),(264,'1','2019-05-08 22:00:07','1','2019-05-08 22:00:07',4,211),(265,'1','2020-04-04 22:00:07','1','2020-04-04 22:00:07',2,46),(266,'1','2017-09-23 22:00:07','1','2017-09-23 22:00:07',3,965),(267,'1','2017-09-23 22:00:07','1','2017-09-23 22:00:07',2,508),(268,'1','2020-01-14 22:00:07','1','2020-01-14 22:00:07',2,814),(269,'1','2020-01-14 22:00:07','1','2020-01-14 22:00:07',1,365),(270,'1','2019-03-18 22:00:07','1','2019-03-18 22:00:07',3,175),(271,'1','2019-03-18 22:00:07','1','2019-03-18 22:00:07',4,947),(272,'1','2020-04-07 22:00:07','1','2020-04-07 22:00:07',1,814),(273,'1','2018-01-29 22:00:07','1','2018-01-29 22:00:07',3,514),(274,'1','2018-01-29 22:00:07','1','2018-01-29 22:00:07',1,972),(275,'1','2018-01-29 22:00:07','1','2018-01-29 22:00:07',3,781),(276,'1','2020-01-25 22:00:07','1','2020-01-25 22:00:07',2,773),(277,'1','2020-01-25 22:00:07','1','2020-01-25 22:00:07',2,38),(278,'1','2019-04-27 22:00:07','1','2019-04-27 22:00:07',4,79),(279,'1','2019-04-27 22:00:07','1','2019-04-27 22:00:07',2,375),(280,'1','2019-09-29 22:00:07','1','2019-09-29 22:00:07',2,14),(281,'1','2019-09-29 22:00:07','1','2019-09-29 22:00:07',1,921),(282,'1','2019-09-29 22:00:07','1','2019-09-29 22:00:07',1,669),(283,'1','2017-12-03 22:00:07','1','2017-12-03 22:00:07',3,496),(284,'1','2017-12-03 22:00:07','1','2017-12-03 22:00:07',4,914),(285,'1','2018-04-23 22:00:07','1','2018-04-23 22:00:07',4,875),(286,'1','2018-04-23 22:00:07','1','2018-04-23 22:00:07',4,747),(287,'1','2018-04-23 22:00:07','1','2018-04-23 22:00:07',1,556),(288,'1','2020-03-25 22:00:07','1','2020-03-25 22:00:07',4,748),(289,'1','2020-03-25 22:00:07','1','2020-03-25 22:00:07',2,716),(290,'1','2017-09-24 22:00:07','1','2017-09-24 22:00:07',1,796),(291,'1','2017-09-24 22:00:07','1','2017-09-24 22:00:07',3,996),(292,'1','2018-11-17 22:00:07','1','2018-11-17 22:00:07',3,295),(293,'1','2018-11-17 22:00:07','1','2018-11-17 22:00:07',2,775),(294,'1','2018-11-17 22:00:07','1','2018-11-17 22:00:07',3,858),(295,'1','2020-04-04 22:00:07','1','2020-04-04 22:00:07',2,564),(296,'1','2020-04-04 22:00:07','1','2020-04-04 22:00:07',2,177),(297,'1','2020-04-14 22:00:07','1','2020-04-14 22:00:07',2,695),(298,'1','2020-04-14 22:00:07','1','2020-04-14 22:00:07',2,288),(299,'1','2018-12-08 22:00:07','1','2018-12-08 22:00:07',2,304),(300,'1','2019-09-01 22:00:07','1','2019-09-01 22:00:07',2,16),(301,'1','2019-09-01 22:00:07','1','2019-09-01 22:00:07',4,754),(302,'1','2018-04-29 22:00:07','1','2018-04-29 22:00:07',3,468),(303,'1','2018-04-29 22:00:07','1','2018-04-29 22:00:07',2,636),(304,'1','2019-03-20 22:00:07','1','2019-03-20 22:00:07',3,546),(305,'1','2019-03-20 22:00:07','1','2019-03-20 22:00:07',4,37),(306,'1','2019-01-25 22:00:07','1','2019-01-25 22:00:07',1,495),(307,'1','2019-01-25 22:00:07','1','2019-01-25 22:00:07',3,927),(308,'1','2018-04-13 22:00:07','1','2018-04-13 22:00:07',3,96),(309,'1','2018-04-13 22:00:07','1','2018-04-13 22:00:07',2,645),(310,'1','2018-07-07 22:00:07','1','2018-07-07 22:00:07',3,546),(311,'1','2018-07-07 22:00:07','1','2018-07-07 22:00:07',3,893),(312,'1','2018-07-07 22:00:07','1','2018-07-07 22:00:07',2,123),(313,'1','2019-04-09 22:00:07','1','2019-04-09 22:00:07',2,140),(314,'1','2019-04-09 22:00:07','1','2019-04-09 22:00:07',2,958),(315,'1','2020-06-07 22:00:07','1','2020-06-07 22:00:07',1,637),(316,'1','2020-06-07 22:00:07','1','2020-06-07 22:00:07',2,827),(317,'1','2018-08-02 22:00:07','1','2018-08-02 22:00:07',3,75),(318,'1','2018-08-02 22:00:07','1','2018-08-02 22:00:07',2,393),(319,'1','2018-08-02 22:00:07','1','2018-08-02 22:00:07',3,670),(320,'1','2019-05-31 22:00:07','1','2019-05-31 22:00:07',2,265),(321,'1','2019-05-31 22:00:07','1','2019-05-31 22:00:07',4,881),(322,'1','2019-03-22 22:00:07','1','2019-03-22 22:00:07',2,797),(323,'1','2017-10-28 22:00:07','1','2017-10-28 22:00:07',3,584),(324,'1','2017-10-28 22:00:07','1','2017-10-28 22:00:07',2,38),(325,'1','2018-08-22 22:00:07','1','2018-08-22 22:00:07',2,907),(326,'1','2018-08-22 22:00:07','1','2018-08-22 22:00:07',4,897),(327,'1','2020-05-24 22:00:07','1','2020-05-24 22:00:07',3,109),(328,'1','2018-04-14 22:00:07','1','2018-04-14 22:00:07',3,210),(329,'1','2018-04-14 22:00:07','1','2018-04-14 22:00:07',2,133),(330,'1','2018-07-22 22:00:07','1','2018-07-22 22:00:07',2,959),(331,'1','2018-07-22 22:00:07','1','2018-07-22 22:00:07',2,774),(332,'1','2018-07-22 22:00:07','1','2018-07-22 22:00:07',1,696),(333,'1','2018-05-07 22:00:07','1','2018-05-07 22:00:07',3,114),(334,'1','2018-05-07 22:00:07','1','2018-05-07 22:00:07',3,633),(335,'1','2018-03-31 22:00:07','1','2018-03-31 22:00:07',3,326),(336,'1','2018-03-31 22:00:07','1','2018-03-31 22:00:07',2,240),(337,'1','2018-12-04 22:00:07','1','2018-12-04 22:00:07',2,359),(338,'1','2018-12-04 22:00:07','1','2018-12-04 22:00:07',2,225),(339,'1','2018-04-07 22:00:07','1','2018-04-07 22:00:07',3,794),(340,'1','2018-04-07 22:00:07','1','2018-04-07 22:00:07',3,852),(341,'1','2018-04-26 22:00:07','1','2018-04-26 22:00:07',3,547),(342,'1','2020-05-22 22:00:07','1','2020-05-22 22:00:07',3,922),(343,'1','2018-09-23 22:00:07','1','2018-09-23 22:00:07',3,711),(344,'1','2018-09-23 22:00:07','1','2018-09-23 22:00:07',2,710),(345,'1','2017-12-29 22:00:07','1','2017-12-29 22:00:07',1,713),(346,'1','2017-12-29 22:00:07','1','2017-12-29 22:00:07',1,615),(347,'1','2019-11-24 22:00:07','1','2019-11-24 22:00:07',3,473),(348,'1','2019-11-24 22:00:07','1','2019-11-24 22:00:07',2,323),(349,'1','2019-08-08 22:00:07','1','2019-08-08 22:00:07',1,837),(350,'1','2019-08-08 22:00:07','1','2019-08-08 22:00:07',4,223),(351,'1','2017-12-30 22:00:07','1','2017-12-30 22:00:07',3,972),(352,'1','2017-12-30 22:00:07','1','2017-12-30 22:00:07',2,725),(353,'1','2017-12-30 22:00:07','1','2017-12-30 22:00:07',4,823),(354,'1','2019-06-16 22:00:07','1','2019-06-16 22:00:07',4,753),(355,'1','2019-06-16 22:00:07','1','2019-06-16 22:00:07',3,115),(356,'1','2018-01-16 22:00:07','1','2018-01-16 22:00:07',3,82),(357,'1','2018-01-16 22:00:07','1','2018-01-16 22:00:07',1,340),(358,'1','2019-10-26 22:00:07','1','2019-10-26 22:00:07',2,538),(359,'1','2019-10-26 22:00:07','1','2019-10-26 22:00:07',2,517),(360,'1','2020-05-23 22:00:07','1','2020-05-23 22:00:07',2,641),(361,'1','2018-04-04 22:00:07','1','2018-04-04 22:00:07',2,924),(362,'1','2018-05-18 22:00:07','1','2018-05-18 22:00:07',3,784),(363,'1','2018-05-18 22:00:07','1','2018-05-18 22:00:07',4,77),(364,'1','2018-05-18 22:00:07','1','2018-05-18 22:00:07',1,958),(365,'1','2018-06-02 22:00:07','1','2018-06-02 22:00:07',3,215),(366,'1','2018-06-02 22:00:07','1','2018-06-02 22:00:07',1,855),(367,'1','2019-06-21 22:00:07','1','2019-06-21 22:00:07',3,923),(368,'1','2019-06-21 22:00:07','1','2019-06-21 22:00:07',2,355),(369,'1','2018-03-23 22:00:07','1','2018-03-23 22:00:07',4,399),(370,'1','2018-03-23 22:00:07','1','2018-03-23 22:00:07',3,872),(371,'1','2019-04-13 22:00:07','1','2019-04-13 22:00:07',3,370),(372,'1','2018-04-08 22:00:07','1','2018-04-08 22:00:07',1,434),(373,'1','2018-05-08 22:00:07','1','2018-05-08 22:00:07',3,9),(374,'1','2019-05-02 22:00:07','1','2019-05-02 22:00:07',3,870),(375,'1','2019-05-02 22:00:07','1','2019-05-02 22:00:07',2,789),(376,'1','2019-12-21 22:00:07','1','2019-12-21 22:00:07',1,864),(377,'1','2019-12-21 22:00:07','1','2019-12-21 22:00:07',1,82),(378,'1','2018-08-12 22:00:07','1','2018-08-12 22:00:07',4,706),(379,'1','2018-08-12 22:00:07','1','2018-08-12 22:00:07',2,692),(380,'1','2018-08-06 22:00:07','1','2018-08-06 22:00:07',4,299),(381,'1','2018-08-06 22:00:07','1','2018-08-06 22:00:07',3,621),(382,'1','2018-09-13 22:00:07','1','2018-09-13 22:00:07',4,168),(383,'1','2019-04-26 22:00:07','1','2019-04-26 22:00:07',4,272),(384,'1','2019-04-26 22:00:07','1','2019-04-26 22:00:07',1,559),(385,'1','2018-02-15 22:00:07','1','2018-02-15 22:00:07',3,946),(386,'1','2018-02-15 22:00:07','1','2018-02-15 22:00:07',3,995),(387,'1','2018-02-15 22:00:07','1','2018-02-15 22:00:07',2,299),(388,'1','2017-09-30 22:00:07','1','2017-09-30 22:00:07',3,19),(389,'1','2018-03-04 22:00:07','1','2018-03-04 22:00:07',3,883),(390,'1','2018-03-04 22:00:07','1','2018-03-04 22:00:07',4,931),(391,'1','2018-03-04 22:00:07','1','2018-03-04 22:00:07',3,189),(392,'1','2018-12-08 22:00:07','1','2018-12-08 22:00:07',3,215),(393,'1','2018-12-08 22:00:07','1','2018-12-08 22:00:07',4,803),(394,'1','2018-08-30 22:00:07','1','2018-08-30 22:00:07',1,19),(395,'1','2018-08-30 22:00:07','1','2018-08-30 22:00:07',3,537),(396,'1','2018-08-30 22:00:07','1','2018-08-30 22:00:07',3,913),(397,'1','2017-11-06 22:00:07','1','2017-11-06 22:00:07',3,543),(398,'1','2017-11-06 22:00:07','1','2017-11-06 22:00:07',2,837),(399,'1','2020-06-02 22:00:07','1','2020-06-02 22:00:07',2,807),(400,'1','2020-01-11 22:00:07','1','2020-01-11 22:00:07',3,277),(401,'1','2020-01-11 22:00:07','1','2020-01-11 22:00:07',1,982),(402,'1','2018-03-04 22:00:07','1','2018-03-04 22:00:07',3,411),(403,'1','2018-03-04 22:00:07','1','2018-03-04 22:00:07',2,385),(404,'1','2017-10-06 22:00:07','1','2017-10-06 22:00:07',4,612),(405,'1','2017-10-06 22:00:07','1','2017-10-06 22:00:07',1,834),(406,'1','2018-08-06 22:00:07','1','2018-08-06 22:00:07',2,737),(407,'1','2018-08-06 22:00:07','1','2018-08-06 22:00:07',3,519),(408,'1','2020-01-07 22:00:07','1','2020-01-07 22:00:07',2,705),(409,'1','2018-08-06 22:00:07','1','2018-08-06 22:00:07',2,518),(410,'1','2018-08-06 22:00:07','1','2018-08-06 22:00:07',3,64),(411,'1','2018-02-12 22:00:07','1','2018-02-12 22:00:07',1,352),(412,'1','2019-12-13 22:00:07','1','2019-12-13 22:00:07',4,951),(413,'1','2019-12-13 22:00:07','1','2019-12-13 22:00:07',4,777),(414,'1','2018-09-05 22:00:07','1','2018-09-05 22:00:07',1,81),(415,'1','2018-09-05 22:00:07','1','2018-09-05 22:00:07',3,449),(416,'1','2018-09-05 22:00:07','1','2018-09-05 22:00:07',2,597),(417,'1','2018-09-02 22:00:07','1','2018-09-02 22:00:07',2,473),(418,'1','2018-09-02 22:00:07','1','2018-09-02 22:00:07',1,255),(419,'1','2018-09-02 22:00:07','1','2018-09-02 22:00:07',2,481),(420,'1','2017-10-28 22:00:07','1','2017-10-28 22:00:07',4,785),(421,'1','2020-02-09 22:00:07','1','2020-02-09 22:00:07',4,439),(422,'1','2020-02-09 22:00:07','1','2020-02-09 22:00:07',2,441),(423,'1','2019-04-21 22:00:07','1','2019-04-21 22:00:07',4,802),(424,'1','2019-04-21 22:00:07','1','2019-04-21 22:00:07',4,935),(425,'1','2019-01-24 22:00:07','1','2019-01-24 22:00:07',3,392),(426,'1','2019-01-24 22:00:07','1','2019-01-24 22:00:07',2,992),(427,'1','2019-01-24 22:00:07','1','2019-01-24 22:00:07',2,179),(428,'1','2020-01-29 22:00:07','1','2020-01-29 22:00:07',4,736),(429,'1','2020-01-29 22:00:07','1','2020-01-29 22:00:07',3,439),(430,'1','2020-01-29 22:00:07','1','2020-01-29 22:00:07',2,214),(431,'1','2019-02-05 22:00:07','1','2019-02-05 22:00:07',1,724),(432,'1','2019-02-05 22:00:07','1','2019-02-05 22:00:07',1,979),(433,'1','2018-07-19 22:00:07','1','2018-07-19 22:00:07',2,597),(434,'1','2018-07-19 22:00:07','1','2018-07-19 22:00:07',2,64),(435,'1','2018-07-19 22:00:07','1','2018-07-19 22:00:07',3,514),(436,'1','2018-09-07 22:00:07','1','2018-09-07 22:00:07',2,117),(437,'1','2018-11-24 22:00:07','1','2018-11-24 22:00:07',3,615),(438,'1','2018-11-24 22:00:07','1','2018-11-24 22:00:07',2,380),(439,'1','2020-01-13 22:00:07','1','2020-01-13 22:00:07',3,609),(440,'1','2020-01-13 22:00:07','1','2020-01-13 22:00:07',3,505),(441,'1','2020-04-03 22:00:07','1','2020-04-03 22:00:07',2,931),(442,'1','2020-04-03 22:00:07','1','2020-04-03 22:00:07',2,674),(443,'1','2017-11-21 22:00:07','1','2017-11-21 22:00:07',2,423),(444,'1','2018-03-28 22:00:07','1','2018-03-28 22:00:07',3,393),(445,'1','2018-03-28 22:00:07','1','2018-03-28 22:00:07',2,328),(446,'1','2020-04-17 22:00:07','1','2020-04-17 22:00:07',3,706),(447,'1','2018-02-14 22:00:07','1','2018-02-14 22:00:07',3,349),(448,'1','2018-02-14 22:00:07','1','2018-02-14 22:00:07',4,306),(449,'1','2019-06-17 22:00:07','1','2019-06-17 22:00:07',4,136),(450,'1','2019-06-17 22:00:07','1','2019-06-17 22:00:07',3,275),(451,'1','2020-03-09 22:00:07','1','2020-03-09 22:00:07',4,162),(452,'1','2020-03-09 22:00:07','1','2020-03-09 22:00:07',2,373),(453,'1','2018-05-12 22:00:07','1','2018-05-12 22:00:07',3,562),(454,'1','2018-05-12 22:00:07','1','2018-05-12 22:00:07',1,832),(455,'1','2019-08-31 22:00:07','1','2019-08-31 22:00:07',1,907),(456,'1','2019-08-31 22:00:07','1','2019-08-31 22:00:07',2,970),(457,'1','2019-08-31 22:00:07','1','2019-08-31 22:00:07',3,47),(458,'1','2019-05-13 22:00:07','1','2019-05-13 22:00:07',3,78),(459,'1','2019-05-13 22:00:07','1','2019-05-13 22:00:07',1,975),(460,'1','2018-03-07 22:00:07','1','2018-03-07 22:00:07',3,567),(461,'1','2018-03-07 22:00:07','1','2018-03-07 22:00:07',2,41),(462,'1','2020-02-01 22:00:07','1','2020-02-01 22:00:07',1,165),(463,'1','2020-02-01 22:00:07','1','2020-02-01 22:00:07',2,446),(464,'1','2020-02-01 22:00:07','1','2020-02-01 22:00:07',2,173),(465,'1','2019-11-19 22:00:07','1','2019-11-19 22:00:07',4,206),(466,'1','2019-11-19 22:00:07','1','2019-11-19 22:00:07',2,585),(467,'1','2018-02-19 22:00:07','1','2018-02-19 22:00:07',2,389),(468,'1','2018-09-08 22:00:07','1','2018-09-08 22:00:07',1,762),(469,'1','2019-06-14 22:00:07','1','2019-06-14 22:00:07',3,719),(470,'1','2019-06-14 22:00:07','1','2019-06-14 22:00:07',2,784),(471,'1','2020-02-09 22:00:07','1','2020-02-09 22:00:07',4,257),(472,'1','2020-02-09 22:00:07','1','2020-02-09 22:00:07',2,682),(473,'1','2019-01-28 22:00:07','1','2019-01-28 22:00:07',3,581),(474,'1','2019-01-28 22:00:07','1','2019-01-28 22:00:07',4,502),(475,'1','2019-01-28 22:00:07','1','2019-01-28 22:00:07',4,779),(476,'1','2018-08-28 22:00:07','1','2018-08-28 22:00:07',1,792),(477,'1','2018-08-28 22:00:07','1','2018-08-28 22:00:07',2,35),(478,'1','2018-10-21 22:00:07','1','2018-10-21 22:00:07',4,875),(479,'1','2017-11-17 22:00:07','1','2017-11-17 22:00:07',3,604),(480,'1','2017-11-17 22:00:07','1','2017-11-17 22:00:07',3,189),(481,'1','2018-09-27 22:00:07','1','2018-09-27 22:00:07',3,589),(482,'1','2018-09-27 22:00:07','1','2018-09-27 22:00:07',2,397),(483,'1','2018-03-25 22:00:07','1','2018-03-25 22:00:07',2,975),(484,'1','2018-10-10 22:00:07','1','2018-10-10 22:00:07',2,879),(485,'1','2018-10-10 22:00:07','1','2018-10-10 22:00:07',2,735),(486,'1','2018-02-23 22:00:07','1','2018-02-23 22:00:07',3,925),(487,'1','2017-12-04 22:00:07','1','2017-12-04 22:00:07',3,589),(488,'1','2017-12-04 22:00:07','1','2017-12-04 22:00:07',2,412),(489,'1','2018-05-04 22:00:07','1','2018-05-04 22:00:07',1,178),(490,'1','2018-05-04 22:00:07','1','2018-05-04 22:00:07',3,255),(491,'1','2018-01-02 22:00:07','1','2018-01-02 22:00:07',3,906),(492,'1','2018-01-02 22:00:07','1','2018-01-02 22:00:07',2,36),(493,'1','2018-03-15 22:00:07','1','2018-03-15 22:00:07',3,102),(494,'1','2018-03-15 22:00:07','1','2018-03-15 22:00:07',3,343),(495,'1','2020-05-21 22:00:07','1','2020-05-21 22:00:07',3,622),(496,'1','2020-05-21 22:00:07','1','2020-05-21 22:00:07',3,185),(497,'1','2018-11-08 22:00:07','1','2018-11-08 22:00:07',2,344),(498,'1','2018-11-08 22:00:07','1','2018-11-08 22:00:07',3,323),(499,'1','2018-11-08 22:00:07','1','2018-11-08 22:00:07',4,669),(500,'1','2020-01-02 22:00:07','1','2020-01-02 22:00:07',3,215),(501,'1','2020-01-02 22:00:07','1','2020-01-02 22:00:07',4,584),(502,'1','2018-01-27 22:00:07','1','2018-01-27 22:00:07',2,366),(503,'1','2018-01-27 22:00:07','1','2018-01-27 22:00:07',1,189),(504,'1','2019-06-19 22:00:07','1','2019-06-19 22:00:07',2,650),(505,'1','2019-06-19 22:00:07','1','2019-06-19 22:00:07',2,477),(506,'1','2017-11-30 22:00:07','1','2017-11-30 22:00:07',1,490),(507,'1','2019-05-07 22:00:07','1','2019-05-07 22:00:07',1,414),(508,'1','2019-05-07 22:00:07','1','2019-05-07 22:00:07',4,361),(509,'1','2018-03-31 22:00:07','1','2018-03-31 22:00:07',2,222),(510,'1','2018-03-31 22:00:07','1','2018-03-31 22:00:07',3,378),(511,'1','2018-03-18 22:00:07','1','2018-03-18 22:00:07',1,622),(512,'1','2018-03-18 22:00:07','1','2018-03-18 22:00:07',2,255),(513,'1','2019-02-04 22:00:07','1','2019-02-04 22:00:07',4,891),(514,'1','2020-02-20 22:00:07','1','2020-02-20 22:00:07',3,768),(515,'1','2020-02-20 22:00:07','1','2020-02-20 22:00:07',2,486),(516,'1','2020-02-20 22:00:07','1','2020-02-20 22:00:07',1,290),(517,'1','2019-12-05 22:00:07','1','2019-12-05 22:00:07',1,931),(518,'1','2019-12-05 22:00:07','1','2019-12-05 22:00:07',2,807),(519,'1','2019-12-05 22:00:07','1','2019-12-05 22:00:07',2,959),(520,'1','2019-12-15 22:00:07','1','2019-12-15 22:00:07',2,912),(521,'1','2019-12-15 22:00:07','1','2019-12-15 22:00:07',2,935),(522,'1','2019-12-15 22:00:07','1','2019-12-15 22:00:07',4,234),(523,'1','2019-02-19 22:00:07','1','2019-02-19 22:00:07',2,184),(524,'1','2019-02-19 22:00:07','1','2019-02-19 22:00:07',4,152),(525,'1','2019-02-28 22:00:07','1','2019-02-28 22:00:07',2,763),(526,'1','2020-04-21 22:00:07','1','2020-04-21 22:00:07',3,774),(527,'1','2020-04-21 22:00:07','1','2020-04-21 22:00:07',4,545),(528,'1','2020-04-21 22:00:07','1','2020-04-21 22:00:07',2,882),(529,'1','2019-09-09 22:00:07','1','2019-09-09 22:00:07',2,31),(530,'1','2019-09-09 22:00:07','1','2019-09-09 22:00:07',4,717),(531,'1','2019-09-09 22:00:07','1','2019-09-09 22:00:07',2,79),(532,'1','2018-04-18 22:00:07','1','2018-04-18 22:00:07',2,962),(533,'1','2018-04-18 22:00:07','1','2018-04-18 22:00:07',1,908),(534,'1','2018-05-04 22:00:07','1','2018-05-04 22:00:07',2,417),(535,'1','2018-05-04 22:00:07','1','2018-05-04 22:00:07',1,28),(536,'1','2018-05-28 22:00:07','1','2018-05-28 22:00:07',3,132),(537,'1','2018-05-28 22:00:07','1','2018-05-28 22:00:07',2,825),(538,'1','2020-04-17 22:00:07','1','2020-04-17 22:00:07',3,685),(539,'1','2020-04-30 22:00:07','1','2020-04-30 22:00:07',3,348),(540,'1','2020-04-30 22:00:07','1','2020-04-30 22:00:07',2,261),(541,'1','2019-07-31 22:00:07','1','2019-07-31 22:00:07',1,984),(542,'1','2019-07-31 22:00:07','1','2019-07-31 22:00:07',3,399),(543,'1','2020-05-17 22:00:07','1','2020-05-17 22:00:07',4,987),(544,'1','2018-04-12 22:00:07','1','2018-04-12 22:00:07',4,14),(545,'1','2018-04-12 22:00:07','1','2018-04-12 22:00:07',3,344),(546,'1','2018-04-12 22:00:07','1','2018-04-12 22:00:07',1,893),(547,'1','2017-09-16 22:00:07','1','2017-09-16 22:00:07',4,429),(548,'1','2017-09-16 22:00:07','1','2017-09-16 22:00:07',4,691),(549,'1','2020-03-17 22:00:07','1','2020-03-17 22:00:07',2,17),(550,'1','2020-03-17 22:00:07','1','2020-03-17 22:00:07',1,918),(551,'1','2017-10-11 22:00:07','1','2017-10-11 22:00:07',1,111),(552,'1','2017-10-11 22:00:07','1','2017-10-11 22:00:07',3,120),(553,'1','2019-01-15 22:00:07','1','2019-01-15 22:00:07',1,744),(554,'1','2019-01-15 22:00:07','1','2019-01-15 22:00:07',1,311),(555,'1','2020-05-22 22:00:07','1','2020-05-22 22:00:07',2,535),(556,'1','2020-05-22 22:00:07','1','2020-05-22 22:00:07',2,252),(557,'1','2019-12-06 22:00:07','1','2019-12-06 22:00:07',4,881),(558,'1','2018-05-06 22:00:07','1','2018-05-06 22:00:07',2,566),(559,'1','2018-05-06 22:00:07','1','2018-05-06 22:00:07',1,491),(560,'1','2018-05-31 22:00:07','1','2018-05-31 22:00:07',1,735),(561,'1','2018-05-31 22:00:07','1','2018-05-31 22:00:07',2,269),(562,'1','2019-10-23 22:00:07','1','2019-10-23 22:00:07',2,169),(563,'1','2019-10-23 22:00:07','1','2019-10-23 22:00:07',2,684),(564,'1','2018-04-08 22:00:07','1','2018-04-08 22:00:07',3,633),(565,'1','2019-06-09 22:00:07','1','2019-06-09 22:00:07',2,959),(566,'1','2019-06-09 22:00:07','1','2019-06-09 22:00:07',4,224),(567,'1','2019-09-04 22:00:07','1','2019-09-04 22:00:07',3,683),(568,'1','2019-09-04 22:00:07','1','2019-09-04 22:00:07',4,688),(569,'1','2017-12-21 22:00:07','1','2017-12-21 22:00:07',4,104),(570,'1','2017-12-21 22:00:07','1','2017-12-21 22:00:07',3,445),(571,'1','2018-06-02 22:00:07','1','2018-06-02 22:00:07',3,904),(572,'1','2018-06-02 22:00:07','1','2018-06-02 22:00:07',2,303),(573,'1','2018-06-02 22:00:07','1','2018-06-02 22:00:07',4,61),(574,'1','2020-03-28 22:00:07','1','2020-03-28 22:00:07',4,898),(575,'1','2019-02-24 22:00:07','1','2019-02-24 22:00:07',4,447),(576,'1','2019-02-24 22:00:07','1','2019-02-24 22:00:07',2,340),(577,'1','2019-02-24 22:00:07','1','2019-02-24 22:00:07',2,769),(578,'1','2018-10-18 22:00:07','1','2018-10-18 22:00:07',2,937),(579,'1','2018-10-18 22:00:07','1','2018-10-18 22:00:07',3,265),(580,'1','2019-05-10 22:00:07','1','2019-05-10 22:00:07',3,756),(581,'1','2019-05-10 22:00:07','1','2019-05-10 22:00:07',4,650),(582,'1','2019-05-10 22:00:07','1','2019-05-10 22:00:07',3,319),(583,'1','2018-08-23 22:00:07','1','2018-08-23 22:00:07',3,556),(584,'1','2018-08-23 22:00:07','1','2018-08-23 22:00:07',3,496),(585,'1','2018-08-23 22:00:07','1','2018-08-23 22:00:07',2,168),(586,'1','2020-04-19 22:00:07','1','2020-04-19 22:00:07',2,408),(587,'1','2020-04-19 22:00:07','1','2020-04-19 22:00:07',3,788),(588,'1','2019-08-30 22:00:07','1','2019-08-30 22:00:07',2,376),(589,'1','2019-08-30 22:00:07','1','2019-08-30 22:00:07',3,209),(590,'1','2019-03-28 22:00:07','1','2019-03-28 22:00:07',4,501),(591,'1','2019-10-10 22:00:07','1','2019-10-10 22:00:07',2,427),(592,'1','2017-11-16 22:00:07','1','2017-11-16 22:00:07',3,719),(593,'1','2017-11-16 22:00:07','1','2017-11-16 22:00:07',3,178),(594,'1','2019-12-31 22:00:07','1','2019-12-31 22:00:07',3,611),(595,'1','2019-10-21 22:00:07','1','2019-10-21 22:00:07',3,608),(596,'1','2019-10-21 22:00:07','1','2019-10-21 22:00:07',2,316),(597,'1','2020-04-01 22:00:07','1','2020-04-01 22:00:07',2,790),(598,'1','2020-04-01 22:00:07','1','2020-04-01 22:00:07',2,425),(599,'1','2019-10-12 22:00:07','1','2019-10-12 22:00:07',3,677),(600,'1','2019-10-12 22:00:07','1','2019-10-12 22:00:07',1,787),(601,'1','2018-05-20 22:00:07','1','2018-05-20 22:00:07',4,894),(602,'1','2020-04-26 22:00:07','1','2020-04-26 22:00:07',3,789),(603,'1','2020-04-26 22:00:07','1','2020-04-26 22:00:07',1,143),(604,'1','2020-03-18 22:00:07','1','2020-03-18 22:00:07',3,436),(605,'1','2020-03-18 22:00:07','1','2020-03-18 22:00:07',4,542),(606,'1','2019-07-15 22:00:07','1','2019-07-15 22:00:07',1,66),(607,'1','2019-07-15 22:00:07','1','2019-07-15 22:00:07',2,534),(608,'1','2018-04-29 22:00:07','1','2018-04-29 22:00:07',3,77),(609,'1','2018-04-29 22:00:07','1','2018-04-29 22:00:07',2,255),(610,'1','2019-07-18 22:00:07','1','2019-07-18 22:00:07',1,64),(611,'1','2019-05-19 22:00:07','1','2019-05-19 22:00:07',2,908),(612,'1','2017-12-16 22:00:07','1','2017-12-16 22:00:07',4,671),(613,'1','2017-12-16 22:00:07','1','2017-12-16 22:00:07',1,264),(614,'1','2018-04-14 22:00:07','1','2018-04-14 22:00:07',2,688),(615,'1','2019-08-24 22:00:07','1','2019-08-24 22:00:07',1,747),(616,'1','2019-09-17 22:00:07','1','2019-09-17 22:00:07',3,910),(617,'1','2019-09-17 22:00:07','1','2019-09-17 22:00:07',3,801),(618,'1','2020-03-21 22:00:07','1','2020-03-21 22:00:07',2,992),(619,'1','2020-03-21 22:00:07','1','2020-03-21 22:00:07',2,877),(620,'1','2020-03-21 22:00:07','1','2020-03-21 22:00:07',2,549),(621,'1','2018-04-12 22:00:07','1','2018-04-12 22:00:07',4,217),(622,'1','2018-04-12 22:00:07','1','2018-04-12 22:00:07',2,81),(623,'1','2018-04-12 22:00:07','1','2018-04-12 22:00:07',2,931),(624,'1','2020-03-07 22:00:07','1','2020-03-07 22:00:07',2,691),(625,'1','2019-07-28 22:00:07','1','2019-07-28 22:00:07',2,439),(626,'1','2019-07-28 22:00:07','1','2019-07-28 22:00:07',2,887),(627,'1','2019-09-15 22:00:07','1','2019-09-15 22:00:07',3,810),(628,'1','2019-09-15 22:00:07','1','2019-09-15 22:00:07',2,145),(629,'1','2019-09-15 22:00:07','1','2019-09-15 22:00:07',2,25),(630,'1','2019-03-07 22:00:07','1','2019-03-07 22:00:07',2,795),(631,'1','2017-09-26 22:00:07','1','2017-09-26 22:00:07',3,238),(632,'1','2017-09-26 22:00:07','1','2017-09-26 22:00:07',2,187),(633,'1','2017-09-26 22:00:07','1','2017-09-26 22:00:07',1,88),(634,'1','2018-11-26 22:00:07','1','2018-11-26 22:00:07',4,973),(635,'1','2018-11-26 22:00:07','1','2018-11-26 22:00:07',1,16),(636,'1','2020-03-05 22:00:07','1','2020-03-05 22:00:07',2,633),(637,'1','2020-03-05 22:00:07','1','2020-03-05 22:00:07',2,666),(638,'1','2018-01-21 22:00:07','1','2018-01-21 22:00:07',1,108),(639,'1','2018-01-21 22:00:07','1','2018-01-21 22:00:07',3,260),(640,'1','2018-01-21 22:00:07','1','2018-01-21 22:00:07',1,976),(641,'1','2017-11-28 22:00:07','1','2017-11-28 22:00:07',2,20),(642,'1','2017-11-28 22:00:07','1','2017-11-28 22:00:07',4,361),(643,'1','2017-11-28 22:00:07','1','2017-11-28 22:00:07',3,546),(644,'1','2018-01-06 22:00:07','1','2018-01-06 22:00:07',2,793),(645,'1','2018-01-06 22:00:07','1','2018-01-06 22:00:07',4,592),(646,'1','2019-05-21 22:00:07','1','2019-05-21 22:00:07',2,48),(647,'1','2019-07-03 22:00:07','1','2019-07-03 22:00:07',1,152),(648,'1','2020-05-12 22:00:07','1','2020-05-12 22:00:07',2,764),(649,'1','2020-05-12 22:00:07','1','2020-05-12 22:00:07',2,496),(650,'1','2018-09-01 22:00:07','1','2018-09-01 22:00:07',3,227),(651,'1','2020-03-20 22:00:07','1','2020-03-20 22:00:07',4,425),(652,'1','2020-03-20 22:00:07','1','2020-03-20 22:00:07',4,4),(653,'1','2020-03-20 22:00:07','1','2020-03-20 22:00:07',3,471),(654,'1','2020-06-06 22:00:07','1','2020-06-06 22:00:07',4,522),(655,'1','2020-06-06 22:00:07','1','2020-06-06 22:00:07',3,496),(656,'1','2018-07-12 22:00:07','1','2018-07-12 22:00:07',2,718),(657,'1','2018-07-12 22:00:07','1','2018-07-12 22:00:07',1,419),(658,'1','2019-04-02 22:00:07','1','2019-04-02 22:00:07',3,118),(659,'1','2019-04-02 22:00:07','1','2019-04-02 22:00:07',2,126),(660,'1','2019-12-03 22:00:07','1','2019-12-03 22:00:07',4,672),(661,'1','2019-12-03 22:00:07','1','2019-12-03 22:00:07',4,200),(662,'1','2018-09-07 22:00:07','1','2018-09-07 22:00:07',3,367),(663,'1','2018-09-07 22:00:07','1','2018-09-07 22:00:07',3,126),(664,'1','2018-11-21 22:00:07','1','2018-11-21 22:00:07',1,648),(665,'1','2018-11-21 22:00:07','1','2018-11-21 22:00:07',1,458),(666,'1','2018-01-03 22:00:07','1','2018-01-03 22:00:07',1,750),(667,'1','2018-01-03 22:00:07','1','2018-01-03 22:00:07',1,824),(668,'1','2018-07-07 22:00:07','1','2018-07-07 22:00:07',4,928),(669,'1','2018-07-07 22:00:07','1','2018-07-07 22:00:07',2,866),(670,'1','2019-09-27 22:00:07','1','2019-09-27 22:00:07',4,58),(671,'1','2019-09-27 22:00:07','1','2019-09-27 22:00:07',2,110),(672,'1','2019-06-03 22:00:07','1','2019-06-03 22:00:07',2,166),(673,'1','2019-06-03 22:00:07','1','2019-06-03 22:00:07',4,337),(674,'1','2020-01-29 22:00:07','1','2020-01-29 22:00:07',3,629),(675,'1','2020-01-29 22:00:07','1','2020-01-29 22:00:07',3,120),(676,'1','2019-11-07 22:00:07','1','2019-11-07 22:00:07',3,977),(677,'1','2019-11-07 22:00:07','1','2019-11-07 22:00:07',3,367),(678,'1','2018-11-21 22:00:07','1','2018-11-21 22:00:07',3,273),(679,'1','2017-12-15 22:00:07','1','2017-12-15 22:00:07',4,70),(680,'1','2017-12-15 22:00:07','1','2017-12-15 22:00:07',2,335),(681,'1','2018-08-02 22:00:07','1','2018-08-02 22:00:07',4,629),(682,'1','2018-08-02 22:00:07','1','2018-08-02 22:00:07',3,613),(683,'1','2017-12-06 22:00:07','1','2017-12-06 22:00:07',3,553),(684,'1','2019-06-06 22:00:07','1','2019-06-06 22:00:07',3,511),(685,'1','2019-06-06 22:00:07','1','2019-06-06 22:00:07',1,626),(686,'1','2019-02-03 22:00:07','1','2019-02-03 22:00:07',3,164),(687,'1','2019-02-03 22:00:07','1','2019-02-03 22:00:07',1,525),(688,'1','2018-03-24 22:00:07','1','2018-03-24 22:00:07',2,619),(689,'1','2018-03-24 22:00:07','1','2018-03-24 22:00:07',1,648),(690,'1','2019-11-25 22:00:07','1','2019-11-25 22:00:07',3,211),(691,'1','2019-11-25 22:00:07','1','2019-11-25 22:00:07',4,613),(692,'1','2020-05-06 22:00:07','1','2020-05-06 22:00:07',4,896),(693,'1','2020-05-06 22:00:07','1','2020-05-06 22:00:07',1,58),(694,'1','2020-05-06 22:00:07','1','2020-05-06 22:00:07',2,989),(695,'1','2018-08-09 22:00:07','1','2018-08-09 22:00:07',3,528),(696,'1','2019-01-14 22:00:07','1','2019-01-14 22:00:07',1,691),(697,'1','2019-01-03 22:00:07','1','2019-01-03 22:00:07',3,758),(698,'1','2019-01-03 22:00:07','1','2019-01-03 22:00:07',2,699),(699,'1','2020-05-20 22:00:07','1','2020-05-20 22:00:07',3,170),(700,'1','2020-05-20 22:00:07','1','2020-05-20 22:00:07',4,364),(701,'1','2020-05-20 22:00:07','1','2020-05-20 22:00:07',4,694),(702,'1','2018-08-08 22:00:07','1','2018-08-08 22:00:07',3,376),(703,'1','2019-11-10 22:00:07','1','2019-11-10 22:00:07',2,551),(704,'1','2019-11-10 22:00:07','1','2019-11-10 22:00:07',4,245),(705,'1','2019-11-10 22:00:07','1','2019-11-10 22:00:07',2,925),(706,'1','2018-01-17 22:00:07','1','2018-01-17 22:00:07',3,683),(707,'1','2020-05-12 22:00:07','1','2020-05-12 22:00:07',4,393),(708,'1','2020-05-12 22:00:07','1','2020-05-12 22:00:07',3,598),(709,'1','2018-08-13 22:00:07','1','2018-08-13 22:00:07',3,711),(710,'1','2019-01-27 22:00:07','1','2019-01-27 22:00:07',2,720),(711,'1','2019-01-27 22:00:07','1','2019-01-27 22:00:07',2,573),(712,'1','2019-01-27 22:00:07','1','2019-01-27 22:00:07',3,402),(713,'1','2019-03-21 22:00:07','1','2019-03-21 22:00:07',2,687),(714,'1','2019-03-21 22:00:07','1','2019-03-21 22:00:07',4,7),(715,'1','2019-03-21 22:00:07','1','2019-03-21 22:00:07',1,315),(716,'1','2019-04-29 22:00:07','1','2019-04-29 22:00:07',4,85),(717,'1','2019-04-29 22:00:07','1','2019-04-29 22:00:07',2,380),(718,'1','2018-05-11 22:00:07','1','2018-05-11 22:00:07',3,63),(719,'1','2018-05-11 22:00:07','1','2018-05-11 22:00:07',1,145),(720,'1','2018-04-12 22:00:07','1','2018-04-12 22:00:07',3,118),(721,'1','2018-04-12 22:00:07','1','2018-04-12 22:00:07',2,45),(722,'1','2020-05-10 22:00:07','1','2020-05-10 22:00:07',3,70),(723,'1','2020-05-10 22:00:07','1','2020-05-10 22:00:07',2,61),(724,'1','2018-05-16 22:00:07','1','2018-05-16 22:00:07',3,373),(725,'1','2019-08-21 22:00:07','1','2019-08-21 22:00:07',3,377),(726,'1','2019-08-21 22:00:07','1','2019-08-21 22:00:07',2,360),(727,'1','2020-01-10 22:00:07','1','2020-01-10 22:00:07',4,405),(728,'1','2020-01-10 22:00:07','1','2020-01-10 22:00:07',4,423),(729,'1','2019-03-03 22:00:07','1','2019-03-03 22:00:07',3,310),(730,'1','2017-09-29 22:00:07','1','2017-09-29 22:00:07',3,671),(731,'1','2017-09-29 22:00:07','1','2017-09-29 22:00:07',3,173),(732,'1','2017-09-29 22:00:07','1','2017-09-29 22:00:07',3,70),(733,'1','2020-03-19 22:00:07','1','2020-03-19 22:00:07',1,385),(734,'1','2020-04-24 22:00:07','1','2020-04-24 22:00:07',3,401),(735,'1','2020-04-24 22:00:07','1','2020-04-24 22:00:07',2,852),(736,'1','2018-12-21 22:00:07','1','2018-12-21 22:00:07',3,850),(737,'1','2018-12-21 22:00:07','1','2018-12-21 22:00:07',2,583),(738,'1','2018-12-04 22:00:07','1','2018-12-04 22:00:07',3,960),(739,'1','2018-12-04 22:00:07','1','2018-12-04 22:00:07',3,959),(740,'1','2019-12-08 22:00:07','1','2019-12-08 22:00:07',4,196),(741,'1','2019-01-04 22:00:07','1','2019-01-04 22:00:07',4,609),(742,'1','2019-01-04 22:00:07','1','2019-01-04 22:00:07',4,911),(743,'1','2019-01-13 22:00:07','1','2019-01-13 22:00:07',4,945),(744,'1','2019-01-13 22:00:07','1','2019-01-13 22:00:07',2,98),(745,'1','2019-01-13 22:00:07','1','2019-01-13 22:00:07',1,889),(746,'1','2019-01-03 22:00:07','1','2019-01-03 22:00:07',2,948),(747,'1','2019-01-03 22:00:07','1','2019-01-03 22:00:07',1,770),(748,'1','2019-01-03 22:00:07','1','2019-01-03 22:00:07',4,490),(749,'1','2018-08-30 22:00:07','1','2018-08-30 22:00:07',4,332),(750,'1','2018-08-30 22:00:07','1','2018-08-30 22:00:07',2,96),(751,'1','2018-08-30 22:00:07','1','2018-08-30 22:00:07',4,711),(752,'1','2018-01-18 22:00:07','1','2018-01-18 22:00:07',4,649),(753,'1','2018-08-02 22:00:07','1','2018-08-02 22:00:07',2,234),(754,'1','2018-08-02 22:00:07','1','2018-08-02 22:00:07',2,668),(755,'1','2019-09-06 22:00:07','1','2019-09-06 22:00:07',3,89),(756,'1','2019-01-09 22:00:07','1','2019-01-09 22:00:07',3,158),(757,'1','2019-01-09 22:00:07','1','2019-01-09 22:00:07',4,401),(758,'1','2020-03-21 22:00:07','1','2020-03-21 22:00:07',4,911),(759,'1','2020-03-21 22:00:07','1','2020-03-21 22:00:07',2,853),(760,'1','2019-01-10 22:00:07','1','2019-01-10 22:00:07',2,30),(761,'1','2019-03-06 22:00:07','1','2019-03-06 22:00:07',3,586),(762,'1','2019-03-06 22:00:07','1','2019-03-06 22:00:07',1,983),(763,'1','2019-03-06 22:00:07','1','2019-03-06 22:00:07',1,578),(764,'1','2018-08-17 22:00:07','1','2018-08-17 22:00:07',1,188),(765,'1','2018-08-17 22:00:07','1','2018-08-17 22:00:07',3,658),(766,'1','2018-12-31 22:00:07','1','2018-12-31 22:00:07',2,752),(767,'1','2017-11-08 22:00:07','1','2017-11-08 22:00:07',2,171),(768,'1','2017-11-08 22:00:07','1','2017-11-08 22:00:07',2,16),(769,'1','2017-11-08 22:00:07','1','2017-11-08 22:00:07',2,223),(770,'1','2018-07-01 22:00:07','1','2018-07-01 22:00:07',3,719),(771,'1','2018-03-16 22:00:07','1','2018-03-16 22:00:07',2,857),(772,'1','2018-03-16 22:00:07','1','2018-03-16 22:00:07',2,929),(773,'1','2017-09-26 22:00:07','1','2017-09-26 22:00:07',4,33),(774,'1','2017-09-20 22:00:07','1','2017-09-20 22:00:07',4,339),(775,'1','2019-02-28 22:00:07','1','2019-02-28 22:00:07',2,724),(776,'1','2019-02-28 22:00:07','1','2019-02-28 22:00:07',2,292),(777,'1','2017-10-31 22:00:07','1','2017-10-31 22:00:07',4,687),(778,'1','2017-10-31 22:00:07','1','2017-10-31 22:00:07',3,307),(779,'1','2017-10-31 22:00:07','1','2017-10-31 22:00:07',3,737),(780,'1','2017-10-17 22:00:07','1','2017-10-17 22:00:07',3,186),(781,'1','2017-10-17 22:00:07','1','2017-10-17 22:00:07',3,888),(782,'1','2017-10-17 22:00:07','1','2017-10-17 22:00:07',2,728),(783,'1','2018-03-02 22:00:07','1','2018-03-02 22:00:07',3,634),(784,'1','2020-03-19 22:00:07','1','2020-03-19 22:00:07',2,944),(785,'1','2020-03-19 22:00:07','1','2020-03-19 22:00:07',4,166),(786,'1','2020-06-06 22:00:07','1','2020-06-06 22:00:07',3,727),(787,'1','2020-06-06 22:00:07','1','2020-06-06 22:00:07',3,254),(788,'1','2018-02-11 22:00:07','1','2018-02-11 22:00:07',4,572),(789,'1','2018-02-11 22:00:07','1','2018-02-11 22:00:07',2,147),(790,'1','2019-09-16 22:00:07','1','2019-09-16 22:00:07',2,973),(791,'1','2019-09-16 22:00:07','1','2019-09-16 22:00:07',2,946),(792,'1','2018-07-24 22:00:07','1','2018-07-24 22:00:07',3,507),(793,'1','2017-11-15 22:00:07','1','2017-11-15 22:00:07',3,811),(794,'1','2017-11-15 22:00:07','1','2017-11-15 22:00:07',1,161),(795,'1','2017-11-15 22:00:07','1','2017-11-15 22:00:07',2,890),(796,'1','2019-08-13 22:00:07','1','2019-08-13 22:00:07',4,29),(797,'1','2018-08-04 22:00:07','1','2018-08-04 22:00:07',4,818),(798,'1','2018-08-04 22:00:07','1','2018-08-04 22:00:07',4,324),(799,'1','2018-05-30 22:00:07','1','2018-05-30 22:00:07',3,317),(800,'1','2018-05-30 22:00:07','1','2018-05-30 22:00:07',4,500),(801,'1','2018-05-15 22:00:07','1','2018-05-15 22:00:07',2,440),(802,'1','2018-05-15 22:00:07','1','2018-05-15 22:00:07',2,513),(803,'1','2019-05-21 22:00:07','1','2019-05-21 22:00:07',4,437),(804,'1','2019-05-21 22:00:07','1','2019-05-21 22:00:07',2,115),(805,'1','2017-10-15 22:00:07','1','2017-10-15 22:00:07',1,270),(806,'1','2017-10-15 22:00:07','1','2017-10-15 22:00:07',4,264),(807,'1','2018-09-21 22:00:07','1','2018-09-21 22:00:07',3,866),(808,'1','2018-09-21 22:00:07','1','2018-09-21 22:00:07',1,735),(809,'1','2018-09-21 22:00:07','1','2018-09-21 22:00:07',1,146),(810,'1','2018-06-14 22:00:07','1','2018-06-14 22:00:07',4,364),(811,'1','2018-06-14 22:00:07','1','2018-06-14 22:00:07',4,413),(812,'1','2019-05-25 22:00:07','1','2019-05-25 22:00:07',4,700),(813,'1','2019-05-25 22:00:07','1','2019-05-25 22:00:07',1,35),(814,'1','2019-03-03 22:00:07','1','2019-03-03 22:00:07',1,981),(815,'1','2019-03-03 22:00:07','1','2019-03-03 22:00:07',3,658),(816,'1','2018-10-12 22:00:07','1','2018-10-12 22:00:07',1,425),(817,'1','2018-10-12 22:00:07','1','2018-10-12 22:00:07',2,224),(818,'1','2020-05-03 22:00:07','1','2020-05-03 22:00:07',3,739),(819,'1','2020-05-03 22:00:07','1','2020-05-03 22:00:07',4,728),(820,'1','2019-10-31 22:00:07','1','2019-10-31 22:00:07',2,611),(821,'1','2019-10-31 22:00:07','1','2019-10-31 22:00:07',3,750),(822,'1','2018-12-03 22:00:07','1','2018-12-03 22:00:07',1,563),(823,'1','2018-12-03 22:00:07','1','2018-12-03 22:00:07',2,108),(824,'1','2018-12-03 22:00:07','1','2018-12-03 22:00:07',2,683),(825,'1','2019-11-12 22:00:07','1','2019-11-12 22:00:07',2,931),(826,'1','2019-11-12 22:00:07','1','2019-11-12 22:00:07',3,291),(827,'1','2019-08-04 22:00:07','1','2019-08-04 22:00:07',3,975),(828,'1','2018-01-02 22:00:07','1','2018-01-02 22:00:07',2,752),(829,'1','2018-11-17 22:00:07','1','2018-11-17 22:00:07',2,426),(830,'1','2018-11-17 22:00:07','1','2018-11-17 22:00:07',3,734),(831,'1','2020-06-01 22:00:07','1','2020-06-01 22:00:07',4,620),(832,'1','2019-07-17 22:00:07','1','2019-07-17 22:00:07',2,183),(833,'1','2019-07-17 22:00:07','1','2019-07-17 22:00:07',3,569),(834,'1','2019-07-17 22:00:07','1','2019-07-17 22:00:07',3,496),(835,'1','2017-12-08 22:00:07','1','2017-12-08 22:00:07',4,408),(836,'1','2017-12-08 22:00:07','1','2017-12-08 22:00:07',2,761),(837,'1','2019-11-25 22:00:07','1','2019-11-25 22:00:07',3,866),(838,'1','2019-11-25 22:00:07','1','2019-11-25 22:00:07',1,291),(839,'1','2020-02-15 22:00:07','1','2020-02-15 22:00:07',3,22),(840,'1','2020-02-15 22:00:07','1','2020-02-15 22:00:07',3,2),(841,'1','2020-02-15 22:00:07','1','2020-02-15 22:00:07',4,417),(842,'1','2018-01-30 22:00:07','1','2018-01-30 22:00:07',4,422),(843,'1','2018-01-30 22:00:07','1','2018-01-30 22:00:07',1,479),(844,'1','2018-01-30 22:00:07','1','2018-01-30 22:00:07',2,499),(845,'1','2018-06-22 22:00:07','1','2018-06-22 22:00:07',4,147),(846,'1','2018-06-22 22:00:07','1','2018-06-22 22:00:07',1,876),(847,'1','2018-06-22 22:00:07','1','2018-06-22 22:00:07',4,665),(848,'1','2017-10-19 22:00:07','1','2017-10-19 22:00:07',3,802),(849,'1','2017-10-19 22:00:07','1','2017-10-19 22:00:07',1,579),(850,'1','2018-12-16 22:00:07','1','2018-12-16 22:00:07',2,348),(851,'1','2018-12-16 22:00:07','1','2018-12-16 22:00:07',1,869),(852,'1','2018-04-25 22:00:07','1','2018-04-25 22:00:07',1,609),(853,'1','2018-04-25 22:00:07','1','2018-04-25 22:00:07',2,324),(854,'1','2019-11-04 22:00:07','1','2019-11-04 22:00:07',4,453),(855,'1','2019-07-17 22:00:07','1','2019-07-17 22:00:07',1,346),(856,'1','2019-07-17 22:00:07','1','2019-07-17 22:00:07',2,977),(857,'1','2017-09-25 22:00:07','1','2017-09-25 22:00:07',3,101),(858,'1','2017-09-25 22:00:07','1','2017-09-25 22:00:07',3,951),(859,'1','2018-03-16 22:00:07','1','2018-03-16 22:00:07',3,174),(860,'1','2018-03-16 22:00:07','1','2018-03-16 22:00:07',2,967),(861,'1','2019-05-20 22:00:07','1','2019-05-20 22:00:07',3,866),(862,'1','2018-02-10 22:00:07','1','2018-02-10 22:00:07',4,817),(863,'1','2018-02-10 22:00:07','1','2018-02-10 22:00:07',2,472),(864,'1','2018-06-13 22:00:07','1','2018-06-13 22:00:07',1,434),(865,'1','2017-11-28 22:00:07','1','2017-11-28 22:00:07',2,235),(866,'1','2017-11-28 22:00:07','1','2017-11-28 22:00:07',1,650),(867,'1','2019-06-01 22:00:07','1','2019-06-01 22:00:07',4,401),(868,'1','2019-06-01 22:00:07','1','2019-06-01 22:00:07',3,323),(869,'1','2020-01-15 22:00:07','1','2020-01-15 22:00:07',3,438),(870,'1','2018-01-01 22:00:07','1','2018-01-01 22:00:07',2,760),(871,'1','2018-01-01 22:00:07','1','2018-01-01 22:00:07',3,503),(872,'1','2019-01-16 22:00:07','1','2019-01-16 22:00:07',1,831),(873,'1','2019-01-16 22:00:07','1','2019-01-16 22:00:07',3,944),(874,'1','2020-04-15 22:00:07','1','2020-04-15 22:00:07',2,849),(875,'1','2020-04-15 22:00:07','1','2020-04-15 22:00:07',4,196),(876,'1','2019-06-08 22:00:07','1','2019-06-08 22:00:07',3,413),(877,'1','2019-06-08 22:00:07','1','2019-06-08 22:00:07',1,641),(878,'1','2019-06-08 22:00:07','1','2019-06-08 22:00:07',2,985),(879,'1','2018-10-19 22:00:07','1','2018-10-19 22:00:07',1,476),(880,'1','2018-10-19 22:00:07','1','2018-10-19 22:00:07',2,172),(881,'1','2017-12-19 22:00:07','1','2017-12-19 22:00:07',1,222),(882,'1','2017-09-25 22:00:07','1','2017-09-25 22:00:07',2,639),(883,'1','2017-09-25 22:00:07','1','2017-09-25 22:00:07',2,378),(884,'1','2020-01-09 22:00:07','1','2020-01-09 22:00:07',2,705),(885,'1','2020-01-09 22:00:07','1','2020-01-09 22:00:07',2,727),(886,'1','2020-01-09 22:00:07','1','2020-01-09 22:00:07',1,352),(887,'1','2018-12-21 22:00:07','1','2018-12-21 22:00:07',3,15),(888,'1','2018-06-12 22:00:07','1','2018-06-12 22:00:07',2,634),(889,'1','2018-06-12 22:00:07','1','2018-06-12 22:00:07',2,855),(890,'1','2018-12-19 22:00:07','1','2018-12-19 22:00:07',2,600),(891,'1','2018-12-19 22:00:07','1','2018-12-19 22:00:07',3,304),(892,'1','2018-12-19 22:00:07','1','2018-12-19 22:00:07',3,124),(893,'1','2020-06-01 22:00:07','1','2020-06-01 22:00:07',4,200),(894,'1','2020-06-01 22:00:07','1','2020-06-01 22:00:07',1,144),(895,'1','2018-09-27 22:00:07','1','2018-09-27 22:00:07',2,870),(896,'1','2018-09-27 22:00:07','1','2018-09-27 22:00:07',2,202),(897,'1','2019-01-17 22:00:07','1','2019-01-17 22:00:07',3,762),(898,'1','2019-01-17 22:00:07','1','2019-01-17 22:00:07',3,228),(899,'1','2019-05-30 22:00:07','1','2019-05-30 22:00:07',3,650),(900,'1','2018-07-01 22:00:07','1','2018-07-01 22:00:07',4,283),(901,'1','2018-07-01 22:00:07','1','2018-07-01 22:00:07',2,132),(902,'1','2020-01-02 22:00:07','1','2020-01-02 22:00:07',3,36),(903,'1','2019-09-18 22:00:07','1','2019-09-18 22:00:07',2,827),(904,'1','2019-09-18 22:00:07','1','2019-09-18 22:00:07',3,534),(905,'1','2020-04-19 22:00:07','1','2020-04-19 22:00:07',4,4),(906,'1','2020-02-22 22:00:07','1','2020-02-22 22:00:07',3,442),(907,'1','2019-03-02 22:00:07','1','2019-03-02 22:00:07',3,513),(908,'1','2019-03-02 22:00:07','1','2019-03-02 22:00:07',1,191),(909,'1','2020-06-01 22:00:07','1','2020-06-01 22:00:07',4,853),(910,'1','2020-06-01 22:00:07','1','2020-06-01 22:00:07',1,683),(911,'1','2020-06-01 22:00:07','1','2020-06-01 22:00:07',1,834),(912,'1','2020-02-14 22:00:07','1','2020-02-14 22:00:07',3,947),(913,'1','2020-02-14 22:00:07','1','2020-02-14 22:00:07',1,668),(914,'1','2018-01-23 22:00:07','1','2018-01-23 22:00:07',3,589),(915,'1','2018-01-23 22:00:07','1','2018-01-23 22:00:07',3,884),(916,'1','2020-01-24 22:00:07','1','2020-01-24 22:00:07',2,507),(917,'1','2019-12-15 22:00:07','1','2019-12-15 22:00:07',2,960),(918,'1','2019-12-15 22:00:07','1','2019-12-15 22:00:07',2,389),(919,'1','2019-12-15 22:00:07','1','2019-12-15 22:00:07',3,328),(920,'1','2020-02-11 22:00:07','1','2020-02-11 22:00:07',2,381),(921,'1','2020-02-11 22:00:07','1','2020-02-11 22:00:07',3,397),(922,'1','2019-05-01 22:00:07','1','2019-05-01 22:00:07',4,617),(923,'1','2017-10-02 22:00:07','1','2017-10-02 22:00:07',2,966),(924,'1','2017-10-02 22:00:07','1','2017-10-02 22:00:07',3,428),(925,'1','2017-10-15 22:00:07','1','2017-10-15 22:00:07',3,855),(926,'1','2020-01-28 22:00:07','1','2020-01-28 22:00:07',4,508),(927,'1','2018-09-09 22:00:07','1','2018-09-09 22:00:07',2,467),(928,'1','2018-09-09 22:00:07','1','2018-09-09 22:00:07',1,247),(929,'1','2020-04-03 22:00:07','1','2020-04-03 22:00:07',2,149),(930,'1','2018-08-07 22:00:07','1','2018-08-07 22:00:07',4,691),(931,'1','2018-08-07 22:00:07','1','2018-08-07 22:00:07',3,147),(932,'1','2018-07-10 22:00:07','1','2018-07-10 22:00:07',3,677),(933,'1','2018-07-10 22:00:07','1','2018-07-10 22:00:07',3,180),(934,'1','2018-07-10 22:00:07','1','2018-07-10 22:00:07',2,921),(935,'1','2019-08-30 22:00:07','1','2019-08-30 22:00:07',3,828),(936,'1','2019-08-30 22:00:07','1','2019-08-30 22:00:07',4,908),(937,'1','2019-08-30 22:00:07','1','2019-08-30 22:00:07',2,134),(938,'1','2018-12-26 22:00:07','1','2018-12-26 22:00:07',1,206),(939,'1','2019-04-20 22:00:07','1','2019-04-20 22:00:07',3,935),(940,'1','2019-04-20 22:00:07','1','2019-04-20 22:00:07',2,205),(941,'1','2020-05-20 22:00:07','1','2020-05-20 22:00:07',2,746),(942,'1','2020-05-20 22:00:07','1','2020-05-20 22:00:07',3,895),(943,'1','2018-10-07 22:00:07','1','2018-10-07 22:00:07',2,699),(944,'1','2018-08-30 22:00:07','1','2018-08-30 22:00:07',2,302),(945,'1','2018-08-30 22:00:07','1','2018-08-30 22:00:07',3,182),(946,'1','2018-08-30 22:00:07','1','2018-08-30 22:00:07',3,480),(947,'1','2019-06-23 22:00:07','1','2019-06-23 22:00:07',4,775),(948,'1','2019-06-23 22:00:07','1','2019-06-23 22:00:07',1,694),(949,'1','2019-10-31 22:00:07','1','2019-10-31 22:00:07',2,486),(950,'1','2019-07-20 22:00:07','1','2019-07-20 22:00:07',3,770),(951,'1','2019-07-20 22:00:07','1','2019-07-20 22:00:07',2,239),(952,'1','2019-07-20 22:00:07','1','2019-07-20 22:00:07',1,132),(953,'1','2018-07-22 22:00:07','1','2018-07-22 22:00:07',3,28),(954,'1','2019-05-06 22:00:07','1','2019-05-06 22:00:07',3,80),(955,'1','2019-05-06 22:00:07','1','2019-05-06 22:00:07',2,496),(956,'1','2018-07-07 22:00:07','1','2018-07-07 22:00:07',2,997),(957,'1','2018-07-07 22:00:07','1','2018-07-07 22:00:07',2,112),(958,'1','2018-07-07 22:00:07','1','2018-07-07 22:00:07',2,949),(959,'1','2018-08-16 22:00:07','1','2018-08-16 22:00:07',3,726),(960,'1','2018-08-16 22:00:07','1','2018-08-16 22:00:07',3,400),(961,'1','2020-04-12 22:00:07','1','2020-04-12 22:00:07',2,209),(962,'1','2020-04-12 22:00:07','1','2020-04-12 22:00:07',3,55),(963,'1','2019-03-29 22:00:07','1','2019-03-29 22:00:07',1,244),(964,'1','2019-03-29 22:00:07','1','2019-03-29 22:00:07',1,306),(965,'1','2020-01-27 22:00:07','1','2020-01-27 22:00:07',4,807),(966,'1','2018-06-25 22:00:07','1','2018-06-25 22:00:07',4,379),(967,'1','2018-06-25 22:00:07','1','2018-06-25 22:00:07',3,38),(968,'1','2020-04-30 22:00:07','1','2020-04-30 22:00:07',1,811),(969,'1','2020-04-30 22:00:07','1','2020-04-30 22:00:07',2,184),(970,'1','2019-07-11 22:00:07','1','2019-07-11 22:00:07',3,718),(971,'1','2019-07-11 22:00:07','1','2019-07-11 22:00:07',3,274),(972,'1','2018-11-22 22:00:07','1','2018-11-22 22:00:07',2,570),(973,'1','2018-11-22 22:00:07','1','2018-11-22 22:00:07',3,464),(974,'1','2019-05-18 22:00:07','1','2019-05-18 22:00:07',4,203),(975,'1','2020-04-01 22:00:07','1','2020-04-01 22:00:07',3,176),(976,'1','2020-04-01 22:00:07','1','2020-04-01 22:00:07',3,642),(977,'1','2020-01-15 22:00:07','1','2020-01-15 22:00:07',3,542),(978,'1','2020-01-15 22:00:07','1','2020-01-15 22:00:07',1,346),(979,'1','2018-01-17 22:00:07','1','2018-01-17 22:00:07',2,506),(980,'1','2017-12-19 22:00:07','1','2017-12-19 22:00:07',3,215),(981,'1','2017-12-19 22:00:07','1','2017-12-19 22:00:07',2,476),(982,'1','2018-02-07 22:00:07','1','2018-02-07 22:00:07',2,669),(983,'1','2018-02-07 22:00:07','1','2018-02-07 22:00:07',4,608),(984,'1','2018-04-10 22:00:07','1','2018-04-10 22:00:07',2,402),(985,'1','2018-04-10 22:00:07','1','2018-04-10 22:00:07',1,688),(986,'1','2017-12-12 22:00:07','1','2017-12-12 22:00:07',3,488),(987,'1','2017-12-12 22:00:07','1','2017-12-12 22:00:07',3,434),(988,'1','2019-10-26 22:00:07','1','2019-10-26 22:00:07',3,374),(989,'1','2019-10-26 22:00:07','1','2019-10-26 22:00:07',2,953),(990,'1','2018-08-20 22:00:07','1','2018-08-20 22:00:07',2,351),(991,'1','2018-08-20 22:00:07','1','2018-08-20 22:00:07',2,459),(992,'1','2019-11-23 22:00:07','1','2019-11-23 22:00:07',2,9),(993,'1','2019-11-23 22:00:07','1','2019-11-23 22:00:07',3,414),(994,'1','2018-05-20 22:00:07','1','2018-05-20 22:00:07',3,838),(995,'1','2018-05-20 22:00:07','1','2018-05-20 22:00:07',3,541),(996,'1','2019-11-19 22:00:07','1','2019-11-19 22:00:07',3,351),(997,'1','2019-11-19 22:00:07','1','2019-11-19 22:00:07',2,586),(998,'1','2019-03-23 22:00:07','1','2019-03-23 22:00:07',2,330),(999,'1','2019-03-23 22:00:07','1','2019-03-23 22:00:07',3,999),(1000,'1','2018-07-09 22:00:07','1','2018-07-09 22:00:07',1,485),(1001,'1','2018-07-09 22:00:07','1','2018-07-09 22:00:07',4,62),(1002,'1','2018-07-09 22:00:07','1','2018-07-09 22:00:07',1,743),(1003,'1','2018-04-10 22:00:07','1','2018-04-10 22:00:07',4,320),(1004,'1','2019-04-23 22:00:07','1','2019-04-23 22:00:07',2,459),(1005,'1','2019-04-23 22:00:07','1','2019-04-23 22:00:07',3,604),(1006,'1','2019-04-23 22:00:07','1','2019-04-23 22:00:07',3,929),(1007,'1','2020-06-04 22:00:07','1','2020-06-04 22:00:07',2,392),(1008,'1','2020-06-04 22:00:07','1','2020-06-04 22:00:07',1,117),(1009,'1','2018-08-21 22:00:07','1','2018-08-21 22:00:07',3,204),(1010,'1','2020-05-30 22:00:07','1','2020-05-30 22:00:07',1,139),(1011,'1','2020-05-30 22:00:07','1','2020-05-30 22:00:07',4,458),(1012,'1','2018-05-28 22:00:07','1','2018-05-28 22:00:07',3,302),(1013,'1','2017-10-12 22:00:07','1','2017-10-12 22:00:07',2,326),(1014,'1','2018-01-17 22:00:07','1','2018-01-17 22:00:07',2,911),(1015,'1','2018-01-17 22:00:07','1','2018-01-17 22:00:07',3,449),(1016,'1','2018-07-08 22:00:07','1','2018-07-08 22:00:07',3,891),(1017,'1','2019-09-03 22:00:07','1','2019-09-03 22:00:07',1,547),(1018,'1','2019-09-03 22:00:07','1','2019-09-03 22:00:07',4,725),(1019,'1','2018-07-05 22:00:07','1','2018-07-05 22:00:07',2,390),(1020,'1','2018-07-05 22:00:07','1','2018-07-05 22:00:07',1,562),(1021,'1','2019-06-30 22:00:07','1','2019-06-30 22:00:07',3,879),(1022,'1','2019-02-15 22:00:07','1','2019-02-15 22:00:07',2,253),(1023,'1','2018-09-04 22:00:07','1','2018-09-04 22:00:07',4,176),(1024,'1','2018-09-04 22:00:07','1','2018-09-04 22:00:07',4,545),(1025,'1','2018-06-05 22:00:07','1','2018-06-05 22:00:07',4,595),(1026,'1','2018-06-05 22:00:07','1','2018-06-05 22:00:07',4,448),(1027,'1','2017-11-26 22:00:07','1','2017-11-26 22:00:07',3,986),(1028,'1','2017-11-26 22:00:07','1','2017-11-26 22:00:07',4,775),(1029,'1','2018-07-30 22:00:07','1','2018-07-30 22:00:07',4,56),(1030,'1','2018-07-30 22:00:07','1','2018-07-30 22:00:07',3,197),(1031,'1','2017-12-01 22:00:07','1','2017-12-01 22:00:07',3,857),(1032,'1','2018-12-10 22:00:07','1','2018-12-10 22:00:07',2,24),(1033,'1','2018-12-10 22:00:07','1','2018-12-10 22:00:07',1,108),(1034,'1','2019-04-26 22:00:07','1','2019-04-26 22:00:07',2,286),(1035,'1','2019-01-29 22:00:07','1','2019-01-29 22:00:07',2,205),(1036,'1','2019-01-17 22:00:07','1','2019-01-17 22:00:07',3,798),(1037,'1','2019-01-17 22:00:07','1','2019-01-17 22:00:07',4,236),(1038,'1','2018-08-15 22:00:07','1','2018-08-15 22:00:07',3,578),(1039,'1','2018-08-15 22:00:07','1','2018-08-15 22:00:07',3,721),(1040,'1','2019-03-23 22:00:07','1','2019-03-23 22:00:07',2,912),(1041,'1','2019-09-24 22:00:07','1','2019-09-24 22:00:07',2,780),(1042,'1','2020-05-19 22:00:07','1','2020-05-19 22:00:07',4,659),(1043,'1','2020-05-19 22:00:07','1','2020-05-19 22:00:07',3,975),(1044,'1','2019-05-16 22:00:07','1','2019-05-16 22:00:07',3,882),(1045,'1','2019-05-16 22:00:07','1','2019-05-16 22:00:07',1,551),(1046,'1','2020-04-07 22:00:07','1','2020-04-07 22:00:07',3,86),(1047,'1','2020-04-07 22:00:07','1','2020-04-07 22:00:07',2,761),(1048,'1','2019-01-22 22:00:07','1','2019-01-22 22:00:07',1,853),(1049,'1','2019-01-22 22:00:07','1','2019-01-22 22:00:07',3,987),(1050,'1','2019-01-22 22:00:07','1','2019-01-22 22:00:07',2,148),(1051,'1','2018-08-24 22:00:07','1','2018-08-24 22:00:07',3,658),(1052,'1','2018-08-24 22:00:07','1','2018-08-24 22:00:07',2,299),(1053,'1','2018-11-11 22:00:07','1','2018-11-11 22:00:07',2,559),(1054,'1','2019-09-28 22:00:07','1','2019-09-28 22:00:07',3,994),(1055,'1','2019-09-28 22:00:07','1','2019-09-28 22:00:07',4,559),(1056,'1','2019-08-14 22:00:07','1','2019-08-14 22:00:07',3,496),(1057,'1','2019-08-14 22:00:07','1','2019-08-14 22:00:07',2,700),(1058,'1','2019-01-10 22:00:07','1','2019-01-10 22:00:07',3,832),(1059,'1','2019-01-10 22:00:07','1','2019-01-10 22:00:07',1,382),(1060,'1','2018-12-31 22:00:07','1','2018-12-31 22:00:07',2,820),(1061,'1','2018-12-31 22:00:07','1','2018-12-31 22:00:07',3,680),(1062,'1','2018-09-05 22:00:07','1','2018-09-05 22:00:07',1,868),(1063,'1','2017-12-04 22:00:07','1','2017-12-04 22:00:07',2,496),(1064,'1','2017-12-04 22:00:07','1','2017-12-04 22:00:07',2,605),(1065,'1','2019-07-23 22:00:07','1','2019-07-23 22:00:07',4,901),(1066,'1','2019-07-23 22:00:07','1','2019-07-23 22:00:07',1,681),(1067,'1','2019-11-23 22:00:07','1','2019-11-23 22:00:07',2,104),(1068,'1','2018-05-22 22:00:07','1','2018-05-22 22:00:07',1,319),(1069,'1','2018-05-22 22:00:07','1','2018-05-22 22:00:07',3,53),(1070,'1','2018-05-22 22:00:07','1','2018-05-22 22:00:07',3,135),(1071,'1','2019-05-30 22:00:07','1','2019-05-30 22:00:07',2,757),(1072,'1','2019-05-30 22:00:07','1','2019-05-30 22:00:07',3,56),(1073,'1','2018-07-06 22:00:07','1','2018-07-06 22:00:07',3,281),(1074,'1','2018-07-06 22:00:07','1','2018-07-06 22:00:07',1,973),(1075,'1','2018-07-06 22:00:07','1','2018-07-06 22:00:07',4,37),(1076,'1','2019-05-26 22:00:07','1','2019-05-26 22:00:07',2,898),(1077,'1','2019-05-26 22:00:07','1','2019-05-26 22:00:07',1,264),(1078,'1','2019-10-10 22:00:07','1','2019-10-10 22:00:07',3,238),(1079,'1','2019-09-01 22:00:07','1','2019-09-01 22:00:07',3,855),(1080,'1','2019-09-01 22:00:07','1','2019-09-01 22:00:07',2,178),(1081,'1','2019-09-01 22:00:07','1','2019-09-01 22:00:07',2,861),(1082,'1','2018-10-31 22:00:07','1','2018-10-31 22:00:07',2,443),(1083,'1','2018-10-31 22:00:07','1','2018-10-31 22:00:07',2,858),(1084,'1','2018-10-31 22:00:07','1','2018-10-31 22:00:07',3,969),(1085,'1','2019-06-30 22:00:07','1','2019-06-30 22:00:07',3,937),(1086,'1','2019-06-30 22:00:07','1','2019-06-30 22:00:07',4,513),(1087,'1','2017-12-04 22:00:07','1','2017-12-04 22:00:07',3,355),(1088,'1','2017-12-04 22:00:07','1','2017-12-04 22:00:07',1,343),(1089,'1','2019-03-07 22:00:07','1','2019-03-07 22:00:07',1,360),(1090,'1','2019-03-07 22:00:07','1','2019-03-07 22:00:07',3,716),(1091,'1','2019-03-07 22:00:07','1','2019-03-07 22:00:07',2,503),(1092,'1','2019-01-28 22:00:07','1','2019-01-28 22:00:07',2,732),(1093,'1','2019-01-28 22:00:07','1','2019-01-28 22:00:07',1,625),(1094,'1','2018-08-17 22:00:07','1','2018-08-17 22:00:07',4,304),(1095,'1','2020-03-11 22:00:07','1','2020-03-11 22:00:07',2,306),(1096,'1','2020-03-11 22:00:07','1','2020-03-11 22:00:07',3,720),(1097,'1','2020-03-11 22:00:07','1','2020-03-11 22:00:07',3,400),(1098,'1','2018-08-16 22:00:07','1','2018-08-16 22:00:07',3,533),(1099,'1','2018-09-01 22:00:07','1','2018-09-01 22:00:07',3,931),(1100,'1','2018-09-01 22:00:07','1','2018-09-01 22:00:07',1,806),(1101,'1','2019-11-12 22:00:07','1','2019-11-12 22:00:07',3,645),(1102,'1','2019-09-09 22:00:07','1','2019-09-09 22:00:07',3,534),(1103,'1','2019-05-25 22:00:07','1','2019-05-25 22:00:07',1,970),(1104,'1','2019-05-25 22:00:07','1','2019-05-25 22:00:07',3,943),(1105,'1','2019-06-24 22:00:07','1','2019-06-24 22:00:07',3,298),(1106,'1','2019-05-29 22:00:07','1','2019-05-29 22:00:07',3,260),(1107,'1','2019-05-29 22:00:07','1','2019-05-29 22:00:07',2,306),(1108,'1','2018-12-29 22:00:07','1','2018-12-29 22:00:07',3,411),(1109,'1','2018-12-29 22:00:07','1','2018-12-29 22:00:07',3,961),(1110,'1','2019-02-13 22:00:07','1','2019-02-13 22:00:07',1,967),(1111,'1','2018-12-21 22:00:07','1','2018-12-21 22:00:07',2,632),(1112,'1','2018-12-21 22:00:07','1','2018-12-21 22:00:07',3,919),(1113,'1','2018-12-21 22:00:07','1','2018-12-21 22:00:07',3,718),(1114,'1','2018-06-04 22:00:07','1','2018-06-04 22:00:07',2,706),(1115,'1','2018-06-04 22:00:07','1','2018-06-04 22:00:07',3,305),(1116,'1','2018-11-30 22:00:07','1','2018-11-30 22:00:07',3,995),(1117,'1','2020-05-31 22:00:07','1','2020-05-31 22:00:07',3,907),(1118,'1','2018-01-30 22:00:07','1','2018-01-30 22:00:07',3,777),(1119,'1','2018-01-30 22:00:07','1','2018-01-30 22:00:07',4,443),(1120,'1','2018-01-30 22:00:07','1','2018-01-30 22:00:07',3,299),(1121,'1','2018-04-17 22:00:07','1','2018-04-17 22:00:07',2,676),(1122,'1','2018-04-17 22:00:07','1','2018-04-17 22:00:07',2,341),(1123,'1','2019-03-01 22:00:07','1','2019-03-01 22:00:07',1,59),(1124,'1','2019-03-01 22:00:07','1','2019-03-01 22:00:07',1,67),(1125,'1','2019-03-01 22:00:07','1','2019-03-01 22:00:07',3,238),(1126,'1','2019-10-29 22:00:07','1','2019-10-29 22:00:07',3,736),(1127,'1','2019-10-31 22:00:07','1','2019-10-31 22:00:07',2,672),(1128,'1','2019-10-31 22:00:07','1','2019-10-31 22:00:07',1,718),(1129,'1','2020-03-26 22:00:07','1','2020-03-26 22:00:07',2,446),(1130,'1','2020-03-26 22:00:07','1','2020-03-26 22:00:07',3,338),(1131,'1','2019-08-30 22:00:07','1','2019-08-30 22:00:07',2,909),(1132,'1','2018-02-24 22:00:07','1','2018-02-24 22:00:07',2,29),(1133,'1','2018-02-24 22:00:07','1','2018-02-24 22:00:07',1,172),(1134,'1','2020-02-15 22:00:07','1','2020-02-15 22:00:07',4,798),(1135,'1','2020-02-15 22:00:07','1','2020-02-15 22:00:07',3,442),(1136,'1','2020-02-15 22:00:07','1','2020-02-15 22:00:07',1,342),(1137,'1','2018-09-22 22:00:07','1','2018-09-22 22:00:07',1,704),(1138,'1','2018-09-22 22:00:07','1','2018-09-22 22:00:07',3,669),(1139,'1','2018-09-22 22:00:07','1','2018-09-22 22:00:07',1,968),(1140,'1','2019-05-30 22:00:07','1','2019-05-30 22:00:07',3,927),(1141,'1','2019-05-30 22:00:07','1','2019-05-30 22:00:07',2,567),(1142,'1','2020-05-08 22:00:07','1','2020-05-08 22:00:07',3,339),(1143,'1','2020-05-08 22:00:07','1','2020-05-08 22:00:07',4,771),(1144,'1','2020-05-08 22:00:07','1','2020-05-08 22:00:07',4,404),(1145,'1','2018-08-04 22:00:07','1','2018-08-04 22:00:07',3,884),(1146,'1','2018-03-15 22:00:07','1','2018-03-15 22:00:07',2,442),(1147,'1','2018-03-15 22:00:07','1','2018-03-15 22:00:07',4,753),(1148,'1','2018-03-15 22:00:07','1','2018-03-15 22:00:07',3,586),(1149,'1','2020-06-10 22:00:07','1','2020-06-10 22:00:07',2,348),(1150,'1','2020-06-10 22:00:07','1','2020-06-10 22:00:07',3,41),(1151,'1','2018-01-23 22:00:07','1','2018-01-23 22:00:07',3,605),(1152,'1','2018-12-26 22:00:07','1','2018-12-26 22:00:07',3,311),(1153,'1','2018-12-26 22:00:07','1','2018-12-26 22:00:07',4,539),(1154,'1','2020-02-02 22:00:07','1','2020-02-02 22:00:07',3,488),(1155,'1','2020-02-02 22:00:07','1','2020-02-02 22:00:07',1,625),(1156,'1','2019-05-08 22:00:07','1','2019-05-08 22:00:07',2,286),(1157,'1','2019-08-08 22:00:07','1','2019-08-08 22:00:07',2,413),(1158,'1','2019-08-08 22:00:07','1','2019-08-08 22:00:07',3,457),(1159,'1','2019-09-24 22:00:07','1','2019-09-24 22:00:07',3,329),(1160,'1','2019-09-24 22:00:07','1','2019-09-24 22:00:07',3,725);

INSERT INTO pedido_items (order_id,items_id) VALUES (1,201),(1,202),(1,203),(2,204),(2,205),(2,206),(3,207),(4,208),(5,209),(5,210),(5,211),(6,212),(7,213),(7,214),(8,215),(9,216),(9,217),(10,218),(10,219),(11,220),(11,221),(12,222),(12,223),(13,224),(13,225),(14,226),(15,227),(15,228),(16,229),(16,230),(16,231),(17,232),(17,233),(17,234),(18,235),(18,236),(19,237),(20,238),(21,239),(21,240),(22,241),(23,242),(24,243),(24,244),(25,245),(26,246),(26,247),(26,248),(27,249),(27,250),(28,251),(28,252),(29,253),(29,254),(29,255),(30,256),(30,257),(31,258),(31,259),(31,260),(32,261),(32,262),(33,263),(33,264),(34,265),(35,266),(35,267),(36,268),(36,269),(37,270),(37,271),(38,272),(39,273),(39,274),(39,275),(40,276),(40,277),(41,278),(41,279),(42,280),(42,281),(42,282),(43,283),(43,284),(44,285),(44,286),(44,287),(45,288),(45,289),(46,290),(46,291),(47,292),(47,293),(47,294),(48,295),(48,296),(49,297),(49,298),(50,299),(51,300),(51,301),(52,302),(52,303),(53,304),(53,305),(54,306),(54,307),(55,308),(55,309),(56,310),(56,311),(56,312),(57,313),(57,314),(58,315),(58,316),(59,317),(59,318),(59,319),(60,320),(60,321),(61,322),(62,323),(62,324),(63,325),(63,326),(64,327),(65,328),(65,329),(66,330),(66,331),(66,332),(67,333),(67,334),(68,335),(68,336),(69,337),(69,338),(70,339),(70,340),(71,341),(72,342),(73,343),(73,344),(74,345),(74,346),(75,347),(75,348),(76,349),(76,350),(77,351),(77,352),(77,353),(78,354),(78,355),(79,356),(79,357),(80,358),(80,359),(81,360),(82,361),(83,362),(83,363),(83,364),(84,365),(84,366),(85,367),(85,368),(86,369),(86,370),(87,371),(88,372),(89,373),(90,374),(90,375),(91,376),(91,377),(92,378),(92,379),(93,380),(93,381),(94,382),(95,383),(95,384),(96,385),(96,386),(96,387),(97,388),(98,389),(98,390),(98,391),(99,392),(99,393),(100,394),(100,395),(100,396),(101,397),(101,398),(102,399),(103,400),(103,401),(104,402),(104,403),(105,404),(105,405),(106,406),(106,407),(107,408),(108,409),(108,410),(109,411),(110,412),(110,413),(111,414),(111,415),(111,416),(112,417),(112,418),(112,419),(113,420),(114,421),(114,422),(115,423),(115,424),(116,425),(116,426),(116,427),(117,428),(117,429),(117,430),(118,431),(118,432),(119,433),(119,434),(119,435),(120,436),(121,437),(121,438),(122,439),(122,440),(123,441),(123,442),(124,443),(125,444),(125,445),(126,446),(127,447),(127,448),(128,449),(128,450),(129,451),(129,452),(130,453),(130,454),(131,455),(131,456),(131,457),(132,458),(132,459),(133,460),(133,461),(134,462),(134,463),(134,464),(135,465),(135,466),(136,467),(137,468),(138,469),(138,470),(139,471),(139,472),(140,473),(140,474),(140,475),(141,476),(141,477),(142,478),(143,479),(143,480),(144,481),(144,482),(145,483),(146,484),(146,485),(147,486),(148,487),(148,488),(149,489),(149,490),(150,491),(150,492),(151,493),(151,494),(152,495),(152,496),(153,497),(153,498),(153,499),(154,500),(154,501),(155,502),(155,503),(156,504),(156,505),(157,506),(158,507),(158,508),(159,509),(159,510),(160,511),(160,512),(161,513),(162,514),(162,515),(162,516),(163,517),(163,518),(163,519),(164,520),(164,521),(164,522),(165,523),(165,524),(166,525),(167,526),(167,527),(167,528),(168,529),(168,530),(168,531),(169,532),(169,533),(170,534),(170,535),(171,536),(171,537),(172,538),(173,539),(173,540),(174,541),(174,542),(175,543),(176,544),(176,545),(176,546),(177,547),(177,548),(178,549),(178,550),(179,551),(179,552),(180,553),(180,554),(181,555),(181,556),(182,557),(183,558),(183,559),(184,560),(184,561),(185,562),(185,563),(186,564),(187,565),(187,566),(188,567),(188,568),(189,569),(189,570),(190,571),(190,572),(190,573),(191,574),(192,575),(192,576),(192,577),(193,578),(193,579),(194,580),(194,581),(194,582),(195,583),(195,584),(195,585),(196,586),(196,587),(197,588),(197,589),(198,590),(199,591),(200,592),(200,593),(201,594),(202,595),(202,596),(203,597),(203,598),(204,599),(204,600),(205,601),(206,602),(206,603),(207,604),(207,605),(208,606),(208,607),(209,608),(209,609),(210,610),(211,611),(212,612),(212,613),(213,614),(214,615),(215,616),(215,617),(216,618),(216,619),(216,620),(217,621),(217,622),(217,623),(218,624),(219,625),(219,626),(220,627),(220,628),(220,629),(221,630),(222,631),(222,632),(222,633),(223,634),(223,635),(224,636),(224,637),(225,638),(225,639),(225,640),(226,641),(226,642),(226,643),(227,644),(227,645),(228,646),(229,647),(230,648),(230,649),(231,650),(232,651),(232,652),(232,653),(233,654),(233,655),(234,656),(234,657),(235,658),(235,659),(236,660),(236,661),(237,662),(237,663),(238,664),(238,665),(239,666),(239,667),(240,668),(240,669),(241,670),(241,671),(242,672),(242,673),(243,674),(243,675),(244,676),(244,677),(245,678),(246,679),(246,680),(247,681),(247,682),(248,683),(249,684),(249,685),(250,686),(250,687),(251,688),(251,689),(252,690),(252,691),(253,692),(253,693),(253,694),(254,695),(255,696),(256,697),(256,698),(257,699),(257,700),(257,701),(258,702),(259,703),(259,704),(259,705),(260,706),(261,707),(261,708),(262,709),(263,710),(263,711),(263,712),(264,713),(264,714),(264,715),(265,716),(265,717),(266,718),(266,719),(267,720),(267,721),(268,722),(268,723),(269,724),(270,725),(270,726),(271,727),(271,728),(272,729),(273,730),(273,731),(273,732),(274,733),(275,734),(275,735),(276,736),(276,737),(277,738),(277,739),(278,740),(279,741),(279,742),(280,743),(280,744),(280,745),(281,746),(281,747),(281,748),(282,749),(282,750),(282,751),(283,752),(284,753),(284,754),(285,755),(286,756),(286,757),(287,758),(287,759),(288,760),(289,761),(289,762),(289,763),(290,764),(290,765),(291,766),(292,767),(292,768),(292,769),(293,770),(294,771),(294,772),(295,773),(296,774),(297,775),(297,776),(298,777),(298,778),(298,779),(299,780),(299,781),(299,782),(300,783),(301,784),(301,785),(302,786),(302,787),(303,788),(303,789),(304,790),(304,791),(305,792),(306,793),(306,794),(306,795),(307,796),(308,797),(308,798),(309,799),(309,800),(310,801),(310,802),(311,803),(311,804),(312,805),(312,806),(313,807),(313,808),(313,809),(314,810),(314,811),(315,812),(315,813),(316,814),(316,815),(317,816),(317,817),(318,818),(318,819),(319,820),(319,821),(320,822),(320,823),(320,824),(321,825),(321,826),(322,827),(323,828),(324,829),(324,830),(325,831),(326,832),(326,833),(326,834),(327,835),(327,836),(328,837),(328,838),(329,839),(329,840),(329,841),(330,842),(330,843),(330,844),(331,845),(331,846),(331,847),(332,848),(332,849),(333,850),(333,851),(334,852),(334,853),(335,854),(336,855),(336,856),(337,857),(337,858),(338,859),(338,860),(339,861),(340,862),(340,863),(341,864),(342,865),(342,866),(343,867),(343,868),(344,869),(345,870),(345,871),(346,872),(346,873),(347,874),(347,875),(348,876),(348,877),(348,878),(349,879),(349,880),(350,881),(351,882),(351,883),(352,884),(352,885),(352,886),(353,887),(354,888),(354,889),(355,890),(355,891),(355,892),(356,893),(356,894),(357,895),(357,896),(358,897),(358,898),(359,899),(360,900),(360,901),(361,902),(362,903),(362,904),(363,905),(364,906),(365,907),(365,908),(366,909),(366,910),(366,911),(367,912),(367,913),(368,914),(368,915),(369,916),(370,917),(370,918),(370,919),(371,920),(371,921),(372,922),(373,923),(373,924),(374,925),(375,926),(376,927),(376,928),(377,929),(378,930),(378,931),(379,932),(379,933),(379,934),(380,935),(380,936),(380,937),(381,938),(382,939),(382,940),(383,941),(383,942),(384,943),(385,944),(385,945),(385,946),(386,947),(386,948),(387,949),(388,950),(388,951),(388,952),(389,953),(390,954),(390,955),(391,956),(391,957),(391,958),(392,959),(392,960),(393,961),(393,962),(394,963),(394,964),(395,965),(396,966),(396,967),(397,968),(397,969),(398,970),(398,971),(399,972),(399,973),(400,974),(401,975),(401,976),(402,977),(402,978),(403,979),(404,980),(404,981),(405,982),(405,983),(406,984),(406,985),(407,986),(407,987),(408,988),(408,989),(409,990),(409,991),(410,992),(410,993),(411,994),(411,995),(412,996),(412,997),(413,998),(413,999),(414,1000),(414,1001),(414,1002),(415,1003),(416,1004),(416,1005),(416,1006),(417,1007),(417,1008),(418,1009),(419,1010),(419,1011),(420,1012),(421,1013),(422,1014),(422,1015),(423,1016),(424,1017),(424,1018),(425,1019),(425,1020),(426,1021),(427,1022),(428,1023),(428,1024),(429,1025),(429,1026),(430,1027),(430,1028),(431,1029),(431,1030),(432,1031),(433,1032),(433,1033),(434,1034),(435,1035),(436,1036),(436,1037),(437,1038),(437,1039),(438,1040),(439,1041),(440,1042),(440,1043),(441,1044),(441,1045),(442,1046),(442,1047),(443,1048),(443,1049),(443,1050),(444,1051),(444,1052),(445,1053),(446,1054),(446,1055),(447,1056),(447,1057),(448,1058),(448,1059),(449,1060),(449,1061),(450,1062),(451,1063),(451,1064),(452,1065),(452,1066),(453,1067),(454,1068),(454,1069),(454,1070),(455,1071),(455,1072),(456,1073),(456,1074),(456,1075),(457,1076),(457,1077),(458,1078),(459,1079),(459,1080),(459,1081),(460,1082),(460,1083),(460,1084),(461,1085),(461,1086),(462,1087),(462,1088),(463,1089),(463,1090),(463,1091),(464,1092),(464,1093),(465,1094),(466,1095),(466,1096),(466,1097),(467,1098),(468,1099),(468,1100),(469,1101),(470,1102),(471,1103),(471,1104),(472,1105),(473,1106),(473,1107),(474,1108),(474,1109),(475,1110),(476,1111),(476,1112),(476,1113),(477,1114),(477,1115),(478,1116),(479,1117),(480,1118),(480,1119),(480,1120),(481,1121),(481,1122),(482,1123),(482,1124),(482,1125),(483,1126),(484,1127),(484,1128),(485,1129),(485,1130),(486,1131),(487,1132),(487,1133),(488,1134),(488,1135),(488,1136),(489,1137),(489,1138),(489,1139),(490,1140),(490,1141),(491,1142),(491,1143),(491,1144),(492,1145),(493,1146),(493,1147),(493,1148),(494,1149),(494,1150),(495,1151),(496,1152),(496,1153),(497,1154),(497,1155),(498,1156),(499,1157),(499,1158),(500,1159),(500,1160);
