INSERT INTO address (id,city,country,line1,line2,postal_code,province) VALUES
(1,'Arrecife','España','calle Galicia, 13','puerta 2','35500','Las Palmas'),
(2,'Las Palmas de Gran Canaria','España','calle Magdalena, 14',null,'35018','Las Palmas'),
(3,'LOllería','España','avenida Diputación, 35','piso 3, puerta 8','46850','Valencia'),
(4,'Wrocław','Poland','Pawła Włodkowica 11',null,'50-072',null),
(5,'Beşiktaş/İstanbul','Turkey','Kalıpçı Sokağı No:36',null,'34357','Muradiye'),
(6,'Porto','Portugal','Travessa da Regeneração, 206',null,'4000-410',null);

INSERT INTO shipping_info (id,carrier,name,phone,tracking_number,address_id) VALUES (1,'carrier','name','phone','tracking_number',3),(2,'carrier','name','phone','tracking_number',5),(3,'carrier','name','phone','tracking_number',3),(4,'carrier','name','phone','tracking_number',2),(5,'carrier','name','phone','tracking_number',2),(6,'carrier','name','phone','tracking_number',6),(7,'carrier','name','phone','tracking_number',3),(8,'carrier','name','phone','tracking_number',5),(9,'carrier','name','phone','tracking_number',2),(10,'carrier','name','phone','tracking_number',4),(11,'carrier','name','phone','tracking_number',2),(12,'carrier','name','phone','tracking_number',2),(13,'carrier','name','phone','tracking_number',2),(14,'carrier','name','phone','tracking_number',5),(15,'carrier','name','phone','tracking_number',5),(16,'carrier','name','phone','tracking_number',1),(17,'carrier','name','phone','tracking_number',4),(18,'carrier','name','phone','tracking_number',3),(19,'carrier','name','phone','tracking_number',3),(20,'carrier','name','phone','tracking_number',2),(21,'carrier','name','phone','tracking_number',5),(22,'carrier','name','phone','tracking_number',1),(23,'carrier','name','phone','tracking_number',3),(24,'carrier','name','phone','tracking_number',2),(25,'carrier','name','phone','tracking_number',6),(26,'carrier','name','phone','tracking_number',3),(27,'carrier','name','phone','tracking_number',4),(28,'carrier','name','phone','tracking_number',2),(29,'carrier','name','phone','tracking_number',2),(30,'carrier','name','phone','tracking_number',3),(31,'carrier','name','phone','tracking_number',5),(32,'carrier','name','phone','tracking_number',2),(33,'carrier','name','phone','tracking_number',5),(34,'carrier','name','phone','tracking_number',4),(35,'carrier','name','phone','tracking_number',3),(36,'carrier','name','phone','tracking_number',2),(37,'carrier','name','phone','tracking_number',2),(38,'carrier','name','phone','tracking_number',1),(39,'carrier','name','phone','tracking_number',1),(40,'carrier','name','phone','tracking_number',5),(41,'carrier','name','phone','tracking_number',2),(42,'carrier','name','phone','tracking_number',3),(43,'carrier','name','phone','tracking_number',2),(44,'carrier','name','phone','tracking_number',2),(45,'carrier','name','phone','tracking_number',2),(46,'carrier','name','phone','tracking_number',2),(47,'carrier','name','phone','tracking_number',1),(48,'carrier','name','phone','tracking_number',4),(49,'carrier','name','phone','tracking_number',3),(50,'carrier','name','phone','tracking_number',5),(51,'carrier','name','phone','tracking_number',3),(52,'carrier','name','phone','tracking_number',3),(53,'carrier','name','phone','tracking_number',4),(54,'carrier','name','phone','tracking_number',6),(55,'carrier','name','phone','tracking_number',4),(56,'carrier','name','phone','tracking_number',3),(57,'carrier','name','phone','tracking_number',4),(58,'carrier','name','phone','tracking_number',4),(59,'carrier','name','phone','tracking_number',2),(60,'carrier','name','phone','tracking_number',4),(61,'carrier','name','phone','tracking_number',6),(62,'carrier','name','phone','tracking_number',5),(63,'carrier','name','phone','tracking_number',4),(64,'carrier','name','phone','tracking_number',5),(65,'carrier','name','phone','tracking_number',4),(66,'carrier','name','phone','tracking_number',5),(67,'carrier','name','phone','tracking_number',4),(68,'carrier','name','phone','tracking_number',6),(69,'carrier','name','phone','tracking_number',4),(70,'carrier','name','phone','tracking_number',4),(71,'carrier','name','phone','tracking_number',5),(72,'carrier','name','phone','tracking_number',2),(73,'carrier','name','phone','tracking_number',2),(74,'carrier','name','phone','tracking_number',4),(75,'carrier','name','phone','tracking_number',3),(76,'carrier','name','phone','tracking_number',2),(77,'carrier','name','phone','tracking_number',3),(78,'carrier','name','phone','tracking_number',2),(79,'carrier','name','phone','tracking_number',2),(80,'carrier','name','phone','tracking_number',1),(81,'carrier','name','phone','tracking_number',5),(82,'carrier','name','phone','tracking_number',3),(83,'carrier','name','phone','tracking_number',4),(84,'carrier','name','phone','tracking_number',5),(85,'carrier','name','phone','tracking_number',5),(86,'carrier','name','phone','tracking_number',2),(87,'carrier','name','phone','tracking_number',4),(88,'carrier','name','phone','tracking_number',5),(89,'carrier','name','phone','tracking_number',5),(90,'carrier','name','phone','tracking_number',4),(91,'carrier','name','phone','tracking_number',3),(92,'carrier','name','phone','tracking_number',2),(93,'carrier','name','phone','tracking_number',3),(94,'carrier','name','phone','tracking_number',4),(95,'carrier','name','phone','tracking_number',2),(96,'carrier','name','phone','tracking_number',6),(97,'carrier','name','phone','tracking_number',6),(98,'carrier','name','phone','tracking_number',3),(99,'carrier','name','phone','tracking_number',3),(100,'carrier','name','phone','tracking_number',2),(101,'carrier','name','phone','tracking_number',3),(102,'carrier','name','phone','tracking_number',3),(103,'carrier','name','phone','tracking_number',5),(104,'carrier','name','phone','tracking_number',1),(105,'carrier','name','phone','tracking_number',3),(106,'carrier','name','phone','tracking_number',3),(107,'carrier','name','phone','tracking_number',3),(108,'carrier','name','phone','tracking_number',2),(109,'carrier','name','phone','tracking_number',4),(110,'carrier','name','phone','tracking_number',1),(111,'carrier','name','phone','tracking_number',5),(112,'carrier','name','phone','tracking_number',2),(113,'carrier','name','phone','tracking_number',5),(114,'carrier','name','phone','tracking_number',4),(115,'carrier','name','phone','tracking_number',1),(116,'carrier','name','phone','tracking_number',3),(117,'carrier','name','phone','tracking_number',2),(118,'carrier','name','phone','tracking_number',2),(119,'carrier','name','phone','tracking_number',1),(120,'carrier','name','phone','tracking_number',5),(121,'carrier','name','phone','tracking_number',2),(122,'carrier','name','phone','tracking_number',3),(123,'carrier','name','phone','tracking_number',3),(124,'carrier','name','phone','tracking_number',2),(125,'carrier','name','phone','tracking_number',2),(126,'carrier','name','phone','tracking_number',5),(127,'carrier','name','phone','tracking_number',5),(128,'carrier','name','phone','tracking_number',5),(129,'carrier','name','phone','tracking_number',3),(130,'carrier','name','phone','tracking_number',2),(131,'carrier','name','phone','tracking_number',5),(132,'carrier','name','phone','tracking_number',5),(133,'carrier','name','phone','tracking_number',4),(134,'carrier','name','phone','tracking_number',3),(135,'carrier','name','phone','tracking_number',3),(136,'carrier','name','phone','tracking_number',5),(137,'carrier','name','phone','tracking_number',5),(138,'carrier','name','phone','tracking_number',4),(139,'carrier','name','phone','tracking_number',3),(140,'carrier','name','phone','tracking_number',2),(141,'carrier','name','phone','tracking_number',3),(142,'carrier','name','phone','tracking_number',4),(143,'carrier','name','phone','tracking_number',2),(144,'carrier','name','phone','tracking_number',3),(145,'carrier','name','phone','tracking_number',5),(146,'carrier','name','phone','tracking_number',5),(147,'carrier','name','phone','tracking_number',6),(148,'carrier','name','phone','tracking_number',5),(149,'carrier','name','phone','tracking_number',3),(150,'carrier','name','phone','tracking_number',3),(151,'carrier','name','phone','tracking_number',5),(152,'carrier','name','phone','tracking_number',4),(153,'carrier','name','phone','tracking_number',2),(154,'carrier','name','phone','tracking_number',2),(155,'carrier','name','phone','tracking_number',3),(156,'carrier','name','phone','tracking_number',4),(157,'carrier','name','phone','tracking_number',5),(158,'carrier','name','phone','tracking_number',3),(159,'carrier','name','phone','tracking_number',3),(160,'carrier','name','phone','tracking_number',3),(161,'carrier','name','phone','tracking_number',2),(162,'carrier','name','phone','tracking_number',4),(163,'carrier','name','phone','tracking_number',2),(164,'carrier','name','phone','tracking_number',6),(165,'carrier','name','phone','tracking_number',1),(166,'carrier','name','phone','tracking_number',2),(167,'carrier','name','phone','tracking_number',1),(168,'carrier','name','phone','tracking_number',3),(169,'carrier','name','phone','tracking_number',2),(170,'carrier','name','phone','tracking_number',3),(171,'carrier','name','phone','tracking_number',5),(172,'carrier','name','phone','tracking_number',3),(173,'carrier','name','phone','tracking_number',5),(174,'carrier','name','phone','tracking_number',1),(175,'carrier','name','phone','tracking_number',2),(176,'carrier','name','phone','tracking_number',1),(177,'carrier','name','phone','tracking_number',4),(178,'carrier','name','phone','tracking_number',2),(179,'carrier','name','phone','tracking_number',4),(180,'carrier','name','phone','tracking_number',3),(181,'carrier','name','phone','tracking_number',2),(182,'carrier','name','phone','tracking_number',3),(183,'carrier','name','phone','tracking_number',3),(184,'carrier','name','phone','tracking_number',2),(185,'carrier','name','phone','tracking_number',5),(186,'carrier','name','phone','tracking_number',6),(187,'carrier','name','phone','tracking_number',5),(188,'carrier','name','phone','tracking_number',4),(189,'carrier','name','phone','tracking_number',2),(190,'carrier','name','phone','tracking_number',2),(191,'carrier','name','phone','tracking_number',1),(192,'carrier','name','phone','tracking_number',2),(193,'carrier','name','phone','tracking_number',4),(194,'carrier','name','phone','tracking_number',1),(195,'carrier','name','phone','tracking_number',3),(196,'carrier','name','phone','tracking_number',3),(197,'carrier','name','phone','tracking_number',5),(198,'carrier','name','phone','tracking_number',5),(199,'carrier','name','phone','tracking_number',3),(200,'carrier','name','phone','tracking_number',4),(201,'carrier','name','phone','tracking_number',4),(202,'carrier','name','phone','tracking_number',5),(203,'carrier','name','phone','tracking_number',4),(204,'carrier','name','phone','tracking_number',2),(205,'carrier','name','phone','tracking_number',5),(206,'carrier','name','phone','tracking_number',5),(207,'carrier','name','phone','tracking_number',4),(208,'carrier','name','phone','tracking_number',3),(209,'carrier','name','phone','tracking_number',6),(210,'carrier','name','phone','tracking_number',3),(211,'carrier','name','phone','tracking_number',4),(212,'carrier','name','phone','tracking_number',6),(213,'carrier','name','phone','tracking_number',5),(214,'carrier','name','phone','tracking_number',3),(215,'carrier','name','phone','tracking_number',2),(216,'carrier','name','phone','tracking_number',3),(217,'carrier','name','phone','tracking_number',5),(218,'carrier','name','phone','tracking_number',3),(219,'carrier','name','phone','tracking_number',2),(220,'carrier','name','phone','tracking_number',2),(221,'carrier','name','phone','tracking_number',4),(222,'carrier','name','phone','tracking_number',2),(223,'carrier','name','phone','tracking_number',1),(224,'carrier','name','phone','tracking_number',6),(225,'carrier','name','phone','tracking_number',3),(226,'carrier','name','phone','tracking_number',2),(227,'carrier','name','phone','tracking_number',4),(228,'carrier','name','phone','tracking_number',2),(229,'carrier','name','phone','tracking_number',4),(230,'carrier','name','phone','tracking_number',5),(231,'carrier','name','phone','tracking_number',2),(232,'carrier','name','phone','tracking_number',5),(233,'carrier','name','phone','tracking_number',3),(234,'carrier','name','phone','tracking_number',2),(235,'carrier','name','phone','tracking_number',5),(236,'carrier','name','phone','tracking_number',4),(237,'carrier','name','phone','tracking_number',3),(238,'carrier','name','phone','tracking_number',4),(239,'carrier','name','phone','tracking_number',5),(240,'carrier','name','phone','tracking_number',4),(241,'carrier','name','phone','tracking_number',5),(242,'carrier','name','phone','tracking_number',3),(243,'carrier','name','phone','tracking_number',6),(244,'carrier','name','phone','tracking_number',4),(245,'carrier','name','phone','tracking_number',2),(246,'carrier','name','phone','tracking_number',5),(247,'carrier','name','phone','tracking_number',3),(248,'carrier','name','phone','tracking_number',2),(249,'carrier','name','phone','tracking_number',1),(250,'carrier','name','phone','tracking_number',2),(251,'carrier','name','phone','tracking_number',5),(252,'carrier','name','phone','tracking_number',1),(253,'carrier','name','phone','tracking_number',5),(254,'carrier','name','phone','tracking_number',2),(255,'carrier','name','phone','tracking_number',2),(256,'carrier','name','phone','tracking_number',3),(257,'carrier','name','phone','tracking_number',2),(258,'carrier','name','phone','tracking_number',4),(259,'carrier','name','phone','tracking_number',4),(260,'carrier','name','phone','tracking_number',2),(261,'carrier','name','phone','tracking_number',5),(262,'carrier','name','phone','tracking_number',2),(263,'carrier','name','phone','tracking_number',4),(264,'carrier','name','phone','tracking_number',3),(265,'carrier','name','phone','tracking_number',5),(266,'carrier','name','phone','tracking_number',3),(267,'carrier','name','phone','tracking_number',6),(268,'carrier','name','phone','tracking_number',1),(269,'carrier','name','phone','tracking_number',5),(270,'carrier','name','phone','tracking_number',4),(271,'carrier','name','phone','tracking_number',6),(272,'carrier','name','phone','tracking_number',2),(273,'carrier','name','phone','tracking_number',3),(274,'carrier','name','phone','tracking_number',4),(275,'carrier','name','phone','tracking_number',3),(276,'carrier','name','phone','tracking_number',4),(277,'carrier','name','phone','tracking_number',6),(278,'carrier','name','phone','tracking_number',5),(279,'carrier','name','phone','tracking_number',4),(280,'carrier','name','phone','tracking_number',5),(281,'carrier','name','phone','tracking_number',4),(282,'carrier','name','phone','tracking_number',1),(283,'carrier','name','phone','tracking_number',4),(284,'carrier','name','phone','tracking_number',3),(285,'carrier','name','phone','tracking_number',5),(286,'carrier','name','phone','tracking_number',4),(287,'carrier','name','phone','tracking_number',1),(288,'carrier','name','phone','tracking_number',4),(289,'carrier','name','phone','tracking_number',2),(290,'carrier','name','phone','tracking_number',4),(291,'carrier','name','phone','tracking_number',3),(292,'carrier','name','phone','tracking_number',6),(293,'carrier','name','phone','tracking_number',5),(294,'carrier','name','phone','tracking_number',2),(295,'carrier','name','phone','tracking_number',5),(296,'carrier','name','phone','tracking_number',3),(297,'carrier','name','phone','tracking_number',4),(298,'carrier','name','phone','tracking_number',3),(299,'carrier','name','phone','tracking_number',4),(300,'carrier','name','phone','tracking_number',2),(301,'carrier','name','phone','tracking_number',3),(302,'carrier','name','phone','tracking_number',3),(303,'carrier','name','phone','tracking_number',2),(304,'carrier','name','phone','tracking_number',3),(305,'carrier','name','phone','tracking_number',2),(306,'carrier','name','phone','tracking_number',3),(307,'carrier','name','phone','tracking_number',2),(308,'carrier','name','phone','tracking_number',2),(309,'carrier','name','phone','tracking_number',2),(310,'carrier','name','phone','tracking_number',5),(311,'carrier','name','phone','tracking_number',2),(312,'carrier','name','phone','tracking_number',4),(313,'carrier','name','phone','tracking_number',3),(314,'carrier','name','phone','tracking_number',1),(315,'carrier','name','phone','tracking_number',3),(316,'carrier','name','phone','tracking_number',5),(317,'carrier','name','phone','tracking_number',2),(318,'carrier','name','phone','tracking_number',6),(319,'carrier','name','phone','tracking_number',2),(320,'carrier','name','phone','tracking_number',6),(321,'carrier','name','phone','tracking_number',5),(322,'carrier','name','phone','tracking_number',3),(323,'carrier','name','phone','tracking_number',5),(324,'carrier','name','phone','tracking_number',5),(325,'carrier','name','phone','tracking_number',5),(326,'carrier','name','phone','tracking_number',4),(327,'carrier','name','phone','tracking_number',2),(328,'carrier','name','phone','tracking_number',4),(329,'carrier','name','phone','tracking_number',5),(330,'carrier','name','phone','tracking_number',5),(331,'carrier','name','phone','tracking_number',4),(332,'carrier','name','phone','tracking_number',1),(333,'carrier','name','phone','tracking_number',4),(334,'carrier','name','phone','tracking_number',6),(335,'carrier','name','phone','tracking_number',4),(336,'carrier','name','phone','tracking_number',2),(337,'carrier','name','phone','tracking_number',2),(338,'carrier','name','phone','tracking_number',2),(339,'carrier','name','phone','tracking_number',4),(340,'carrier','name','phone','tracking_number',2),(341,'carrier','name','phone','tracking_number',4),(342,'carrier','name','phone','tracking_number',3),(343,'carrier','name','phone','tracking_number',2),(344,'carrier','name','phone','tracking_number',4),(345,'carrier','name','phone','tracking_number',2),(346,'carrier','name','phone','tracking_number',1),(347,'carrier','name','phone','tracking_number',4),(348,'carrier','name','phone','tracking_number',6),(349,'carrier','name','phone','tracking_number',3),(350,'carrier','name','phone','tracking_number',3),(351,'carrier','name','phone','tracking_number',5),(352,'carrier','name','phone','tracking_number',3),(353,'carrier','name','phone','tracking_number',2),(354,'carrier','name','phone','tracking_number',4),(355,'carrier','name','phone','tracking_number',2),(356,'carrier','name','phone','tracking_number',2),(357,'carrier','name','phone','tracking_number',6),(358,'carrier','name','phone','tracking_number',2),(359,'carrier','name','phone','tracking_number',6),(360,'carrier','name','phone','tracking_number',4),(361,'carrier','name','phone','tracking_number',3),(362,'carrier','name','phone','tracking_number',4),(363,'carrier','name','phone','tracking_number',2),(364,'carrier','name','phone','tracking_number',4),(365,'carrier','name','phone','tracking_number',3),(366,'carrier','name','phone','tracking_number',4),(367,'carrier','name','phone','tracking_number',4),(368,'carrier','name','phone','tracking_number',6),(369,'carrier','name','phone','tracking_number',1),(370,'carrier','name','phone','tracking_number',4),(371,'carrier','name','phone','tracking_number',1),(372,'carrier','name','phone','tracking_number',3),(373,'carrier','name','phone','tracking_number',4),(374,'carrier','name','phone','tracking_number',4),(375,'carrier','name','phone','tracking_number',2),(376,'carrier','name','phone','tracking_number',5),(377,'carrier','name','phone','tracking_number',2),(378,'carrier','name','phone','tracking_number',2),(379,'carrier','name','phone','tracking_number',5),(380,'carrier','name','phone','tracking_number',2),(381,'carrier','name','phone','tracking_number',2),(382,'carrier','name','phone','tracking_number',1),(383,'carrier','name','phone','tracking_number',5),(384,'carrier','name','phone','tracking_number',4),(385,'carrier','name','phone','tracking_number',4),(386,'carrier','name','phone','tracking_number',3),(387,'carrier','name','phone','tracking_number',6),(388,'carrier','name','phone','tracking_number',3),(389,'carrier','name','phone','tracking_number',4),(390,'carrier','name','phone','tracking_number',2),(391,'carrier','name','phone','tracking_number',1),(392,'carrier','name','phone','tracking_number',4),(393,'carrier','name','phone','tracking_number',2),(394,'carrier','name','phone','tracking_number',5),(395,'carrier','name','phone','tracking_number',2),(396,'carrier','name','phone','tracking_number',4),(397,'carrier','name','phone','tracking_number',5),(398,'carrier','name','phone','tracking_number',6),(399,'carrier','name','phone','tracking_number',6),(400,'carrier','name','phone','tracking_number',1),(401,'carrier','name','phone','tracking_number',6),(402,'carrier','name','phone','tracking_number',4),(403,'carrier','name','phone','tracking_number',1),(404,'carrier','name','phone','tracking_number',3),(405,'carrier','name','phone','tracking_number',3),(406,'carrier','name','phone','tracking_number',2),(407,'carrier','name','phone','tracking_number',3),(408,'carrier','name','phone','tracking_number',5),(409,'carrier','name','phone','tracking_number',4),(410,'carrier','name','phone','tracking_number',4),(411,'carrier','name','phone','tracking_number',2),(412,'carrier','name','phone','tracking_number',4),(413,'carrier','name','phone','tracking_number',6),(414,'carrier','name','phone','tracking_number',6),(415,'carrier','name','phone','tracking_number',2),(416,'carrier','name','phone','tracking_number',3),(417,'carrier','name','phone','tracking_number',4),(418,'carrier','name','phone','tracking_number',4),(419,'carrier','name','phone','tracking_number',4),(420,'carrier','name','phone','tracking_number',4),(421,'carrier','name','phone','tracking_number',2),(422,'carrier','name','phone','tracking_number',3),(423,'carrier','name','phone','tracking_number',4),(424,'carrier','name','phone','tracking_number',4),(425,'carrier','name','phone','tracking_number',5),(426,'carrier','name','phone','tracking_number',5),(427,'carrier','name','phone','tracking_number',5),(428,'carrier','name','phone','tracking_number',5),(429,'carrier','name','phone','tracking_number',4),(430,'carrier','name','phone','tracking_number',5),(431,'carrier','name','phone','tracking_number',2),(432,'carrier','name','phone','tracking_number',5),(433,'carrier','name','phone','tracking_number',2),(434,'carrier','name','phone','tracking_number',3),(435,'carrier','name','phone','tracking_number',2),(436,'carrier','name','phone','tracking_number',5),(437,'carrier','name','phone','tracking_number',3),(438,'carrier','name','phone','tracking_number',4),(439,'carrier','name','phone','tracking_number',4),(440,'carrier','name','phone','tracking_number',4),(441,'carrier','name','phone','tracking_number',2),(442,'carrier','name','phone','tracking_number',5),(443,'carrier','name','phone','tracking_number',3),(444,'carrier','name','phone','tracking_number',3),(445,'carrier','name','phone','tracking_number',5),(446,'carrier','name','phone','tracking_number',3),(447,'carrier','name','phone','tracking_number',2),(448,'carrier','name','phone','tracking_number',2),(449,'carrier','name','phone','tracking_number',1),(450,'carrier','name','phone','tracking_number',4),(451,'carrier','name','phone','tracking_number',1),(452,'carrier','name','phone','tracking_number',5),(453,'carrier','name','phone','tracking_number',4),(454,'carrier','name','phone','tracking_number',2),(455,'carrier','name','phone','tracking_number',5),(456,'carrier','name','phone','tracking_number',3),(457,'carrier','name','phone','tracking_number',2),(458,'carrier','name','phone','tracking_number',2),(459,'carrier','name','phone','tracking_number',5),(460,'carrier','name','phone','tracking_number',2),(461,'carrier','name','phone','tracking_number',3),(462,'carrier','name','phone','tracking_number',4),(463,'carrier','name','phone','tracking_number',2),(464,'carrier','name','phone','tracking_number',3),(465,'carrier','name','phone','tracking_number',5),(466,'carrier','name','phone','tracking_number',5),(467,'carrier','name','phone','tracking_number',6),(468,'carrier','name','phone','tracking_number',4),(469,'carrier','name','phone','tracking_number',4),(470,'carrier','name','phone','tracking_number',3),(471,'carrier','name','phone','tracking_number',1),(472,'carrier','name','phone','tracking_number',2),(473,'carrier','name','phone','tracking_number',3),(474,'carrier','name','phone','tracking_number',5),(475,'carrier','name','phone','tracking_number',1),(476,'carrier','name','phone','tracking_number',6),(477,'carrier','name','phone','tracking_number',3),(478,'carrier','name','phone','tracking_number',1),(479,'carrier','name','phone','tracking_number',1),(480,'carrier','name','phone','tracking_number',4),(481,'carrier','name','phone','tracking_number',3),(482,'carrier','name','phone','tracking_number',6),(483,'carrier','name','phone','tracking_number',5),(484,'carrier','name','phone','tracking_number',5),(485,'carrier','name','phone','tracking_number',4),(486,'carrier','name','phone','tracking_number',4),(487,'carrier','name','phone','tracking_number',2),(488,'carrier','name','phone','tracking_number',3),(489,'carrier','name','phone','tracking_number',3),(490,'carrier','name','phone','tracking_number',2),(491,'carrier','name','phone','tracking_number',4),(492,'carrier','name','phone','tracking_number',3),(493,'carrier','name','phone','tracking_number',4),(494,'carrier','name','phone','tracking_number',6),(495,'carrier','name','phone','tracking_number',6),(496,'carrier','name','phone','tracking_number',2),(497,'carrier','name','phone','tracking_number',3),(498,'carrier','name','phone','tracking_number',3),(499,'carrier','name','phone','tracking_number',4),(500,'carrier','name','phone','tracking_number',5);

INSERT INTO payment (id,amount,currency,description,stripe_payment_intent_id) VALUES (1,1,'eur','test payment number 1','stripe_payment_intent_id number 1'),(2,1,'eur','test payment number 2','stripe_payment_intent_id number 2'),(3,1,'eur','test payment number 3','stripe_payment_intent_id number 3'),(4,1,'eur','test payment number 4','stripe_payment_intent_id number 4'),(5,1,'eur','test payment number 5','stripe_payment_intent_id number 5'),(6,1,'eur','test payment number 6','stripe_payment_intent_id number 6'),(7,1,'eur','test payment number 7','stripe_payment_intent_id number 7'),(8,1,'eur','test payment number 8','stripe_payment_intent_id number 8'),(9,1,'eur','test payment number 9','stripe_payment_intent_id number 9'),(10,1,'eur','test payment number 10','stripe_payment_intent_id number 10'),(11,1,'eur','test payment number 11','stripe_payment_intent_id number 11'),(12,1,'eur','test payment number 12','stripe_payment_intent_id number 12'),(13,1,'eur','test payment number 13','stripe_payment_intent_id number 13'),(14,1,'eur','test payment number 14','stripe_payment_intent_id number 14'),(15,1,'eur','test payment number 15','stripe_payment_intent_id number 15'),(16,1,'eur','test payment number 16','stripe_payment_intent_id number 16'),(17,1,'eur','test payment number 17','stripe_payment_intent_id number 17'),(18,1,'eur','test payment number 18','stripe_payment_intent_id number 18'),(19,1,'eur','test payment number 19','stripe_payment_intent_id number 19'),(20,1,'eur','test payment number 20','stripe_payment_intent_id number 20'),(21,1,'eur','test payment number 21','stripe_payment_intent_id number 21'),(22,1,'eur','test payment number 22','stripe_payment_intent_id number 22'),(23,1,'eur','test payment number 23','stripe_payment_intent_id number 23'),(24,1,'eur','test payment number 24','stripe_payment_intent_id number 24'),(25,1,'eur','test payment number 25','stripe_payment_intent_id number 25'),(26,1,'eur','test payment number 26','stripe_payment_intent_id number 26'),(27,1,'eur','test payment number 27','stripe_payment_intent_id number 27'),(28,1,'eur','test payment number 28','stripe_payment_intent_id number 28'),(29,1,'eur','test payment number 29','stripe_payment_intent_id number 29'),(30,1,'eur','test payment number 30','stripe_payment_intent_id number 30'),(31,1,'eur','test payment number 31','stripe_payment_intent_id number 31'),(32,1,'eur','test payment number 32','stripe_payment_intent_id number 32'),(33,1,'eur','test payment number 33','stripe_payment_intent_id number 33'),(34,1,'eur','test payment number 34','stripe_payment_intent_id number 34'),(35,1,'eur','test payment number 35','stripe_payment_intent_id number 35'),(36,1,'eur','test payment number 36','stripe_payment_intent_id number 36'),(37,1,'eur','test payment number 37','stripe_payment_intent_id number 37'),(38,1,'eur','test payment number 38','stripe_payment_intent_id number 38'),(39,1,'eur','test payment number 39','stripe_payment_intent_id number 39'),(40,1,'eur','test payment number 40','stripe_payment_intent_id number 40'),(41,1,'eur','test payment number 41','stripe_payment_intent_id number 41'),(42,1,'eur','test payment number 42','stripe_payment_intent_id number 42'),(43,1,'eur','test payment number 43','stripe_payment_intent_id number 43'),(44,1,'eur','test payment number 44','stripe_payment_intent_id number 44'),(45,1,'eur','test payment number 45','stripe_payment_intent_id number 45'),(46,1,'eur','test payment number 46','stripe_payment_intent_id number 46'),(47,1,'eur','test payment number 47','stripe_payment_intent_id number 47'),(48,1,'eur','test payment number 48','stripe_payment_intent_id number 48'),(49,1,'eur','test payment number 49','stripe_payment_intent_id number 49'),(50,1,'eur','test payment number 50','stripe_payment_intent_id number 50'),(51,1,'eur','test payment number 51','stripe_payment_intent_id number 51'),(52,1,'eur','test payment number 52','stripe_payment_intent_id number 52'),(53,1,'eur','test payment number 53','stripe_payment_intent_id number 53'),(54,1,'eur','test payment number 54','stripe_payment_intent_id number 54'),(55,1,'eur','test payment number 55','stripe_payment_intent_id number 55'),(56,1,'eur','test payment number 56','stripe_payment_intent_id number 56'),(57,1,'eur','test payment number 57','stripe_payment_intent_id number 57'),(58,1,'eur','test payment number 58','stripe_payment_intent_id number 58'),(59,1,'eur','test payment number 59','stripe_payment_intent_id number 59'),(60,1,'eur','test payment number 60','stripe_payment_intent_id number 60'),(61,1,'eur','test payment number 61','stripe_payment_intent_id number 61'),(62,1,'eur','test payment number 62','stripe_payment_intent_id number 62'),(63,1,'eur','test payment number 63','stripe_payment_intent_id number 63'),(64,1,'eur','test payment number 64','stripe_payment_intent_id number 64'),(65,1,'eur','test payment number 65','stripe_payment_intent_id number 65'),(66,1,'eur','test payment number 66','stripe_payment_intent_id number 66'),(67,1,'eur','test payment number 67','stripe_payment_intent_id number 67'),(68,1,'eur','test payment number 68','stripe_payment_intent_id number 68'),(69,1,'eur','test payment number 69','stripe_payment_intent_id number 69'),(70,1,'eur','test payment number 70','stripe_payment_intent_id number 70'),(71,1,'eur','test payment number 71','stripe_payment_intent_id number 71'),(72,1,'eur','test payment number 72','stripe_payment_intent_id number 72'),(73,1,'eur','test payment number 73','stripe_payment_intent_id number 73'),(74,1,'eur','test payment number 74','stripe_payment_intent_id number 74'),(75,1,'eur','test payment number 75','stripe_payment_intent_id number 75'),(76,1,'eur','test payment number 76','stripe_payment_intent_id number 76'),(77,1,'eur','test payment number 77','stripe_payment_intent_id number 77'),(78,1,'eur','test payment number 78','stripe_payment_intent_id number 78'),(79,1,'eur','test payment number 79','stripe_payment_intent_id number 79'),(80,1,'eur','test payment number 80','stripe_payment_intent_id number 80'),(81,1,'eur','test payment number 81','stripe_payment_intent_id number 81'),(82,1,'eur','test payment number 82','stripe_payment_intent_id number 82'),(83,1,'eur','test payment number 83','stripe_payment_intent_id number 83'),(84,1,'eur','test payment number 84','stripe_payment_intent_id number 84'),(85,1,'eur','test payment number 85','stripe_payment_intent_id number 85'),(86,1,'eur','test payment number 86','stripe_payment_intent_id number 86'),(87,1,'eur','test payment number 87','stripe_payment_intent_id number 87'),(88,1,'eur','test payment number 88','stripe_payment_intent_id number 88'),(89,1,'eur','test payment number 89','stripe_payment_intent_id number 89'),(90,1,'eur','test payment number 90','stripe_payment_intent_id number 90'),(91,1,'eur','test payment number 91','stripe_payment_intent_id number 91'),(92,1,'eur','test payment number 92','stripe_payment_intent_id number 92'),(93,1,'eur','test payment number 93','stripe_payment_intent_id number 93'),(94,1,'eur','test payment number 94','stripe_payment_intent_id number 94'),(95,1,'eur','test payment number 95','stripe_payment_intent_id number 95'),(96,1,'eur','test payment number 96','stripe_payment_intent_id number 96'),(97,1,'eur','test payment number 97','stripe_payment_intent_id number 97'),(98,1,'eur','test payment number 98','stripe_payment_intent_id number 98'),(99,1,'eur','test payment number 99','stripe_payment_intent_id number 99'),(100,1,'eur','test payment number 100','stripe_payment_intent_id number 100'),(101,1,'eur','test payment number 101','stripe_payment_intent_id number 101'),(102,1,'eur','test payment number 102','stripe_payment_intent_id number 102'),(103,1,'eur','test payment number 103','stripe_payment_intent_id number 103'),(104,1,'eur','test payment number 104','stripe_payment_intent_id number 104'),(105,1,'eur','test payment number 105','stripe_payment_intent_id number 105'),(106,1,'eur','test payment number 106','stripe_payment_intent_id number 106'),(107,1,'eur','test payment number 107','stripe_payment_intent_id number 107'),(108,1,'eur','test payment number 108','stripe_payment_intent_id number 108'),(109,1,'eur','test payment number 109','stripe_payment_intent_id number 109'),(110,1,'eur','test payment number 110','stripe_payment_intent_id number 110'),(111,1,'eur','test payment number 111','stripe_payment_intent_id number 111'),(112,1,'eur','test payment number 112','stripe_payment_intent_id number 112'),(113,1,'eur','test payment number 113','stripe_payment_intent_id number 113'),(114,1,'eur','test payment number 114','stripe_payment_intent_id number 114'),(115,1,'eur','test payment number 115','stripe_payment_intent_id number 115'),(116,1,'eur','test payment number 116','stripe_payment_intent_id number 116'),(117,1,'eur','test payment number 117','stripe_payment_intent_id number 117'),(118,1,'eur','test payment number 118','stripe_payment_intent_id number 118'),(119,1,'eur','test payment number 119','stripe_payment_intent_id number 119'),(120,1,'eur','test payment number 120','stripe_payment_intent_id number 120'),(121,1,'eur','test payment number 121','stripe_payment_intent_id number 121'),(122,1,'eur','test payment number 122','stripe_payment_intent_id number 122'),(123,1,'eur','test payment number 123','stripe_payment_intent_id number 123'),(124,1,'eur','test payment number 124','stripe_payment_intent_id number 124'),(125,1,'eur','test payment number 125','stripe_payment_intent_id number 125'),(126,1,'eur','test payment number 126','stripe_payment_intent_id number 126'),(127,1,'eur','test payment number 127','stripe_payment_intent_id number 127'),(128,1,'eur','test payment number 128','stripe_payment_intent_id number 128'),(129,1,'eur','test payment number 129','stripe_payment_intent_id number 129'),(130,1,'eur','test payment number 130','stripe_payment_intent_id number 130'),(131,1,'eur','test payment number 131','stripe_payment_intent_id number 131'),(132,1,'eur','test payment number 132','stripe_payment_intent_id number 132'),(133,1,'eur','test payment number 133','stripe_payment_intent_id number 133'),(134,1,'eur','test payment number 134','stripe_payment_intent_id number 134'),(135,1,'eur','test payment number 135','stripe_payment_intent_id number 135'),(136,1,'eur','test payment number 136','stripe_payment_intent_id number 136'),(137,1,'eur','test payment number 137','stripe_payment_intent_id number 137'),(138,1,'eur','test payment number 138','stripe_payment_intent_id number 138'),(139,1,'eur','test payment number 139','stripe_payment_intent_id number 139'),(140,1,'eur','test payment number 140','stripe_payment_intent_id number 140'),(141,1,'eur','test payment number 141','stripe_payment_intent_id number 141'),(142,1,'eur','test payment number 142','stripe_payment_intent_id number 142'),(143,1,'eur','test payment number 143','stripe_payment_intent_id number 143'),(144,1,'eur','test payment number 144','stripe_payment_intent_id number 144'),(145,1,'eur','test payment number 145','stripe_payment_intent_id number 145'),(146,1,'eur','test payment number 146','stripe_payment_intent_id number 146'),(147,1,'eur','test payment number 147','stripe_payment_intent_id number 147'),(148,1,'eur','test payment number 148','stripe_payment_intent_id number 148'),(149,1,'eur','test payment number 149','stripe_payment_intent_id number 149'),(150,1,'eur','test payment number 150','stripe_payment_intent_id number 150'),(151,1,'eur','test payment number 151','stripe_payment_intent_id number 151'),(152,1,'eur','test payment number 152','stripe_payment_intent_id number 152'),(153,1,'eur','test payment number 153','stripe_payment_intent_id number 153'),(154,1,'eur','test payment number 154','stripe_payment_intent_id number 154'),(155,1,'eur','test payment number 155','stripe_payment_intent_id number 155'),(156,1,'eur','test payment number 156','stripe_payment_intent_id number 156'),(157,1,'eur','test payment number 157','stripe_payment_intent_id number 157'),(158,1,'eur','test payment number 158','stripe_payment_intent_id number 158'),(159,1,'eur','test payment number 159','stripe_payment_intent_id number 159'),(160,1,'eur','test payment number 160','stripe_payment_intent_id number 160'),(161,1,'eur','test payment number 161','stripe_payment_intent_id number 161'),(162,1,'eur','test payment number 162','stripe_payment_intent_id number 162'),(163,1,'eur','test payment number 163','stripe_payment_intent_id number 163'),(164,1,'eur','test payment number 164','stripe_payment_intent_id number 164'),(165,1,'eur','test payment number 165','stripe_payment_intent_id number 165'),(166,1,'eur','test payment number 166','stripe_payment_intent_id number 166'),(167,1,'eur','test payment number 167','stripe_payment_intent_id number 167'),(168,1,'eur','test payment number 168','stripe_payment_intent_id number 168'),(169,1,'eur','test payment number 169','stripe_payment_intent_id number 169'),(170,1,'eur','test payment number 170','stripe_payment_intent_id number 170'),(171,1,'eur','test payment number 171','stripe_payment_intent_id number 171'),(172,1,'eur','test payment number 172','stripe_payment_intent_id number 172'),(173,1,'eur','test payment number 173','stripe_payment_intent_id number 173'),(174,1,'eur','test payment number 174','stripe_payment_intent_id number 174'),(175,1,'eur','test payment number 175','stripe_payment_intent_id number 175'),(176,1,'eur','test payment number 176','stripe_payment_intent_id number 176'),(177,1,'eur','test payment number 177','stripe_payment_intent_id number 177'),(178,1,'eur','test payment number 178','stripe_payment_intent_id number 178'),(179,1,'eur','test payment number 179','stripe_payment_intent_id number 179'),(180,1,'eur','test payment number 180','stripe_payment_intent_id number 180'),(181,1,'eur','test payment number 181','stripe_payment_intent_id number 181'),(182,1,'eur','test payment number 182','stripe_payment_intent_id number 182'),(183,1,'eur','test payment number 183','stripe_payment_intent_id number 183'),(184,1,'eur','test payment number 184','stripe_payment_intent_id number 184'),(185,1,'eur','test payment number 185','stripe_payment_intent_id number 185'),(186,1,'eur','test payment number 186','stripe_payment_intent_id number 186'),(187,1,'eur','test payment number 187','stripe_payment_intent_id number 187'),(188,1,'eur','test payment number 188','stripe_payment_intent_id number 188'),(189,1,'eur','test payment number 189','stripe_payment_intent_id number 189'),(190,1,'eur','test payment number 190','stripe_payment_intent_id number 190'),(191,1,'eur','test payment number 191','stripe_payment_intent_id number 191'),(192,1,'eur','test payment number 192','stripe_payment_intent_id number 192'),(193,1,'eur','test payment number 193','stripe_payment_intent_id number 193'),(194,1,'eur','test payment number 194','stripe_payment_intent_id number 194'),(195,1,'eur','test payment number 195','stripe_payment_intent_id number 195'),(196,1,'eur','test payment number 196','stripe_payment_intent_id number 196'),(197,1,'eur','test payment number 197','stripe_payment_intent_id number 197'),(198,1,'eur','test payment number 198','stripe_payment_intent_id number 198'),(199,1,'eur','test payment number 199','stripe_payment_intent_id number 199'),(200,1,'eur','test payment number 200','stripe_payment_intent_id number 200'),(201,1,'eur','test payment number 201','stripe_payment_intent_id number 201'),(202,1,'eur','test payment number 202','stripe_payment_intent_id number 202'),(203,1,'eur','test payment number 203','stripe_payment_intent_id number 203'),(204,1,'eur','test payment number 204','stripe_payment_intent_id number 204'),(205,1,'eur','test payment number 205','stripe_payment_intent_id number 205'),(206,1,'eur','test payment number 206','stripe_payment_intent_id number 206'),(207,1,'eur','test payment number 207','stripe_payment_intent_id number 207'),(208,1,'eur','test payment number 208','stripe_payment_intent_id number 208'),(209,1,'eur','test payment number 209','stripe_payment_intent_id number 209'),(210,1,'eur','test payment number 210','stripe_payment_intent_id number 210'),(211,1,'eur','test payment number 211','stripe_payment_intent_id number 211'),(212,1,'eur','test payment number 212','stripe_payment_intent_id number 212'),(213,1,'eur','test payment number 213','stripe_payment_intent_id number 213'),(214,1,'eur','test payment number 214','stripe_payment_intent_id number 214'),(215,1,'eur','test payment number 215','stripe_payment_intent_id number 215'),(216,1,'eur','test payment number 216','stripe_payment_intent_id number 216'),(217,1,'eur','test payment number 217','stripe_payment_intent_id number 217'),(218,1,'eur','test payment number 218','stripe_payment_intent_id number 218'),(219,1,'eur','test payment number 219','stripe_payment_intent_id number 219'),(220,1,'eur','test payment number 220','stripe_payment_intent_id number 220'),(221,1,'eur','test payment number 221','stripe_payment_intent_id number 221'),(222,1,'eur','test payment number 222','stripe_payment_intent_id number 222'),(223,1,'eur','test payment number 223','stripe_payment_intent_id number 223'),(224,1,'eur','test payment number 224','stripe_payment_intent_id number 224'),(225,1,'eur','test payment number 225','stripe_payment_intent_id number 225'),(226,1,'eur','test payment number 226','stripe_payment_intent_id number 226'),(227,1,'eur','test payment number 227','stripe_payment_intent_id number 227'),(228,1,'eur','test payment number 228','stripe_payment_intent_id number 228'),(229,1,'eur','test payment number 229','stripe_payment_intent_id number 229'),(230,1,'eur','test payment number 230','stripe_payment_intent_id number 230'),(231,1,'eur','test payment number 231','stripe_payment_intent_id number 231'),(232,1,'eur','test payment number 232','stripe_payment_intent_id number 232'),(233,1,'eur','test payment number 233','stripe_payment_intent_id number 233'),(234,1,'eur','test payment number 234','stripe_payment_intent_id number 234'),(235,1,'eur','test payment number 235','stripe_payment_intent_id number 235'),(236,1,'eur','test payment number 236','stripe_payment_intent_id number 236'),(237,1,'eur','test payment number 237','stripe_payment_intent_id number 237'),(238,1,'eur','test payment number 238','stripe_payment_intent_id number 238'),(239,1,'eur','test payment number 239','stripe_payment_intent_id number 239'),(240,1,'eur','test payment number 240','stripe_payment_intent_id number 240'),(241,1,'eur','test payment number 241','stripe_payment_intent_id number 241'),(242,1,'eur','test payment number 242','stripe_payment_intent_id number 242'),(243,1,'eur','test payment number 243','stripe_payment_intent_id number 243'),(244,1,'eur','test payment number 244','stripe_payment_intent_id number 244'),(245,1,'eur','test payment number 245','stripe_payment_intent_id number 245'),(246,1,'eur','test payment number 246','stripe_payment_intent_id number 246'),(247,1,'eur','test payment number 247','stripe_payment_intent_id number 247'),(248,1,'eur','test payment number 248','stripe_payment_intent_id number 248'),(249,1,'eur','test payment number 249','stripe_payment_intent_id number 249'),(250,1,'eur','test payment number 250','stripe_payment_intent_id number 250'),(251,1,'eur','test payment number 251','stripe_payment_intent_id number 251'),(252,1,'eur','test payment number 252','stripe_payment_intent_id number 252'),(253,1,'eur','test payment number 253','stripe_payment_intent_id number 253'),(254,1,'eur','test payment number 254','stripe_payment_intent_id number 254'),(255,1,'eur','test payment number 255','stripe_payment_intent_id number 255'),(256,1,'eur','test payment number 256','stripe_payment_intent_id number 256'),(257,1,'eur','test payment number 257','stripe_payment_intent_id number 257'),(258,1,'eur','test payment number 258','stripe_payment_intent_id number 258'),(259,1,'eur','test payment number 259','stripe_payment_intent_id number 259'),(260,1,'eur','test payment number 260','stripe_payment_intent_id number 260'),(261,1,'eur','test payment number 261','stripe_payment_intent_id number 261'),(262,1,'eur','test payment number 262','stripe_payment_intent_id number 262'),(263,1,'eur','test payment number 263','stripe_payment_intent_id number 263'),(264,1,'eur','test payment number 264','stripe_payment_intent_id number 264'),(265,1,'eur','test payment number 265','stripe_payment_intent_id number 265'),(266,1,'eur','test payment number 266','stripe_payment_intent_id number 266'),(267,1,'eur','test payment number 267','stripe_payment_intent_id number 267'),(268,1,'eur','test payment number 268','stripe_payment_intent_id number 268'),(269,1,'eur','test payment number 269','stripe_payment_intent_id number 269'),(270,1,'eur','test payment number 270','stripe_payment_intent_id number 270'),(271,1,'eur','test payment number 271','stripe_payment_intent_id number 271'),(272,1,'eur','test payment number 272','stripe_payment_intent_id number 272'),(273,1,'eur','test payment number 273','stripe_payment_intent_id number 273'),(274,1,'eur','test payment number 274','stripe_payment_intent_id number 274'),(275,1,'eur','test payment number 275','stripe_payment_intent_id number 275'),(276,1,'eur','test payment number 276','stripe_payment_intent_id number 276'),(277,1,'eur','test payment number 277','stripe_payment_intent_id number 277'),(278,1,'eur','test payment number 278','stripe_payment_intent_id number 278'),(279,1,'eur','test payment number 279','stripe_payment_intent_id number 279'),(280,1,'eur','test payment number 280','stripe_payment_intent_id number 280'),(281,1,'eur','test payment number 281','stripe_payment_intent_id number 281'),(282,1,'eur','test payment number 282','stripe_payment_intent_id number 282'),(283,1,'eur','test payment number 283','stripe_payment_intent_id number 283'),(284,1,'eur','test payment number 284','stripe_payment_intent_id number 284'),(285,1,'eur','test payment number 285','stripe_payment_intent_id number 285'),(286,1,'eur','test payment number 286','stripe_payment_intent_id number 286'),(287,1,'eur','test payment number 287','stripe_payment_intent_id number 287'),(288,1,'eur','test payment number 288','stripe_payment_intent_id number 288'),(289,1,'eur','test payment number 289','stripe_payment_intent_id number 289'),(290,1,'eur','test payment number 290','stripe_payment_intent_id number 290'),(291,1,'eur','test payment number 291','stripe_payment_intent_id number 291'),(292,1,'eur','test payment number 292','stripe_payment_intent_id number 292'),(293,1,'eur','test payment number 293','stripe_payment_intent_id number 293'),(294,1,'eur','test payment number 294','stripe_payment_intent_id number 294'),(295,1,'eur','test payment number 295','stripe_payment_intent_id number 295'),(296,1,'eur','test payment number 296','stripe_payment_intent_id number 296'),(297,1,'eur','test payment number 297','stripe_payment_intent_id number 297'),(298,1,'eur','test payment number 298','stripe_payment_intent_id number 298'),(299,1,'eur','test payment number 299','stripe_payment_intent_id number 299'),(300,1,'eur','test payment number 300','stripe_payment_intent_id number 300'),(301,1,'eur','test payment number 301','stripe_payment_intent_id number 301'),(302,1,'eur','test payment number 302','stripe_payment_intent_id number 302'),(303,1,'eur','test payment number 303','stripe_payment_intent_id number 303'),(304,1,'eur','test payment number 304','stripe_payment_intent_id number 304'),(305,1,'eur','test payment number 305','stripe_payment_intent_id number 305'),(306,1,'eur','test payment number 306','stripe_payment_intent_id number 306'),(307,1,'eur','test payment number 307','stripe_payment_intent_id number 307'),(308,1,'eur','test payment number 308','stripe_payment_intent_id number 308'),(309,1,'eur','test payment number 309','stripe_payment_intent_id number 309'),(310,1,'eur','test payment number 310','stripe_payment_intent_id number 310'),(311,1,'eur','test payment number 311','stripe_payment_intent_id number 311'),(312,1,'eur','test payment number 312','stripe_payment_intent_id number 312'),(313,1,'eur','test payment number 313','stripe_payment_intent_id number 313'),(314,1,'eur','test payment number 314','stripe_payment_intent_id number 314'),(315,1,'eur','test payment number 315','stripe_payment_intent_id number 315'),(316,1,'eur','test payment number 316','stripe_payment_intent_id number 316'),(317,1,'eur','test payment number 317','stripe_payment_intent_id number 317'),(318,1,'eur','test payment number 318','stripe_payment_intent_id number 318'),(319,1,'eur','test payment number 319','stripe_payment_intent_id number 319'),(320,1,'eur','test payment number 320','stripe_payment_intent_id number 320'),(321,1,'eur','test payment number 321','stripe_payment_intent_id number 321'),(322,1,'eur','test payment number 322','stripe_payment_intent_id number 322'),(323,1,'eur','test payment number 323','stripe_payment_intent_id number 323'),(324,1,'eur','test payment number 324','stripe_payment_intent_id number 324'),(325,1,'eur','test payment number 325','stripe_payment_intent_id number 325'),(326,1,'eur','test payment number 326','stripe_payment_intent_id number 326'),(327,1,'eur','test payment number 327','stripe_payment_intent_id number 327'),(328,1,'eur','test payment number 328','stripe_payment_intent_id number 328'),(329,1,'eur','test payment number 329','stripe_payment_intent_id number 329'),(330,1,'eur','test payment number 330','stripe_payment_intent_id number 330'),(331,1,'eur','test payment number 331','stripe_payment_intent_id number 331'),(332,1,'eur','test payment number 332','stripe_payment_intent_id number 332'),(333,1,'eur','test payment number 333','stripe_payment_intent_id number 333'),(334,1,'eur','test payment number 334','stripe_payment_intent_id number 334'),(335,1,'eur','test payment number 335','stripe_payment_intent_id number 335'),(336,1,'eur','test payment number 336','stripe_payment_intent_id number 336'),(337,1,'eur','test payment number 337','stripe_payment_intent_id number 337'),(338,1,'eur','test payment number 338','stripe_payment_intent_id number 338'),(339,1,'eur','test payment number 339','stripe_payment_intent_id number 339'),(340,1,'eur','test payment number 340','stripe_payment_intent_id number 340'),(341,1,'eur','test payment number 341','stripe_payment_intent_id number 341'),(342,1,'eur','test payment number 342','stripe_payment_intent_id number 342'),(343,1,'eur','test payment number 343','stripe_payment_intent_id number 343'),(344,1,'eur','test payment number 344','stripe_payment_intent_id number 344'),(345,1,'eur','test payment number 345','stripe_payment_intent_id number 345'),(346,1,'eur','test payment number 346','stripe_payment_intent_id number 346'),(347,1,'eur','test payment number 347','stripe_payment_intent_id number 347'),(348,1,'eur','test payment number 348','stripe_payment_intent_id number 348'),(349,1,'eur','test payment number 349','stripe_payment_intent_id number 349'),(350,1,'eur','test payment number 350','stripe_payment_intent_id number 350'),(351,1,'eur','test payment number 351','stripe_payment_intent_id number 351'),(352,1,'eur','test payment number 352','stripe_payment_intent_id number 352'),(353,1,'eur','test payment number 353','stripe_payment_intent_id number 353'),(354,1,'eur','test payment number 354','stripe_payment_intent_id number 354'),(355,1,'eur','test payment number 355','stripe_payment_intent_id number 355'),(356,1,'eur','test payment number 356','stripe_payment_intent_id number 356'),(357,1,'eur','test payment number 357','stripe_payment_intent_id number 357'),(358,1,'eur','test payment number 358','stripe_payment_intent_id number 358'),(359,1,'eur','test payment number 359','stripe_payment_intent_id number 359'),(360,1,'eur','test payment number 360','stripe_payment_intent_id number 360'),(361,1,'eur','test payment number 361','stripe_payment_intent_id number 361'),(362,1,'eur','test payment number 362','stripe_payment_intent_id number 362'),(363,1,'eur','test payment number 363','stripe_payment_intent_id number 363'),(364,1,'eur','test payment number 364','stripe_payment_intent_id number 364'),(365,1,'eur','test payment number 365','stripe_payment_intent_id number 365'),(366,1,'eur','test payment number 366','stripe_payment_intent_id number 366'),(367,1,'eur','test payment number 367','stripe_payment_intent_id number 367'),(368,1,'eur','test payment number 368','stripe_payment_intent_id number 368'),(369,1,'eur','test payment number 369','stripe_payment_intent_id number 369'),(370,1,'eur','test payment number 370','stripe_payment_intent_id number 370'),(371,1,'eur','test payment number 371','stripe_payment_intent_id number 371'),(372,1,'eur','test payment number 372','stripe_payment_intent_id number 372'),(373,1,'eur','test payment number 373','stripe_payment_intent_id number 373'),(374,1,'eur','test payment number 374','stripe_payment_intent_id number 374'),(375,1,'eur','test payment number 375','stripe_payment_intent_id number 375'),(376,1,'eur','test payment number 376','stripe_payment_intent_id number 376'),(377,1,'eur','test payment number 377','stripe_payment_intent_id number 377'),(378,1,'eur','test payment number 378','stripe_payment_intent_id number 378'),(379,1,'eur','test payment number 379','stripe_payment_intent_id number 379'),(380,1,'eur','test payment number 380','stripe_payment_intent_id number 380'),(381,1,'eur','test payment number 381','stripe_payment_intent_id number 381'),(382,1,'eur','test payment number 382','stripe_payment_intent_id number 382'),(383,1,'eur','test payment number 383','stripe_payment_intent_id number 383'),(384,1,'eur','test payment number 384','stripe_payment_intent_id number 384'),(385,1,'eur','test payment number 385','stripe_payment_intent_id number 385'),(386,1,'eur','test payment number 386','stripe_payment_intent_id number 386'),(387,1,'eur','test payment number 387','stripe_payment_intent_id number 387'),(388,1,'eur','test payment number 388','stripe_payment_intent_id number 388'),(389,1,'eur','test payment number 389','stripe_payment_intent_id number 389'),(390,1,'eur','test payment number 390','stripe_payment_intent_id number 390'),(391,1,'eur','test payment number 391','stripe_payment_intent_id number 391'),(392,1,'eur','test payment number 392','stripe_payment_intent_id number 392'),(393,1,'eur','test payment number 393','stripe_payment_intent_id number 393'),(394,1,'eur','test payment number 394','stripe_payment_intent_id number 394'),(395,1,'eur','test payment number 395','stripe_payment_intent_id number 395'),(396,1,'eur','test payment number 396','stripe_payment_intent_id number 396'),(397,1,'eur','test payment number 397','stripe_payment_intent_id number 397'),(398,1,'eur','test payment number 398','stripe_payment_intent_id number 398'),(399,1,'eur','test payment number 399','stripe_payment_intent_id number 399'),(400,1,'eur','test payment number 400','stripe_payment_intent_id number 400'),(401,1,'eur','test payment number 401','stripe_payment_intent_id number 401'),(402,1,'eur','test payment number 402','stripe_payment_intent_id number 402'),(403,1,'eur','test payment number 403','stripe_payment_intent_id number 403'),(404,1,'eur','test payment number 404','stripe_payment_intent_id number 404'),(405,1,'eur','test payment number 405','stripe_payment_intent_id number 405'),(406,1,'eur','test payment number 406','stripe_payment_intent_id number 406'),(407,1,'eur','test payment number 407','stripe_payment_intent_id number 407'),(408,1,'eur','test payment number 408','stripe_payment_intent_id number 408'),(409,1,'eur','test payment number 409','stripe_payment_intent_id number 409'),(410,1,'eur','test payment number 410','stripe_payment_intent_id number 410'),(411,1,'eur','test payment number 411','stripe_payment_intent_id number 411'),(412,1,'eur','test payment number 412','stripe_payment_intent_id number 412'),(413,1,'eur','test payment number 413','stripe_payment_intent_id number 413'),(414,1,'eur','test payment number 414','stripe_payment_intent_id number 414'),(415,1,'eur','test payment number 415','stripe_payment_intent_id number 415'),(416,1,'eur','test payment number 416','stripe_payment_intent_id number 416'),(417,1,'eur','test payment number 417','stripe_payment_intent_id number 417'),(418,1,'eur','test payment number 418','stripe_payment_intent_id number 418'),(419,1,'eur','test payment number 419','stripe_payment_intent_id number 419'),(420,1,'eur','test payment number 420','stripe_payment_intent_id number 420'),(421,1,'eur','test payment number 421','stripe_payment_intent_id number 421'),(422,1,'eur','test payment number 422','stripe_payment_intent_id number 422'),(423,1,'eur','test payment number 423','stripe_payment_intent_id number 423'),(424,1,'eur','test payment number 424','stripe_payment_intent_id number 424'),(425,1,'eur','test payment number 425','stripe_payment_intent_id number 425'),(426,1,'eur','test payment number 426','stripe_payment_intent_id number 426'),(427,1,'eur','test payment number 427','stripe_payment_intent_id number 427'),(428,1,'eur','test payment number 428','stripe_payment_intent_id number 428'),(429,1,'eur','test payment number 429','stripe_payment_intent_id number 429'),(430,1,'eur','test payment number 430','stripe_payment_intent_id number 430'),(431,1,'eur','test payment number 431','stripe_payment_intent_id number 431'),(432,1,'eur','test payment number 432','stripe_payment_intent_id number 432'),(433,1,'eur','test payment number 433','stripe_payment_intent_id number 433'),(434,1,'eur','test payment number 434','stripe_payment_intent_id number 434'),(435,1,'eur','test payment number 435','stripe_payment_intent_id number 435'),(436,1,'eur','test payment number 436','stripe_payment_intent_id number 436'),(437,1,'eur','test payment number 437','stripe_payment_intent_id number 437'),(438,1,'eur','test payment number 438','stripe_payment_intent_id number 438'),(439,1,'eur','test payment number 439','stripe_payment_intent_id number 439'),(440,1,'eur','test payment number 440','stripe_payment_intent_id number 440'),(441,1,'eur','test payment number 441','stripe_payment_intent_id number 441'),(442,1,'eur','test payment number 442','stripe_payment_intent_id number 442'),(443,1,'eur','test payment number 443','stripe_payment_intent_id number 443'),(444,1,'eur','test payment number 444','stripe_payment_intent_id number 444'),(445,1,'eur','test payment number 445','stripe_payment_intent_id number 445'),(446,1,'eur','test payment number 446','stripe_payment_intent_id number 446'),(447,1,'eur','test payment number 447','stripe_payment_intent_id number 447'),(448,1,'eur','test payment number 448','stripe_payment_intent_id number 448'),(449,1,'eur','test payment number 449','stripe_payment_intent_id number 449'),(450,1,'eur','test payment number 450','stripe_payment_intent_id number 450'),(451,1,'eur','test payment number 451','stripe_payment_intent_id number 451'),(452,1,'eur','test payment number 452','stripe_payment_intent_id number 452'),(453,1,'eur','test payment number 453','stripe_payment_intent_id number 453'),(454,1,'eur','test payment number 454','stripe_payment_intent_id number 454'),(455,1,'eur','test payment number 455','stripe_payment_intent_id number 455'),(456,1,'eur','test payment number 456','stripe_payment_intent_id number 456'),(457,1,'eur','test payment number 457','stripe_payment_intent_id number 457'),(458,1,'eur','test payment number 458','stripe_payment_intent_id number 458'),(459,1,'eur','test payment number 459','stripe_payment_intent_id number 459'),(460,1,'eur','test payment number 460','stripe_payment_intent_id number 460'),(461,1,'eur','test payment number 461','stripe_payment_intent_id number 461'),(462,1,'eur','test payment number 462','stripe_payment_intent_id number 462'),(463,1,'eur','test payment number 463','stripe_payment_intent_id number 463'),(464,1,'eur','test payment number 464','stripe_payment_intent_id number 464'),(465,1,'eur','test payment number 465','stripe_payment_intent_id number 465'),(466,1,'eur','test payment number 466','stripe_payment_intent_id number 466'),(467,1,'eur','test payment number 467','stripe_payment_intent_id number 467'),(468,1,'eur','test payment number 468','stripe_payment_intent_id number 468'),(469,1,'eur','test payment number 469','stripe_payment_intent_id number 469'),(470,1,'eur','test payment number 470','stripe_payment_intent_id number 470'),(471,1,'eur','test payment number 471','stripe_payment_intent_id number 471'),(472,1,'eur','test payment number 472','stripe_payment_intent_id number 472'),(473,1,'eur','test payment number 473','stripe_payment_intent_id number 473'),(474,1,'eur','test payment number 474','stripe_payment_intent_id number 474'),(475,1,'eur','test payment number 475','stripe_payment_intent_id number 475'),(476,1,'eur','test payment number 476','stripe_payment_intent_id number 476'),(477,1,'eur','test payment number 477','stripe_payment_intent_id number 477'),(478,1,'eur','test payment number 478','stripe_payment_intent_id number 478'),(479,1,'eur','test payment number 479','stripe_payment_intent_id number 479'),(480,1,'eur','test payment number 480','stripe_payment_intent_id number 480'),(481,1,'eur','test payment number 481','stripe_payment_intent_id number 481'),(482,1,'eur','test payment number 482','stripe_payment_intent_id number 482'),(483,1,'eur','test payment number 483','stripe_payment_intent_id number 483'),(484,1,'eur','test payment number 484','stripe_payment_intent_id number 484'),(485,1,'eur','test payment number 485','stripe_payment_intent_id number 485'),(486,1,'eur','test payment number 486','stripe_payment_intent_id number 486'),(487,1,'eur','test payment number 487','stripe_payment_intent_id number 487'),(488,1,'eur','test payment number 488','stripe_payment_intent_id number 488'),(489,1,'eur','test payment number 489','stripe_payment_intent_id number 489'),(490,1,'eur','test payment number 490','stripe_payment_intent_id number 490'),(491,1,'eur','test payment number 491','stripe_payment_intent_id number 491'),(492,1,'eur','test payment number 492','stripe_payment_intent_id number 492'),(493,1,'eur','test payment number 493','stripe_payment_intent_id number 493'),(494,1,'eur','test payment number 494','stripe_payment_intent_id number 494'),(495,1,'eur','test payment number 495','stripe_payment_intent_id number 495'),(496,1,'eur','test payment number 496','stripe_payment_intent_id number 496'),(497,1,'eur','test payment number 497','stripe_payment_intent_id number 497'),(498,1,'eur','test payment number 498','stripe_payment_intent_id number 498'),(499,1,'eur','test payment number 499','stripe_payment_intent_id number 499'),(500,1,'eur','test payment number 500','stripe_payment_intent_id number 500');

INSERT INTO pedido (id,date,status,payment_id,shipping_info_id,user_id) VALUES (1,'14-07-2019','SHIPPING',1,1,26),(2,'09-10-2019','COMPLETED',2,2,4),(3,'25-12-2019','COMPLETED',3,3,59),(4,'22-09-2019','SHIPPING',4,4,13),(5,'14-09-2019','COMPLETED',5,5,5),(6,'27-02-2020','COMPLETED',6,6,21),(7,'24-06-2019','PROCESSING',7,7,19),(8,'07-10-2019','SHIPPING',8,8,22),(9,'03-09-2019','COMPLETED',9,9,39),(10,'14-05-2020','SHIPPING',10,10,53),(11,'29-06-2019','SHIPPING',11,11,64),(12,'02-01-2020','SHIPPING',12,12,59),(13,'19-10-2019','COMPLETED',13,13,44),(14,'25-01-2020','COMPLETED',14,14,62),(15,'27-10-2019','COMPLETED',15,15,23),(16,'12-10-2019','COMPLETED',16,16,51),(17,'30-03-2020','COMPLETED',17,17,10),(18,'21-05-2020','COMPLETED',18,18,10),(19,'11-09-2019','SHIPPING',19,19,16),(20,'27-02-2020','COMPLETED',20,20,17),(21,'14-06-2019','COMPLETED',21,21,25),(22,'06-06-2020','COMPLETED',22,22,26),(23,'12-11-2019','COMPLETED',23,23,33),(24,'31-01-2020','COMPLETED',24,24,28),(25,'28-07-2019','SHIPPING',25,25,18),(26,'11-08-2019','SHIPPING',26,26,47),(27,'07-08-2019','COMPLETED',27,27,28),(28,'07-10-2019','COMPLETED',28,28,13),(29,'15-09-2019','COMPLETED',29,29,33),(30,'01-12-2019','COMPLETED',30,30,22),(31,'23-04-2020','SHIPPING',31,31,3),(32,'15-11-2019','COMPLETED',32,32,27),(33,'29-04-2020','COMPLETED',33,33,45),(34,'17-12-2019','COMPLETED',34,34,8),(35,'01-08-2019','COMPLETED',35,35,52),(36,'03-07-2019','COMPLETED',36,36,50),(37,'11-08-2019','SHIPPING',37,37,64),(38,'21-04-2020','COMPLETED',38,38,46),(39,'21-05-2020','COMPLETED',39,39,19),(40,'04-05-2020','SHIPPING',40,40,9),(41,'10-10-2019','SHIPPING',41,41,51),(42,'22-01-2020','SHIPPING',42,42,10),(43,'25-02-2020','COMPLETED',43,43,2),(44,'31-01-2020','COMPLETED',44,44,15),(45,'01-03-2020','COMPLETED',45,45,2),(46,'17-04-2020','COMPLETED',46,46,63),(47,'09-05-2020','COMPLETED',47,47,26),(48,'27-03-2020','COMPLETED',48,48,31),(49,'10-09-2019','COMPLETED',49,49,47),(50,'17-01-2020','COMPLETED',50,50,43),(51,'14-12-2019','COMPLETED',51,51,15),(52,'07-07-2019','COMPLETED',52,52,53),(53,'06-06-2020','COMPLETED',53,53,26),(54,'12-03-2020','SHIPPING',54,54,43),(55,'26-02-2020','COMPLETED',55,55,44),(56,'30-08-2019','SHIPPING',56,56,13),(57,'13-02-2020','COMPLETED',57,57,50),(58,'04-06-2020','SHIPPING',58,58,64),(59,'20-09-2019','COMPLETED',59,59,31),(60,'04-03-2020','COMPLETED',60,60,50),(61,'05-07-2019','COMPLETED',61,61,6),(62,'05-07-2019','COMPLETED',62,62,14),(63,'26-03-2020','COMPLETED',63,63,8),(64,'25-03-2020','SHIPPING',64,64,21),(65,'29-10-2019','COMPLETED',65,65,63),(66,'23-07-2019','COMPLETED',66,66,60),(67,'23-08-2019','COMPLETED',67,67,58),(68,'04-04-2020','SHIPPING',68,68,5),(69,'23-11-2019','COMPLETED',69,69,15),(70,'12-07-2019','SHIPPING',70,70,20),(71,'16-01-2020','COMPLETED',71,71,51),(72,'06-06-2020','SHIPPING',72,72,11),(73,'24-12-2019','SHIPPING',73,73,48),(74,'15-05-2020','SHIPPING',74,74,13),(75,'13-10-2019','COMPLETED',75,75,38),(76,'02-07-2019','COMPLETED',76,76,51),(77,'17-01-2020','SHIPPING',77,77,25),(78,'01-03-2020','COMPLETED',78,78,55),(79,'28-11-2019','SHIPPING',79,79,30),(80,'21-05-2020','COMPLETED',80,80,45),(81,'01-08-2019','COMPLETED',81,81,36),(82,'11-07-2019','COMPLETED',82,82,19),(83,'24-06-2019','SHIPPING',83,83,62),(84,'17-08-2019','COMPLETED',84,84,45),(85,'20-01-2020','COMPLETED',85,85,28),(86,'09-07-2019','COMPLETED',86,86,61),(87,'14-02-2020','COMPLETED',87,87,39),(88,'08-05-2020','COMPLETED',88,88,23),(89,'06-10-2019','COMPLETED',89,89,60),(90,'08-12-2019','COMPLETED',90,90,28),(91,'21-12-2019','COMPLETED',91,91,25),(92,'30-08-2019','COMPLETED',92,92,7),(93,'16-02-2020','SHIPPING',93,93,30),(94,'15-04-2020','COMPLETED',94,94,41),(95,'23-08-2019','SHIPPING',95,95,56),(96,'06-09-2019','SHIPPING',96,96,30),(97,'16-09-2019','COMPLETED',97,97,22),(98,'08-08-2019','COMPLETED',98,98,11),(99,'07-05-2020','SHIPPING',99,99,19),(100,'18-08-2019','COMPLETED',100,100,11),(101,'10-12-2019','COMPLETED',101,101,34),(102,'02-06-2020','COMPLETED',102,102,9),(103,'02-10-2019','COMPLETED',103,103,32),(104,'11-11-2019','SHIPPING',104,104,4),(105,'05-10-2019','COMPLETED',105,105,27),(106,'11-09-2019','COMPLETED',106,106,52),(107,'16-11-2019','COMPLETED',107,107,61),(108,'28-09-2019','COMPLETED',108,108,5),(109,'17-01-2020','COMPLETED',109,109,44),(110,'26-08-2019','COMPLETED',110,110,37),(111,'05-05-2020','SHIPPING',111,111,11),(112,'03-01-2020','SHIPPING',112,112,7),(113,'27-01-2020','PROCESSING',113,113,48),(114,'04-09-2019','COMPLETED',114,114,55),(115,'17-03-2020','COMPLETED',115,115,9),(116,'23-09-2019','COMPLETED',116,116,20),(117,'25-05-2020','SHIPPING',117,117,41),(118,'22-02-2020','COMPLETED',118,118,41),(119,'22-04-2020','PROCESSING',119,119,58),(120,'10-11-2019','COMPLETED',120,120,18),(121,'13-02-2020','SHIPPING',121,121,35),(122,'24-05-2020','COMPLETED',122,122,30),(123,'16-02-2020','COMPLETED',123,123,35),(124,'22-05-2020','COMPLETED',124,124,3),(125,'06-10-2019','COMPLETED',125,125,39),(126,'01-09-2019','COMPLETED',126,126,8),(127,'25-09-2019','COMPLETED',127,127,12),(128,'15-09-2019','COMPLETED',128,128,44),(129,'25-08-2019','COMPLETED',129,129,54),(130,'22-08-2019','COMPLETED',130,130,3),(131,'29-01-2020','COMPLETED',131,131,57),(132,'04-01-2020','COMPLETED',132,132,25),(133,'21-02-2020','SHIPPING',133,133,56),(134,'16-06-2019','COMPLETED',134,134,51),(135,'25-12-2019','COMPLETED',135,135,30),(136,'09-07-2019','PROCESSING',136,136,3),(137,'08-04-2020','COMPLETED',137,137,23),(138,'13-12-2019','COMPLETED',138,138,56),(139,'05-01-2020','COMPLETED',139,139,27),(140,'27-06-2019','COMPLETED',140,140,44),(141,'29-07-2019','COMPLETED',141,141,53),(142,'16-04-2020','COMPLETED',142,142,59),(143,'04-01-2020','COMPLETED',143,143,9),(144,'12-01-2020','COMPLETED',144,144,48),(145,'18-07-2019','COMPLETED',145,145,59),(146,'06-09-2019','COMPLETED',146,146,24),(147,'05-01-2020','COMPLETED',147,147,2),(148,'10-06-2019','SHIPPING',148,148,8),(149,'22-06-2019','SHIPPING',149,149,56),(150,'15-08-2019','COMPLETED',150,150,36),(151,'22-08-2019','COMPLETED',151,151,46),(152,'17-11-2019','SHIPPING',152,152,42),(153,'06-11-2019','SHIPPING',153,153,60),(154,'22-04-2020','COMPLETED',154,154,26),(155,'05-03-2020','COMPLETED',155,155,20),(156,'17-04-2020','COMPLETED',156,156,49),(157,'30-07-2019','COMPLETED',157,157,59),(158,'31-10-2019','COMPLETED',158,158,28),(159,'01-03-2020','COMPLETED',159,159,43),(160,'21-09-2019','COMPLETED',160,160,12),(161,'29-01-2020','SHIPPING',161,161,4),(162,'05-09-2019','SHIPPING',162,162,34),(163,'14-05-2020','COMPLETED',163,163,52),(164,'18-08-2019','COMPLETED',164,164,25),(165,'09-12-2019','COMPLETED',165,165,31),(166,'23-10-2019','SHIPPING',166,166,3),(167,'22-01-2020','COMPLETED',167,167,45),(168,'09-11-2019','COMPLETED',168,168,4),(169,'30-04-2020','COMPLETED',169,169,27),(170,'19-05-2020','PROCESSING',170,170,27),(171,'28-11-2019','COMPLETED',171,171,49),(172,'18-12-2019','COMPLETED',172,172,26),(173,'20-10-2019','COMPLETED',173,173,36),(174,'03-01-2020','COMPLETED',174,174,18),(175,'18-06-2019','COMPLETED',175,175,7),(176,'03-12-2019','COMPLETED',176,176,29),(177,'29-12-2019','PROCESSING',177,177,18),(178,'23-12-2019','SHIPPING',178,178,40),(179,'01-10-2019','COMPLETED',179,179,53),(180,'02-04-2020','COMPLETED',180,180,4),(181,'05-11-2019','COMPLETED',181,181,50),(182,'06-04-2020','PROCESSING',182,182,13),(183,'07-01-2020','COMPLETED',183,183,46),(184,'18-10-2019','COMPLETED',184,184,56),(185,'27-12-2019','COMPLETED',185,185,33),(186,'07-07-2019','COMPLETED',186,186,54),(187,'21-04-2020','SHIPPING',187,187,31),(188,'18-07-2019','COMPLETED',188,188,45),(189,'29-03-2020','COMPLETED',189,189,35),(190,'01-11-2019','COMPLETED',190,190,23),(191,'07-01-2020','COMPLETED',191,191,62),(192,'12-05-2020','COMPLETED',192,192,22),(193,'26-01-2020','COMPLETED',193,193,37),(194,'21-05-2020','COMPLETED',194,194,16),(195,'29-08-2019','SHIPPING',195,195,44),(196,'10-01-2020','SHIPPING',196,196,22),(197,'15-02-2020','COMPLETED',197,197,8),(198,'17-01-2020','COMPLETED',198,198,14),(199,'07-07-2019','COMPLETED',199,199,35),(200,'06-06-2020','COMPLETED',200,200,51),(201,'08-12-2019','COMPLETED',201,201,18),(202,'29-12-2019','COMPLETED',202,202,57),(203,'18-10-2019','COMPLETED',203,203,47),(204,'16-10-2019','SHIPPING',204,204,5),(205,'07-07-2019','COMPLETED',205,205,60),(206,'01-09-2019','COMPLETED',206,206,63),(207,'16-04-2020','COMPLETED',207,207,9),(208,'26-06-2019','COMPLETED',208,208,45),(209,'04-01-2020','COMPLETED',209,209,13),(210,'10-12-2019','COMPLETED',210,210,9),(211,'08-08-2019','COMPLETED',211,211,52),(212,'13-08-2019','COMPLETED',212,212,33),(213,'12-04-2020','COMPLETED',213,213,30),(214,'10-11-2019','COMPLETED',214,214,33),(215,'20-10-2019','COMPLETED',215,215,42),(216,'03-02-2020','SHIPPING',216,216,4),(217,'30-07-2019','COMPLETED',217,217,50),(218,'01-07-2019','COMPLETED',218,218,5),(219,'28-01-2020','COMPLETED',219,219,53),(220,'06-05-2020','COMPLETED',220,220,9),(221,'01-10-2019','COMPLETED',221,221,44),(222,'26-11-2019','COMPLETED',222,222,33),(223,'04-12-2019','COMPLETED',223,223,36),(224,'30-07-2019','COMPLETED',224,224,52),(225,'23-07-2019','COMPLETED',225,225,23),(226,'29-07-2019','COMPLETED',226,226,12),(227,'23-08-2019','COMPLETED',227,227,54),(228,'15-05-2020','COMPLETED',228,228,29),(229,'13-04-2020','COMPLETED',229,229,11),(230,'12-02-2020','COMPLETED',230,230,56),(231,'27-09-2019','COMPLETED',231,231,11),(232,'14-09-2019','SHIPPING',232,232,9),(233,'23-08-2019','COMPLETED',233,233,19),(234,'24-10-2019','COMPLETED',234,234,23),(235,'26-06-2019','COMPLETED',235,235,22),(236,'02-06-2020','SHIPPING',236,236,7),(237,'23-09-2019','PROCESSING',237,237,56),(238,'11-10-2019','COMPLETED',238,238,36),(239,'30-08-2019','SHIPPING',239,239,27),(240,'25-03-2020','COMPLETED',240,240,37),(241,'29-02-2020','COMPLETED',241,241,13),(242,'02-10-2019','COMPLETED',242,242,5),(243,'11-01-2020','COMPLETED',243,243,24),(244,'02-05-2020','COMPLETED',244,244,49),(245,'05-10-2019','COMPLETED',245,245,29),(246,'22-10-2019','SHIPPING',246,246,14),(247,'13-08-2019','COMPLETED',247,247,58),(248,'14-09-2019','COMPLETED',248,248,6),(249,'04-02-2020','COMPLETED',249,249,15),(250,'16-04-2020','COMPLETED',250,250,7),(251,'01-01-2020','COMPLETED',251,251,43),(252,'20-05-2020','COMPLETED',252,252,24),(253,'24-12-2019','COMPLETED',253,253,13),(254,'26-05-2020','COMPLETED',254,254,24),(255,'28-08-2019','SHIPPING',255,255,21),(256,'15-10-2019','SHIPPING',256,256,27),(257,'09-05-2020','COMPLETED',257,257,35),(258,'15-07-2019','SHIPPING',258,258,2),(259,'27-09-2019','COMPLETED',259,259,33),(260,'16-07-2019','COMPLETED',260,260,52),(261,'19-04-2020','COMPLETED',261,261,56),(262,'15-01-2020','COMPLETED',262,262,14),(263,'02-07-2019','COMPLETED',263,263,49),(264,'26-01-2020','COMPLETED',264,264,34),(265,'03-02-2020','COMPLETED',265,265,33),(266,'05-12-2019','COMPLETED',266,266,64),(267,'09-03-2020','COMPLETED',267,267,6),(268,'28-12-2019','COMPLETED',268,268,51),(269,'20-08-2019','COMPLETED',269,269,46),(270,'21-05-2020','COMPLETED',270,270,44),(271,'29-07-2019','COMPLETED',271,271,22),(272,'26-03-2020','COMPLETED',272,272,17),(273,'21-07-2019','COMPLETED',273,273,39),(274,'05-11-2019','COMPLETED',274,274,12),(275,'25-04-2020','COMPLETED',275,275,47),(276,'04-08-2019','PROCESSING',276,276,15),(277,'24-02-2020','COMPLETED',277,277,56),(278,'04-12-2019','COMPLETED',278,278,43),(279,'15-12-2019','COMPLETED',279,279,10),(280,'30-11-2019','COMPLETED',280,280,36),(281,'26-04-2020','COMPLETED',281,281,40),(282,'19-03-2020','SHIPPING',282,282,6),(283,'17-08-2019','PROCESSING',283,283,48),(284,'21-10-2019','COMPLETED',284,284,8),(285,'01-07-2019','SHIPPING',285,285,38),(286,'08-01-2020','COMPLETED',286,286,25),(287,'25-12-2019','COMPLETED',287,287,3),(288,'15-01-2020','PROCESSING',288,288,5),(289,'12-03-2020','SHIPPING',289,289,12),(290,'25-03-2020','SHIPPING',290,290,24),(291,'16-08-2019','SHIPPING',291,291,3),(292,'10-09-2019','COMPLETED',292,292,40),(293,'10-09-2019','PROCESSING',293,293,30),(294,'30-01-2020','COMPLETED',294,294,12),(295,'11-12-2019','COMPLETED',295,295,10),(296,'25-04-2020','COMPLETED',296,296,7),(297,'17-08-2019','COMPLETED',297,297,34),(298,'07-07-2019','SHIPPING',298,298,34),(299,'24-10-2019','SHIPPING',299,299,51),(300,'17-05-2020','COMPLETED',300,300,36),(301,'04-06-2020','COMPLETED',301,301,53),(302,'23-03-2020','COMPLETED',302,302,46),(303,'02-12-2019','COMPLETED',303,303,31),(304,'19-11-2019','COMPLETED',304,304,47),(305,'22-08-2019','PROCESSING',305,305,24),(306,'16-12-2019','SHIPPING',306,306,18),(307,'03-03-2020','SHIPPING',307,307,40),(308,'12-04-2020','COMPLETED',308,308,38),(309,'07-07-2019','COMPLETED',309,309,57),(310,'22-03-2020','COMPLETED',310,310,27),(311,'02-08-2019','COMPLETED',311,311,8),(312,'30-08-2019','SHIPPING',312,312,19),(313,'11-08-2019','COMPLETED',313,313,23),(314,'20-07-2019','COMPLETED',314,314,8),(315,'08-04-2020','COMPLETED',315,315,40),(316,'10-11-2019','COMPLETED',316,316,15),(317,'03-02-2020','COMPLETED',317,317,51),(318,'27-03-2020','COMPLETED',318,318,12),(319,'12-02-2020','COMPLETED',319,319,27),(320,'03-02-2020','COMPLETED',320,320,11),(321,'04-08-2019','SHIPPING',321,321,39),(322,'11-01-2020','COMPLETED',322,322,62),(323,'25-03-2020','PROCESSING',323,323,8),(324,'12-05-2020','COMPLETED',324,324,23),(325,'05-03-2020','COMPLETED',325,325,41),(326,'23-05-2020','COMPLETED',326,326,48),(327,'11-06-2019','COMPLETED',327,327,34),(328,'08-03-2020','COMPLETED',328,328,26),(329,'28-01-2020','COMPLETED',329,329,49),(330,'11-09-2019','PROCESSING',330,330,8),(331,'16-02-2020','SHIPPING',331,331,12),(332,'23-12-2019','COMPLETED',332,332,4),(333,'05-04-2020','COMPLETED',333,333,63),(334,'07-02-2020','SHIPPING',334,334,47),(335,'20-01-2020','COMPLETED',335,335,33),(336,'19-06-2019','SHIPPING',336,336,59),(337,'18-11-2019','SHIPPING',337,337,45),(338,'19-10-2019','COMPLETED',338,338,43),(339,'12-01-2020','SHIPPING',339,339,53),(340,'13-12-2019','COMPLETED',340,340,7),(341,'20-12-2019','COMPLETED',341,341,9),(342,'15-10-2019','SHIPPING',342,342,45),(343,'19-03-2020','PROCESSING',343,343,62),(344,'19-06-2019','COMPLETED',344,344,19),(345,'08-07-2019','COMPLETED',345,345,47),(346,'14-10-2019','COMPLETED',346,346,13),(347,'11-02-2020','COMPLETED',347,347,51),(348,'08-06-2020','PROCESSING',348,348,31),(349,'21-03-2020','SHIPPING',349,349,19),(350,'07-06-2020','COMPLETED',350,350,49),(351,'02-06-2020','COMPLETED',351,351,57),(352,'06-06-2020','SHIPPING',352,352,50),(353,'20-07-2019','SHIPPING',353,353,61),(354,'03-07-2019','COMPLETED',354,354,21),(355,'20-07-2019','COMPLETED',355,355,59),(356,'07-07-2019','COMPLETED',356,356,14),(357,'24-09-2019','COMPLETED',357,357,23),(358,'22-05-2020','COMPLETED',358,358,48),(359,'21-04-2020','COMPLETED',359,359,32),(360,'01-01-2020','SHIPPING',360,360,48),(361,'04-09-2019','COMPLETED',361,361,36),(362,'25-11-2019','PROCESSING',362,362,37),(363,'03-10-2019','COMPLETED',363,363,62),(364,'27-11-2019','SHIPPING',364,364,61),(365,'16-07-2019','COMPLETED',365,365,47),(366,'04-05-2020','COMPLETED',366,366,37),(367,'10-04-2020','COMPLETED',367,367,6),(368,'27-03-2020','COMPLETED',368,368,4),(369,'06-07-2019','COMPLETED',369,369,7),(370,'13-07-2019','COMPLETED',370,370,41),(371,'30-08-2019','COMPLETED',371,371,45),(372,'16-07-2019','COMPLETED',372,372,63),(373,'06-10-2019','COMPLETED',373,373,15),(374,'20-12-2019','COMPLETED',374,374,56),(375,'09-10-2019','COMPLETED',375,375,23),(376,'08-01-2020','COMPLETED',376,376,10),(377,'04-09-2019','COMPLETED',377,377,32),(378,'24-05-2020','SHIPPING',378,378,28),(379,'14-10-2019','COMPLETED',379,379,45),(380,'27-08-2019','COMPLETED',380,380,18),(381,'11-03-2020','COMPLETED',381,381,38),(382,'30-07-2019','COMPLETED',382,382,17),(383,'02-11-2019','COMPLETED',383,383,51),(384,'02-11-2019','COMPLETED',384,384,45),(385,'10-09-2019','COMPLETED',385,385,11),(386,'03-04-2020','COMPLETED',386,386,20),(387,'31-08-2019','COMPLETED',387,387,37),(388,'03-07-2019','COMPLETED',388,388,51),(389,'03-10-2019','COMPLETED',389,389,49),(390,'20-03-2020','COMPLETED',390,390,8),(391,'08-08-2019','COMPLETED',391,391,31),(392,'15-11-2019','SHIPPING',392,392,3),(393,'17-09-2019','COMPLETED',393,393,5),(394,'15-08-2019','PROCESSING',394,394,8),(395,'30-04-2020','COMPLETED',395,395,48),(396,'03-12-2019','SHIPPING',396,396,34),(397,'12-03-2020','SHIPPING',397,397,35),(398,'30-07-2019','COMPLETED',398,398,3),(399,'15-10-2019','COMPLETED',399,399,44),(400,'21-07-2019','COMPLETED',400,400,34),(401,'21-01-2020','COMPLETED',401,401,28),(402,'01-11-2019','COMPLETED',402,402,12),(403,'25-03-2020','SHIPPING',403,403,40),(404,'14-01-2020','COMPLETED',404,404,27),(405,'17-12-2019','COMPLETED',405,405,42),(406,'05-02-2020','COMPLETED',406,406,7),(407,'01-04-2020','COMPLETED',407,407,52),(408,'15-04-2020','COMPLETED',408,408,58),(409,'20-01-2020','COMPLETED',409,409,5),(410,'13-10-2019','COMPLETED',410,410,19),(411,'19-09-2019','COMPLETED',411,411,45),(412,'08-04-2020','COMPLETED',412,412,12),(413,'14-06-2019','COMPLETED',413,413,43),(414,'20-01-2020','COMPLETED',414,414,4),(415,'16-01-2020','COMPLETED',415,415,43),(416,'15-08-2019','COMPLETED',416,416,51),(417,'02-02-2020','COMPLETED',417,417,63),(418,'06-11-2019','COMPLETED',418,418,36),(419,'01-01-2020','COMPLETED',419,419,47),(420,'29-08-2019','COMPLETED',420,420,9),(421,'31-10-2019','COMPLETED',421,421,39),(422,'02-06-2020','SHIPPING',422,422,22),(423,'20-01-2020','PROCESSING',423,423,60),(424,'22-12-2019','COMPLETED',424,424,35),(425,'30-05-2020','COMPLETED',425,425,42),(426,'27-08-2019','SHIPPING',426,426,16),(427,'29-11-2019','SHIPPING',427,427,44),(428,'23-02-2020','PROCESSING',428,428,53),(429,'29-09-2019','COMPLETED',429,429,48),(430,'25-01-2020','PROCESSING',430,430,7),(431,'10-11-2019','COMPLETED',431,431,33),(432,'09-05-2020','COMPLETED',432,432,17),(433,'24-04-2020','COMPLETED',433,433,16),(434,'24-09-2019','COMPLETED',434,434,24),(435,'29-12-2019','COMPLETED',435,435,5),(436,'29-03-2020','COMPLETED',436,436,50),(437,'14-06-2019','COMPLETED',437,437,49),(438,'02-05-2020','COMPLETED',438,438,34),(439,'26-03-2020','COMPLETED',439,439,49),(440,'29-07-2019','PROCESSING',440,440,42),(441,'10-07-2019','COMPLETED',441,441,11),(442,'22-05-2020','COMPLETED',442,442,20),(443,'23-09-2019','COMPLETED',443,443,47),(444,'24-04-2020','SHIPPING',444,444,46),(445,'25-01-2020','COMPLETED',445,445,47),(446,'05-09-2019','COMPLETED',446,446,22),(447,'22-01-2020','SHIPPING',447,447,25),(448,'19-04-2020','COMPLETED',448,448,38),(449,'05-07-2019','COMPLETED',449,449,14),(450,'27-03-2020','SHIPPING',450,450,10),(451,'07-10-2019','COMPLETED',451,451,18),(452,'27-03-2020','COMPLETED',452,452,46),(453,'05-09-2019','SHIPPING',453,453,49),(454,'21-08-2019','SHIPPING',454,454,22),(455,'08-02-2020','COMPLETED',455,455,29),(456,'19-03-2020','COMPLETED',456,456,8),(457,'23-01-2020','PROCESSING',457,457,61),(458,'18-10-2019','COMPLETED',458,458,45),(459,'06-12-2019','COMPLETED',459,459,12),(460,'21-10-2019','SHIPPING',460,460,51),(461,'19-05-2020','SHIPPING',461,461,22),(462,'22-01-2020','SHIPPING',462,462,16),(463,'16-02-2020','COMPLETED',463,463,62),(464,'22-03-2020','COMPLETED',464,464,8),(465,'27-03-2020','SHIPPING',465,465,27),(466,'28-08-2019','COMPLETED',466,466,16),(467,'21-02-2020','SHIPPING',467,467,33),(468,'05-08-2019','SHIPPING',468,468,5),(469,'14-08-2019','COMPLETED',469,469,32),(470,'13-04-2020','COMPLETED',470,470,30),(471,'02-03-2020','SHIPPING',471,471,16),(472,'15-08-2019','COMPLETED',472,472,18),(473,'29-08-2019','SHIPPING',473,473,53),(474,'01-08-2019','COMPLETED',474,474,23),(475,'28-02-2020','COMPLETED',475,475,44),(476,'06-02-2020','COMPLETED',476,476,24),(477,'14-01-2020','COMPLETED',477,477,6),(478,'04-03-2020','COMPLETED',478,478,60),(479,'30-09-2019','SHIPPING',479,479,37),(480,'21-08-2019','COMPLETED',480,480,36),(481,'05-10-2019','COMPLETED',481,481,16),(482,'29-06-2019','COMPLETED',482,482,54),(483,'07-10-2019','COMPLETED',483,483,20),(484,'13-11-2019','COMPLETED',484,484,57),(485,'04-05-2020','COMPLETED',485,485,52),(486,'26-11-2019','COMPLETED',486,486,34),(487,'08-07-2019','COMPLETED',487,487,28),(488,'28-02-2020','COMPLETED',488,488,7),(489,'06-03-2020','COMPLETED',489,489,6),(490,'28-12-2019','COMPLETED',490,490,47),(491,'24-06-2019','COMPLETED',491,491,45),(492,'21-06-2019','COMPLETED',492,492,26),(493,'30-10-2019','COMPLETED',493,493,38),(494,'29-08-2019','COMPLETED',494,494,51),(495,'07-03-2020','SHIPPING',495,495,59),(496,'18-02-2020','COMPLETED',496,496,34),(497,'26-09-2019','COMPLETED',497,497,18),(498,'22-12-2019','COMPLETED',498,498,9),(499,'05-07-2019','COMPLETED',499,499,33),(500,'21-04-2020','SHIPPING',500,500,18);

INSERT INTO item (id,quantity,book_id) VALUES (201,1,240),(202,4,736),(203,4,521),(204,4,484),(205,3,712),(206,2,38),(207,4,425),(208,4,260),(209,2,170),(210,3,252),(211,4,869),(212,3,105),(213,2,724),(214,3,591),(215,3,3),(216,2,101),(217,2,64),(218,2,102),(219,1,997),(220,2,640),(221,3,249),(222,3,61),(223,4,50),(224,3,259),(225,1,427),(226,3,136),(227,3,235),(228,2,378),(229,1,617),(230,2,759),(231,2,654),(232,3,725),(233,1,420),(234,2,506),(235,2,493),(236,2,954),(237,3,980),(238,2,492),(239,3,788),(240,2,317),(241,3,652),(242,3,832),(243,3,702),(244,2,481),(245,1,669),(246,2,223),(247,4,497),(248,2,834),(249,2,537),(250,1,878),(251,4,60),(252,3,219),(253,1,936),(254,3,183),(255,1,735),(256,1,496),(257,4,662),(258,3,292),(259,1,829),(260,3,166),(261,1,73),(262,3,699),(263,4,377),(264,4,990),(265,3,238),(266,4,563),(267,4,848),(268,3,436),(269,2,481),(270,1,410),(271,4,712),(272,3,176),(273,3,307),(274,2,736),(275,4,654),(276,2,865),(277,1,101),(278,3,826),(279,4,644),(280,2,806),(281,3,411),(282,1,157),(283,2,474),(284,2,753),(285,3,381),(286,1,45),(287,2,771),(288,1,605),(289,2,487),(290,2,558),(291,1,90),(292,2,628),(293,1,380),(294,4,73),(295,4,286),(296,3,251),(297,3,123),(298,2,117),(299,1,983),(300,3,711),(301,2,627),(302,3,372),(303,4,326),(304,2,312),(305,3,473),(306,1,458),(307,3,629),(308,1,435),(309,2,55),(310,1,490),(311,3,334),(312,2,223),(313,3,655),(314,2,658),(315,2,639),(316,3,508),(317,3,699),(318,4,239),(319,3,200),(320,2,187),(321,4,592),(322,2,346),(323,3,884),(324,2,159),(325,3,415),(326,3,800),(327,2,645),(328,2,621),(329,3,802),(330,3,472),(331,4,526),(332,2,503),(333,3,198),(334,4,519),(335,4,866),(336,3,309),(337,2,509),(338,2,562),(339,3,237),(340,2,847),(341,1,709),(342,1,41),(343,3,602),(344,2,978),(345,2,110),(346,2,323),(347,2,254),(348,1,978),(349,3,520),(350,2,18),(351,4,767),(352,4,754),(353,4,71),(354,3,225),(355,3,2),(356,2,758),(357,3,864),(358,2,340),(359,3,935),(360,4,198),(361,3,953),(362,2,949),(363,2,403),(364,3,68),(365,3,67),(366,2,918),(367,3,765),(368,4,812),(369,2,845),(370,1,805),(371,3,171),(372,3,544),(373,3,997),(374,1,117),(375,3,220),(376,3,261),(377,2,60),(378,4,54),(379,4,615),(380,4,838),(381,1,446),(382,2,382),(383,2,203),(384,3,931),(385,4,321),(386,3,464),(387,4,28),(388,3,58),(389,4,915),(390,2,40),(391,3,378),(392,2,281),(393,1,949),(394,3,266),(395,3,493),(396,2,822),(397,3,170),(398,4,622),(399,3,967),(400,2,635),(401,1,75),(402,2,524),(403,2,393),(404,3,108),(405,4,231),(406,4,681),(407,3,745),(408,3,70),(409,3,105),(410,2,739),(411,3,107),(412,2,849),(413,1,768),(414,4,991),(415,4,568),(416,3,817),(417,2,769),(418,2,400),(419,3,415),(420,3,838),(421,2,898),(422,3,518),(423,2,801),(424,4,881),(425,1,28),(426,2,703),(427,2,891),(428,3,135),(429,4,192),(430,3,549),(431,3,107),(432,2,290),(433,2,595),(434,2,736),(435,3,762),(436,3,415),(437,3,117),(438,2,411),(439,2,803),(440,2,472),(441,3,305),(442,1,997),(443,2,974),(444,1,357),(445,4,797),(446,2,734),(447,3,548),(448,3,541),(449,3,318),(450,4,424),(451,4,655),(452,2,62),(453,4,54),(454,4,681),(455,4,496),(456,1,860),(457,2,669),(458,1,663),(459,1,318),(460,3,951),(461,2,541),(462,4,504),(463,1,860),(464,3,870),(465,2,916),(466,4,36),(467,1,138),(468,2,535),(469,4,973),(470,3,291),(471,2,408),(472,2,932),(473,4,738),(474,3,908),(475,4,860),(476,2,766),(477,4,498),(478,3,239),(479,4,684),(480,3,112),(481,2,262),(482,2,936),(483,3,520),(484,3,434),(485,2,622),(486,1,573),(487,1,538),(488,2,106),(489,2,548),(490,4,207),(491,2,428),(492,2,400),(493,1,538),(494,3,567),(495,2,187),(496,1,710),(497,2,948),(498,2,891),(499,3,259),(500,4,507),(501,1,288),(502,2,692),(503,3,182),(504,2,331),(505,4,490),(506,2,793),(507,4,467),(508,2,549),(509,1,128),(510,2,425),(511,1,88),(512,4,989),(513,3,909),(514,1,170),(515,2,130),(516,3,890),(517,4,541),(518,4,87),(519,3,519),(520,2,45),(521,3,637),(522,3,285),(523,1,943),(524,2,242),(525,1,418),(526,2,935),(527,2,288),(528,2,807),(529,3,44),(530,3,835),(531,3,533),(532,2,940),(533,4,446),(534,2,304),(535,3,937),(536,3,53),(537,2,858),(538,2,793),(539,4,72),(540,3,533),(541,4,968),(542,3,616),(543,3,537),(544,4,924),(545,2,284),(546,4,193),(547,4,703),(548,2,621),(549,2,21),(550,3,45),(551,3,306),(552,2,902),(553,2,945),(554,2,304),(555,1,953),(556,4,144),(557,2,70),(558,3,295),(559,4,749),(560,2,863),(561,2,87),(562,2,654),(563,2,1000),(564,1,14),(565,4,198),(566,3,116),(567,1,364),(568,4,256),(569,2,244),(570,4,715),(571,4,692),(572,4,19),(573,2,240),(574,4,315),(575,3,576),(576,3,508),(577,2,290),(578,3,590),(579,1,779),(580,2,683),(581,2,555),(582,2,417),(583,3,367),(584,2,300),(585,1,708),(586,3,597),(587,4,860),(588,3,130),(589,2,325),(590,3,986),(591,3,855),(592,2,607),(593,2,872),(594,3,834),(595,2,436),(596,4,635),(597,1,347),(598,3,346),(599,3,782),(600,4,370),(601,3,498),(602,3,265),(603,2,151),(604,3,706),(605,3,370),(606,4,811),(607,3,73),(608,4,775),(609,3,146),(610,3,755),(611,1,218),(612,4,68),(613,4,230),(614,1,490),(615,2,292),(616,3,222),(617,2,252),(618,3,258),(619,2,625),(620,3,673),(621,2,882),(622,2,919),(623,2,141),(624,3,159),(625,3,490),(626,1,983),(627,2,478),(628,1,70),(629,2,800),(630,2,496),(631,3,876),(632,3,60),(633,1,113),(634,1,298),(635,4,632),(636,1,620),(637,2,834),(638,2,900),(639,2,440),(640,3,132),(641,2,779),(642,3,517),(643,3,635),(644,1,432),(645,1,527),(646,3,148),(647,3,438),(648,2,264),(649,3,438),(650,2,116),(651,2,669),(652,3,74),(653,4,176),(654,1,993),(655,3,216),(656,3,994),(657,3,117),(658,3,775),(659,4,423),(660,4,547),(661,4,797),(662,2,514),(663,4,626),(664,2,389),(665,3,540),(666,2,608),(667,4,561),(668,4,571),(669,1,959),(670,3,331),(671,3,983),(672,3,375),(673,1,206),(674,2,393),(675,1,872),(676,4,229),(677,3,898),(678,4,835),(679,1,514),(680,2,652),(681,2,395),(682,3,467),(683,2,42),(684,2,88),(685,2,777),(686,4,324),(687,2,676),(688,3,436),(689,3,7),(690,2,45),(691,1,416),(692,3,142),(693,3,868),(694,2,781),(695,2,108),(696,2,711),(697,4,515),(698,4,161),(699,2,233),(700,2,163),(701,3,6),(702,2,662),(703,2,370),(704,3,556),(705,2,661),(706,4,664),(707,1,347),(708,2,21),(709,2,803),(710,1,42),(711,4,854),(712,3,117),(713,4,737),(714,3,235),(715,2,509),(716,3,801),(717,2,842),(718,1,674),(719,3,220),(720,2,693),(721,1,36),(722,3,384),(723,3,700),(724,3,121),(725,3,4),(726,2,897),(727,4,902),(728,2,416),(729,2,644),(730,3,164),(731,2,595),(732,4,288),(733,2,726),(734,2,713),(735,1,880),(736,4,984),(737,4,940),(738,3,740),(739,3,128),(740,3,437),(741,1,492),(742,4,569),(743,3,957),(744,3,465),(745,2,458),(746,1,721),(747,2,97),(748,2,628),(749,3,116),(750,2,49),(751,2,892),(752,2,487),(753,2,612),(754,3,673),(755,1,683),(756,2,23),(757,1,175),(758,4,117),(759,2,66),(760,3,284),(761,2,276),(762,1,5),(763,1,834),(764,2,992),(765,1,602),(766,3,71),(767,3,919),(768,4,541),(769,3,530),(770,4,783),(771,4,783),(772,4,821),(773,3,523),(774,3,239),(775,1,190),(776,2,651),(777,4,310),(778,3,661),(779,3,237),(780,1,812),(781,2,862),(782,3,484),(783,2,382),(784,3,322),(785,3,673),(786,4,491),(787,2,574),(788,3,742),(789,3,957),(790,2,535),(791,3,962),(792,3,592),(793,1,317),(794,2,49),(795,2,461),(796,3,130),(797,3,120),(798,3,179),(799,3,330),(800,4,812),(801,3,23),(802,4,723),(803,3,230),(804,3,800),(805,3,433),(806,1,412),(807,2,62),(808,2,792),(809,3,139),(810,2,403),(811,3,975),(812,4,694),(813,3,208),(814,3,296),(815,2,164),(816,3,305),(817,2,27),(818,3,302),(819,4,377),(820,4,175),(821,3,918),(822,4,676),(823,3,645),(824,3,389),(825,3,137),(826,3,72),(827,3,141),(828,4,448),(829,1,514),(830,3,439),(831,1,466),(832,1,319),(833,2,323),(834,2,375),(835,1,556),(836,2,841),(837,4,888),(838,3,59),(839,2,88),(840,2,68),(841,3,385),(842,4,783),(843,2,738),(844,2,784),(845,1,258),(846,4,281),(847,2,652),(848,4,184),(849,1,733),(850,3,720),(851,2,340),(852,3,258),(853,3,649),(854,3,67),(855,1,162),(856,3,523),(857,3,172),(858,3,740),(859,4,942),(860,3,510),(861,3,870),(862,3,799),(863,3,498),(864,2,222),(865,2,412),(866,1,29),(867,4,505),(868,4,986),(869,3,229),(870,2,179),(871,2,241),(872,2,369),(873,3,137),(874,4,252),(875,1,462),(876,2,485),(877,3,18),(878,3,576),(879,2,477),(880,4,691),(881,3,667),(882,2,172),(883,1,945),(884,3,877),(885,3,655),(886,1,710),(887,3,725),(888,3,116),(889,1,427),(890,4,634),(891,2,52),(892,4,177),(893,2,39),(894,4,378),(895,1,441),(896,1,647),(897,3,727),(898,3,569),(899,2,157),(900,2,732),(901,2,279),(902,3,285),(903,3,385),(904,2,628),(905,4,612),(906,1,536),(907,2,233),(908,4,797),(909,2,939),(910,1,193),(911,2,233),(912,2,173),(913,1,615),(914,4,806),(915,3,305),(916,3,191),(917,2,93),(918,4,743),(919,3,133),(920,2,582),(921,3,141),(922,2,303),(923,4,491),(924,4,855),(925,2,315),(926,3,512),(927,3,983),(928,3,854),(929,2,634),(930,3,816),(931,3,678),(932,2,680),(933,2,561),(934,3,218),(935,3,732),(936,4,269),(937,3,58),(938,3,473),(939,2,419),(940,2,907),(941,2,866),(942,4,304),(943,3,358),(944,1,517),(945,2,599),(946,3,220),(947,4,538),(948,3,797),(949,2,474),(950,2,350),(951,2,86),(952,1,840),(953,1,620),(954,4,428),(955,2,834),(956,2,425),(957,3,820),(958,2,529),(959,3,935),(960,1,140),(961,2,868),(962,3,149),(963,2,229),(964,3,203),(965,2,470),(966,2,821),(967,3,344),(968,2,80),(969,3,425),(970,2,482),(971,4,35),(972,4,390),(973,3,179),(974,3,319),(975,2,827),(976,4,240),(977,3,580),(978,4,121),(979,3,258),(980,1,114),(981,4,354),(982,4,224),(983,3,17),(984,2,211),(985,3,137),(986,1,686),(987,1,292),(988,3,273),(989,2,802),(990,2,510),(991,3,415),(992,1,251),(993,3,254),(994,3,796),(995,4,928),(996,3,595),(997,3,611),(998,1,584),(999,2,190),(1000,2,808),(1001,4,428),(1002,4,305),(1003,1,792),(1004,3,12),(1005,1,522),(1006,3,160),(1007,3,619),(1008,3,567),(1009,1,775),(1010,1,782),(1011,3,870),(1012,3,667),(1013,3,756),(1014,3,594),(1015,3,858),(1016,3,827),(1017,2,247),(1018,3,579),(1019,2,374),(1020,3,151),(1021,2,310),(1022,2,532),(1023,4,898),(1024,2,562),(1025,1,554),(1026,1,177),(1027,3,313),(1028,4,429),(1029,2,290),(1030,4,81),(1031,3,266),(1032,3,678),(1033,1,178),(1034,1,491),(1035,3,386),(1036,2,194),(1037,3,553),(1038,2,928),(1039,1,307),(1040,4,918),(1041,3,605),(1042,4,576),(1043,3,565),(1044,1,863),(1045,2,381),(1046,2,565),(1047,1,649),(1048,4,528),(1049,1,163),(1050,4,736),(1051,2,610),(1052,4,871),(1053,2,641),(1054,3,214),(1055,1,928),(1056,1,835),(1057,2,518),(1058,2,298),(1059,4,81),(1060,1,594),(1061,2,316),(1062,2,752),(1063,3,265),(1064,1,922),(1065,4,361),(1066,3,683),(1067,2,370),(1068,2,124),(1069,4,177),(1070,3,556),(1071,2,998),(1072,1,265),(1073,3,823),(1074,3,924),(1075,3,198),(1076,2,328),(1077,3,327),(1078,3,423),(1079,3,654),(1080,4,668),(1081,1,37),(1082,1,739),(1083,2,147),(1084,2,130),(1085,1,43),(1086,4,916),(1087,1,429),(1088,4,224),(1089,2,776),(1090,2,202),(1091,2,292),(1092,3,264),(1093,3,942),(1094,3,483),(1095,1,425),(1096,2,964),(1097,3,152),(1098,3,147),(1099,3,793),(1100,3,353),(1101,1,724),(1102,1,944),(1103,3,438),(1104,1,20),(1105,2,570),(1106,1,705),(1107,4,990),(1108,3,21),(1109,2,155),(1110,4,744),(1111,1,898),(1112,3,423),(1113,4,580),(1114,3,24),(1115,3,613),(1116,1,210),(1117,1,480),(1118,2,354),(1119,4,539),(1120,4,866),(1121,2,924),(1122,3,565),(1123,2,271),(1124,3,713),(1125,3,351),(1126,2,507),(1127,2,752),(1128,1,1000),(1129,2,230),(1130,1,615),(1131,2,786),(1132,4,368),(1133,1,748),(1134,3,904),(1135,3,26),(1136,1,563),(1137,2,521),(1138,4,31),(1139,1,373),(1140,2,644),(1141,4,688),(1142,3,478),(1143,2,800),(1144,3,693),(1145,4,475),(1146,2,952),(1147,3,314),(1148,1,475),(1149,2,751),(1150,2,733),(1151,4,724),(1152,2,517),(1153,3,771),(1154,2,748),(1155,1,92),(1156,1,155),(1157,2,27),(1158,2,36),(1159,3,645),(1160,1,784),(1161,3,12),(1162,4,61),(1163,1,987),(1164,2,437),(1165,3,897),(1166,4,685),(1167,3,889),(1168,3,415),(1169,2,905),(1170,3,558),(1171,4,666),(1172,2,320),(1173,3,716),(1174,2,311),(1175,1,621),(1176,4,263),(1177,2,723),(1178,2,82),(1179,3,374),(1180,2,563),(1181,3,666),(1182,1,645),(1183,2,136),(1184,4,499);

INSERT INTO pedido_items (order_id,items_id) VALUES (1,201),(1,202),(2,203),(2,204),(3,205),(3,206),(3,207),(4,208),(4,209),(5,210),(5,211),(6,212),(6,213),(7,214),(7,215),(8,216),(9,217),(9,218),(10,219),(11,220),(11,221),(12,222),(12,223),(13,224),(13,225),(14,226),(14,227),(14,228),(15,229),(16,230),(16,231),(17,232),(18,233),(18,234),(19,235),(19,236),(19,237),(20,238),(20,239),(20,240),(21,241),(21,242),(21,243),(22,244),(22,245),(22,246),(23,247),(24,248),(25,249),(25,250),(26,251),(26,252),(27,253),(27,254),(28,255),(28,256),(28,257),(29,258),(29,259),(30,260),(30,261),(31,262),(31,263),(32,264),(32,265),(33,266),(33,267),(34,268),(34,269),(35,270),(35,271),(36,272),(37,273),(38,274),(38,275),(39,276),(39,277),(39,278),(40,279),(41,280),(41,281),(42,282),(42,283),(43,284),(43,285),(44,286),(44,287),(45,288),(45,289),(46,290),(46,291),(46,292),(47,293),(47,294),(48,295),(48,296),(49,297),(49,298),(50,299),(50,300),(50,301),(51,302),(51,303),(51,304),(52,305),(53,306),(53,307),(53,308),(54,309),(54,310),(55,311),(55,312),(56,313),(56,314),(57,315),(57,316),(57,317),(58,318),(59,319),(59,320),(60,321),(61,322),(61,323),(62,324),(62,325),(63,326),(64,327),(64,328),(65,329),(66,330),(66,331),(67,332),(67,333),(67,334),(68,335),(68,336),(69,337),(69,338),(70,339),(71,340),(72,341),(72,342),(73,343),(73,344),(74,345),(74,346),(75,347),(75,348),(76,349),(76,350),(77,351),(77,352),(77,353),(78,354),(78,355),(79,356),(80,357),(80,358),(81,359),(81,360),(82,361),(83,362),(83,363),(83,364),(84,365),(85,366),(85,367),(86,368),(86,369),(87,370),(87,371),(87,372),(88,373),(88,374),(89,375),(90,376),(90,377),(91,378),(91,379),(92,380),(92,381),(93,382),(93,383),(94,384),(94,385),(94,386),(95,387),(95,388),(95,389),(96,390),(96,391),(97,392),(97,393),(98,394),(98,395),(99,396),(100,397),(101,398),(101,399),(102,400),(102,401),(103,402),(103,403),(104,404),(104,405),(105,406),(105,407),(105,408),(106,409),(107,410),(107,411),(108,412),(108,413),(108,414),(109,415),(109,416),(109,417),(110,418),(110,419),(111,420),(111,421),(112,422),(112,423),(112,424),(113,425),(113,426),(114,427),(114,428),(115,429),(115,430),(115,431),(116,432),(116,433),(117,434),(118,435),(118,436),(118,437),(119,438),(119,439),(119,440),(120,441),(120,442),(121,443),(122,444),(123,445),(124,446),(124,447),(125,448),(126,449),(126,450),(127,451),(128,452),(129,453),(129,454),(129,455),(130,456),(131,457),(132,458),(133,459),(133,460),(134,461),(134,462),(135,463),(135,464),(136,465),(136,466),(137,467),(137,468),(138,469),(138,470),(139,471),(139,472),(140,473),(140,474),(141,475),(141,476),(141,477),(142,478),(142,479),(142,480),(143,481),(143,482),(144,483),(144,484),(145,485),(145,486),(145,487),(146,488),(147,489),(148,490),(148,491),(149,492),(149,493),(150,494),(151,495),(151,496),(152,497),(152,498),(153,499),(153,500),(154,501),(154,502),(155,503),(155,504),(156,505),(157,506),(157,507),(158,508),(159,509),(159,510),(160,511),(160,512),(160,513),(161,514),(161,515),(161,516),(162,517),(162,518),(163,519),(163,520),(164,521),(165,522),(165,523),(166,524),(167,525),(167,526),(168,527),(169,528),(169,529),(169,530),(170,531),(170,532),(170,533),(171,534),(171,535),(172,536),(173,537),(173,538),(174,539),(174,540),(174,541),(175,542),(175,543),(175,544),(176,545),(176,546),(177,547),(177,548),(177,549),(178,550),(179,551),(179,552),(179,553),(180,554),(180,555),(181,556),(181,557),(181,558),(182,559),(183,560),(183,561),(183,562),(184,563),(184,564),(185,565),(185,566),(186,567),(186,568),(187,569),(188,570),(188,571),(189,572),(189,573),(190,574),(190,575),(191,576),(191,577),(191,578),(192,579),(193,580),(193,581),(193,582),(194,583),(194,584),(194,585),(195,586),(196,587),(196,588),(197,589),(197,590),(197,591),(198,592),(198,593),(198,594),(199,595),(199,596),(199,597),(200,598),(200,599),(201,600),(201,601),(201,602),(202,603),(203,604),(203,605),(204,606),(205,607),(205,608),(206,609),(207,610),(208,611),(208,612),(208,613),(209,614),(210,615),(210,616),(211,617),(211,618),(212,619),(213,620),(213,621),(213,622),(214,623),(215,624),(215,625),(216,626),(217,627),(217,628),(218,629),(219,630),(219,631),(220,632),(220,633),(221,634),(221,635),(222,636),(222,637),(223,638),(224,639),(225,640),(225,641),(226,642),(226,643),(227,644),(228,645),(229,646),(229,647),(229,648),(230,649),(230,650),(231,651),(232,652),(232,653),(233,654),(233,655),(233,656),(234,657),(235,658),(236,659),(236,660),(237,661),(237,662),(238,663),(238,664),(239,665),(239,666),(240,667),(240,668),(240,669),(241,670),(241,671),(242,672),(242,673),(242,674),(243,675),(243,676),(244,677),(244,678),(245,679),(245,680),(246,681),(246,682),(247,683),(247,684),(248,685),(248,686),(249,687),(249,688),(250,689),(250,690),(251,691),(251,692),(252,693),(252,694),(252,695),(253,696),(254,697),(254,698),(255,699),(255,700),(256,701),(256,702),(257,703),(257,704),(258,705),(258,706),(258,707),(259,708),(259,709),(260,710),(260,711),(261,712),(261,713),(262,714),(262,715),(263,716),(263,717),(264,718),(264,719),(265,720),(265,721),(266,722),(266,723),(267,724),(267,725),(267,726),(268,727),(268,728),(269,729),(269,730),(270,731),(270,732),(270,733),(271,734),(271,735),(271,736),(272,737),(272,738),(273,739),(274,740),(274,741),(275,742),(275,743),(275,744),(276,745),(276,746),(277,747),(277,748),(278,749),(278,750),(279,751),(280,752),(280,753),(281,754),(281,755),(282,756),(282,757),(283,758),(284,759),(284,760),(285,761),(286,762),(286,763),(287,764),(287,765),(288,766),(288,767),(289,768),(289,769),(290,770),(290,771),(291,772),(291,773),(292,774),(292,775),(292,776),(293,777),(294,778),(295,779),(295,780),(295,781),(296,782),(296,783),(297,784),(297,785),(298,786),(298,787),(299,788),(299,789),(299,790),(300,791),(300,792),(301,793),(301,794),(302,795),(303,796),(303,797),(303,798),(304,799),(304,800),(305,801),(305,802),(306,803),(307,804),(308,805),(309,806),(310,807),(310,808),(311,809),(311,810),(312,811),(312,812),(312,813),(313,814),(314,815),(315,816),(316,817),(317,818),(317,819),(317,820),(318,821),(318,822),(319,823),(320,824),(320,825),(321,826),(321,827),(321,828),(322,829),(323,830),(323,831),(324,832),(324,833),(324,834),(325,835),(325,836),(325,837),(326,838),(326,839),(327,840),(327,841),(328,842),(328,843),(328,844),(329,845),(329,846),(330,847),(330,848),(330,849),(331,850),(332,851),(332,852),(333,853),(333,854),(334,855),(334,856),(335,857),(335,858),(335,859),(336,860),(336,861),(337,862),(337,863),(338,864),(338,865),(339,866),(339,867),(339,868),(340,869),(341,870),(342,871),(342,872),(343,873),(343,874),(344,875),(344,876),(344,877),(345,878),(345,879),(346,880),(346,881),(347,882),(347,883),(348,884),(348,885),(349,886),(349,887),(350,888),(350,889),(351,890),(351,891),(352,892),(352,893),(353,894),(353,895),(354,896),(354,897),(355,898),(355,899),(356,900),(357,901),(358,902),(358,903),(359,904),(360,905),(360,906),(360,907),(361,908),(361,909),(362,910),(362,911),(362,912),(363,913),(363,914),(363,915),(364,916),(364,917),(365,918),(365,919),(366,920),(366,921),(367,922),(368,923),(368,924),(368,925),(369,926),(370,927),(370,928),(370,929),(371,930),(371,931),(372,932),(373,933),(373,934),(374,935),(374,936),(375,937),(375,938),(376,939),(376,940),(377,941),(377,942),(378,943),(378,944),(378,945),(379,946),(379,947),(379,948),(380,949),(380,950),(380,951),(381,952),(382,953),(382,954),(383,955),(383,956),(384,957),(384,958),(385,959),(386,960),(386,961),(387,962),(387,963),(388,964),(388,965),(389,966),(389,967),(390,968),(391,969),(391,970),(392,971),(392,972),(393,973),(394,974),(394,975),(395,976),(395,977),(395,978),(396,979),(396,980),(397,981),(397,982),(398,983),(398,984),(399,985),(399,986),(400,987),(400,988),(401,989),(401,990),(401,991),(402,992),(402,993),(403,994),(404,995),(404,996),(405,997),(405,998),(406,999),(406,1000),(406,1001),(407,1002),(407,1003),(407,1004),(408,1005),(408,1006),(409,1007),(409,1008),(410,1009),(410,1010),(411,1011),(412,1012),(412,1013),(412,1014),(413,1015),(413,1016),(414,1017),(414,1018),(415,1019),(415,1020),(415,1021),(416,1022),(417,1023),(418,1024),(419,1025),(419,1026),(419,1027),(420,1028),(420,1029),(421,1030),(421,1031),(422,1032),(423,1033),(424,1034),(424,1035),(425,1036),(425,1037),(426,1038),(426,1039),(427,1040),(427,1041),(428,1042),(428,1043),(429,1044),(429,1045),(430,1046),(430,1047),(430,1048),(431,1049),(431,1050),(432,1051),(432,1052),(433,1053),(433,1054),(434,1055),(434,1056),(435,1057),(435,1058),(436,1059),(436,1060),(436,1061),(437,1062),(438,1063),(438,1064),(439,1065),(439,1066),(440,1067),(440,1068),(441,1069),(441,1070),(441,1071),(442,1072),(442,1073),(443,1074),(443,1075),(444,1076),(445,1077),(446,1078),(446,1079),(447,1080),(448,1081),(448,1082),(449,1083),(449,1084),(450,1085),(450,1086),(451,1087),(451,1088),(452,1089),(453,1090),(453,1091),(454,1092),(455,1093),(455,1094),(456,1095),(456,1096),(456,1097),(457,1098),(457,1099),(457,1100),(458,1101),(459,1102),(460,1103),(461,1104),(461,1105),(461,1106),(462,1107),(462,1108),(462,1109),(463,1110),(463,1111),(463,1112),(464,1113),(464,1114),(465,1115),(465,1116),(466,1117),(466,1118),(467,1119),(467,1120),(468,1121),(468,1122),(468,1123),(469,1124),(470,1125),(470,1126),(471,1127),(471,1128),(472,1129),(472,1130),(473,1131),(473,1132),(474,1133),(474,1134),(475,1135),(475,1136),(475,1137),(476,1138),(476,1139),(477,1140),(478,1141),(478,1142),(478,1143),(479,1144),(480,1145),(480,1146),(481,1147),(481,1148),(482,1149),(483,1150),(483,1151),(483,1152),(484,1153),(484,1154),(485,1155),(485,1156),(486,1157),(486,1158),(487,1159),(487,1160),(487,1161),(488,1162),(488,1163),(489,1164),(490,1165),(490,1166),(491,1167),(492,1168),(492,1169),(492,1170),(493,1171),(493,1172),(494,1173),(495,1174),(496,1175),(496,1176),(497,1177),(497,1178),(497,1179),(498,1180),(499,1181),(499,1182),(499,1183),(500,1184);
