INSERT INTO item (id,created_by,created_date,last_modified_by,last_modified_date,quantity,book_id) VALUES (1,'1',timestamp '1994-04-20 10:45:06','1',timestamp '1994-04-20 10:45:06',3,285),(2,'1',timestamp '1996-12-23 09:46:32','1',timestamp '1996-12-23 09:46:32',3,898),(3,'1',timestamp '2013-06-13 08:48:29','1',timestamp '2013-06-13 08:48:29',3,667),(4,'1',timestamp '2008-12-04 09:21:18','1',timestamp '2008-12-04 09:21:18',4,368),(5,'1',timestamp '1996-03-09 11:01:24','1',timestamp '1996-03-09 11:01:24',3,627),(6,'1',timestamp '1996-07-14 08:45:53','1',timestamp '1996-07-14 08:45:53',2,535),(7,'1',timestamp '2015-10-10 08:43:49','1',timestamp '2015-10-10 08:43:49',1,385),(8,'1',timestamp '2002-11-27 09:11:43','1',timestamp '2002-11-27 09:11:43',1,844),(9,'1',timestamp '2006-07-25 09:55:46','1',timestamp '2006-07-25 09:55:46',2,85),(10,'1',timestamp '2015-05-25 11:07:05','1',timestamp '2015-05-25 11:07:05',2,81),(11,'1',timestamp '2001-04-12 10:55:40','1',timestamp '2001-04-12 10:55:40',3,296),(12,'1',timestamp '2001-08-23 09:03:42','1',timestamp '2001-08-23 09:03:42',2,472),(13,'1',timestamp '2006-04-05 11:02:56','1',timestamp '2006-04-05 11:02:56',2,70),(14,'1',timestamp '2009-04-29 10:07:07','1',timestamp '2009-04-29 10:07:07',2,211),(15,'1',timestamp '2015-07-02 08:38:45','1',timestamp '2015-07-02 08:38:45',2,608),(16,'1',timestamp '2019-06-27 09:54:09','1',timestamp '2019-06-27 09:54:09',3,99),(17,'1',timestamp '2000-05-23 10:23:24','1',timestamp '2000-05-23 10:23:24',1,847),(18,'1',timestamp '2002-10-29 08:57:45','1',timestamp '2002-10-29 08:57:45',1,206),(19,'1',timestamp '2006-05-23 10:07:18','1',timestamp '2006-05-23 10:07:18',1,502),(20,'1',timestamp '2019-05-23 10:19:34','1',timestamp '2019-05-23 10:19:34',2,748),(21,'1',timestamp '2015-07-19 09:30:49','1',timestamp '2015-07-19 09:30:49',2,373),(22,'1',timestamp '2003-05-23 10:20:39','1',timestamp '2003-05-23 10:20:39',3,592),(23,'1',timestamp '1993-08-11 10:26:48','1',timestamp '1993-08-11 10:26:48',3,974),(24,'1',timestamp '2018-02-15 11:00:08','1',timestamp '2018-02-15 11:00:08',2,76),(25,'1',timestamp '2013-05-21 11:04:00','1',timestamp '2013-05-21 11:04:00',3,771),(26,'1',timestamp '2006-10-06 08:56:18','1',timestamp '2006-10-06 08:56:18',2,51),(27,'1',timestamp '2010-07-21 09:02:09','1',timestamp '2010-07-21 09:02:09',2,584),(28,'1',timestamp '2001-11-11 10:09:18','1',timestamp '2001-11-11 10:09:18',2,352),(29,'1',timestamp '2008-04-04 09:13:36','1',timestamp '2008-04-04 09:13:36',3,964),(30,'1',timestamp '1997-05-25 10:23:29','1',timestamp '1997-05-25 10:23:29',3,91),(31,'1',timestamp '1997-01-27 10:12:04','1',timestamp '1997-01-27 10:12:04',2,583),(32,'1',timestamp '1994-05-19 10:58:51','1',timestamp '1994-05-19 10:58:51',3,464),(33,'1',timestamp '2019-02-10 09:46:52','1',timestamp '2019-02-10 09:46:52',2,940),(34,'1',timestamp '2012-07-11 08:45:46','1',timestamp '2012-07-11 08:45:46',3,2),(35,'1',timestamp '2012-07-13 10:59:52','1',timestamp '2012-07-13 10:59:52',2,948),(36,'1',timestamp '2017-10-09 09:02:50','1',timestamp '2017-10-09 09:02:50',2,431),(37,'1',timestamp '2006-04-29 09:00:13','1',timestamp '2006-04-29 09:00:13',3,173),(38,'1',timestamp '2009-10-20 09:55:17','1',timestamp '2009-10-20 09:55:17',1,569),(39,'1',timestamp '2016-03-19 11:03:55','1',timestamp '2016-03-19 11:03:55',2,808),(40,'1',timestamp '2014-02-22 11:03:39','1',timestamp '2014-02-22 11:03:39',3,946),(41,'1',timestamp '1998-11-03 10:30:03','1',timestamp '1998-11-03 10:30:03',2,671),(42,'1',timestamp '2017-07-26 10:37:01','1',timestamp '2017-07-26 10:37:01',3,59),(43,'1',timestamp '1995-06-16 09:44:19','1',timestamp '1995-06-16 09:44:19',2,759),(44,'1',timestamp '2015-09-25 08:36:57','1',timestamp '2015-09-25 08:36:57',4,437),(45,'1',timestamp '2014-07-04 09:11:17','1',timestamp '2014-07-04 09:11:17',3,195),(46,'1',timestamp '2006-07-15 09:36:46','1',timestamp '2006-07-15 09:36:46',3,970),(47,'1',timestamp '2017-02-01 08:29:26','1',timestamp '2017-02-01 08:29:26',3,581),(48,'1',timestamp '2002-03-14 11:05:17','1',timestamp '2002-03-14 11:05:17',3,136),(49,'1',timestamp '2006-06-14 10:27:25','1',timestamp '2006-06-14 10:27:25',4,95),(50,'1',timestamp '2016-10-13 10:36:28','1',timestamp '2016-10-13 10:36:28',3,73),(51,'1',timestamp '1996-11-02 08:58:31','1',timestamp '1996-11-02 08:58:31',1,843),(52,'1',timestamp '2006-05-18 08:30:49','1',timestamp '2006-05-18 08:30:49',2,685),(53,'1',timestamp '2013-05-28 10:55:13','1',timestamp '2013-05-28 10:55:13',3,310),(54,'1',timestamp '2006-02-02 09:59:54','1',timestamp '2006-02-02 09:59:54',3,184),(55,'1',timestamp '1994-05-28 10:50:53','1',timestamp '1994-05-28 10:50:53',3,912),(56,'1',timestamp '2016-09-15 10:16:34','1',timestamp '2016-09-15 10:16:34',3,751),(57,'1',timestamp '2007-06-07 08:47:18','1',timestamp '2007-06-07 08:47:18',2,5),(58,'1',timestamp '2008-05-19 09:45:30','1',timestamp '2008-05-19 09:45:30',3,250),(59,'1',timestamp '2007-06-24 10:44:36','1',timestamp '2007-06-24 10:44:36',2,844),(60,'1',timestamp '2018-08-01 11:00:01','1',timestamp '2018-08-01 11:00:01',3,162),(61,'1',timestamp '2000-05-31 09:09:31','1',timestamp '2000-05-31 09:09:31',4,349),(62,'1',timestamp '2013-07-07 09:36:28','1',timestamp '2013-07-07 09:36:28',3,169),(63,'1',timestamp '2017-08-05 09:21:32','1',timestamp '2017-08-05 09:21:32',3,677),(64,'1',timestamp '1996-09-09 10:02:10','1',timestamp '1996-09-09 10:02:10',2,62),(65,'1',timestamp '2012-03-21 08:56:14','1',timestamp '2012-03-21 08:56:14',4,945),(66,'1',timestamp '2020-04-05 10:24:39','1',timestamp '2020-04-05 10:24:39',3,897),(67,'1',timestamp '2000-06-04 08:35:28','1',timestamp '2000-06-04 08:35:28',4,622),(68,'1',timestamp '1994-02-06 10:55:21','1',timestamp '1994-02-06 10:55:21',1,587),(69,'1',timestamp '1996-06-04 10:00:18','1',timestamp '1996-06-04 10:00:18',3,404),(70,'1',timestamp '2002-04-23 10:44:52','1',timestamp '2002-04-23 10:44:52',2,326),(71,'1',timestamp '1996-03-25 11:13:05','1',timestamp '1996-03-25 11:13:05',4,637),(72,'1',timestamp '1995-06-21 10:33:21','1',timestamp '1995-06-21 10:33:21',2,564),(73,'1',timestamp '2011-01-19 09:14:23','1',timestamp '2011-01-19 09:14:23',3,553),(74,'1',timestamp '2020-01-19 09:09:47','1',timestamp '2020-01-19 09:09:47',1,418),(75,'1',timestamp '2007-11-05 10:38:05','1',timestamp '2007-11-05 10:38:05',2,909),(76,'1',timestamp '2003-11-20 10:00:10','1',timestamp '2003-11-20 10:00:10',1,721),(77,'1',timestamp '2018-04-22 08:26:52','1',timestamp '2018-04-22 08:26:52',1,802),(78,'1',timestamp '1999-01-01 10:41:57','1',timestamp '1999-01-01 10:41:57',2,123),(79,'1',timestamp '2013-08-05 10:54:49','1',timestamp '2013-08-05 10:54:49',3,721),(80,'1',timestamp '1996-07-29 09:27:47','1',timestamp '1996-07-29 09:27:47',2,923),(81,'1',timestamp '2011-06-19 09:29:13','1',timestamp '2011-06-19 09:29:13',4,145),(82,'1',timestamp '2009-12-07 08:32:58','1',timestamp '2009-12-07 08:32:58',3,559),(83,'1',timestamp '1999-05-24 09:08:25','1',timestamp '1999-05-24 09:08:25',2,216),(84,'1',timestamp '2019-07-09 10:59:17','1',timestamp '2019-07-09 10:59:17',2,927),(85,'1',timestamp '2017-03-04 09:51:12','1',timestamp '2017-03-04 09:51:12',1,313),(86,'1',timestamp '1996-08-05 08:53:11','1',timestamp '1996-08-05 08:53:11',2,962),(87,'1',timestamp '1996-04-08 10:51:05','1',timestamp '1996-04-08 10:51:05',3,557),(88,'1',timestamp '1996-08-13 10:54:15','1',timestamp '1996-08-13 10:54:15',1,153),(89,'1',timestamp '2014-03-19 08:27:34','1',timestamp '2014-03-19 08:27:34',3,563),(90,'1',timestamp '2005-02-20 08:35:13','1',timestamp '2005-02-20 08:35:13',3,909),(91,'1',timestamp '2000-02-24 10:31:28','1',timestamp '2000-02-24 10:31:28',3,979),(92,'1',timestamp '2006-05-04 11:06:14','1',timestamp '2006-05-04 11:06:14',2,977),(93,'1',timestamp '2001-06-19 09:05:56','1',timestamp '2001-06-19 09:05:56',3,621),(94,'1',timestamp '1998-01-24 10:34:33','1',timestamp '1998-01-24 10:34:33',1,306),(95,'1',timestamp '2006-08-14 10:43:44','1',timestamp '2006-08-14 10:43:44',3,243),(96,'1',timestamp '1999-02-21 08:55:45','1',timestamp '1999-02-21 08:55:45',2,50),(97,'1',timestamp '2009-09-19 09:06:03','1',timestamp '2009-09-19 09:06:03',1,262),(98,'1',timestamp '2005-07-23 08:44:10','1',timestamp '2005-07-23 08:44:10',4,646),(99,'1',timestamp '2010-01-22 09:06:12','1',timestamp '2010-01-22 09:06:12',2,969),(100,'1',timestamp '2009-09-18 08:42:10','1',timestamp '2009-09-18 08:42:10',4,117),(101,'1',timestamp '2016-04-07 10:40:28','1',timestamp '2016-04-07 10:40:28',2,39),(102,'1',timestamp '1998-04-07 10:26:02','1',timestamp '1998-04-07 10:26:02',2,44),(103,'1',timestamp '2008-03-28 10:06:19','1',timestamp '2008-03-28 10:06:19',3,382),(104,'1',timestamp '2001-09-07 09:04:18','1',timestamp '2001-09-07 09:04:18',3,880),(105,'1',timestamp '1995-01-09 09:06:23','1',timestamp '1995-01-09 09:06:23',2,652),(106,'1',timestamp '2015-04-22 09:10:04','1',timestamp '2015-04-22 09:10:04',3,531),(107,'1',timestamp '1998-09-03 10:08:47','1',timestamp '1998-09-03 10:08:47',1,939),(108,'1',timestamp '2015-06-18 09:13:12','1',timestamp '2015-06-18 09:13:12',1,368),(109,'1',timestamp '2006-04-15 09:12:16','1',timestamp '2006-04-15 09:12:16',1,472),(110,'1',timestamp '2013-09-26 08:43:24','1',timestamp '2013-09-26 08:43:24',4,123),(111,'1',timestamp '2007-10-29 10:16:27','1',timestamp '2007-10-29 10:16:27',2,359),(112,'1',timestamp '2003-04-30 10:20:35','1',timestamp '2003-04-30 10:20:35',2,317),(113,'1',timestamp '2011-05-05 10:15:48','1',timestamp '2011-05-05 10:15:48',3,691),(114,'1',timestamp '2000-08-23 08:33:29','1',timestamp '2000-08-23 08:33:29',1,160),(115,'1',timestamp '2002-07-17 10:34:22','1',timestamp '2002-07-17 10:34:22',4,536),(116,'1',timestamp '1995-01-16 10:59:13','1',timestamp '1995-01-16 10:59:13',4,94),(117,'1',timestamp '2000-07-12 10:56:24','1',timestamp '2000-07-12 10:56:24',3,637),(118,'1',timestamp '1996-02-28 10:08:28','1',timestamp '1996-02-28 10:08:28',3,411),(119,'1',timestamp '1998-08-07 09:53:24','1',timestamp '1998-08-07 09:53:24',1,864),(120,'1',timestamp '2005-06-04 08:45:33','1',timestamp '2005-06-04 08:45:33',2,616),(121,'1',timestamp '2010-05-31 10:25:49','1',timestamp '2010-05-31 10:25:49',2,719),(122,'1',timestamp '2005-05-14 09:31:15','1',timestamp '2005-05-14 09:31:15',1,456),(123,'1',timestamp '1996-10-01 09:30:14','1',timestamp '1996-10-01 09:30:14',4,443),(124,'1',timestamp '1998-09-12 09:47:53','1',timestamp '1998-09-12 09:47:53',4,806),(125,'1',timestamp '2016-05-02 10:06:43','1',timestamp '2016-05-02 10:06:43',3,526),(126,'1',timestamp '2012-10-01 10:50:53','1',timestamp '2012-10-01 10:50:53',3,825),(127,'1',timestamp '2006-05-08 11:00:25','1',timestamp '2006-05-08 11:00:25',3,680),(128,'1',timestamp '2005-06-21 08:29:59','1',timestamp '2005-06-21 08:29:59',3,60),(129,'1',timestamp '2015-04-01 08:42:32','1',timestamp '2015-04-01 08:42:32',3,559),(130,'1',timestamp '2012-12-01 09:27:33','1',timestamp '2012-12-01 09:27:33',1,422),(131,'1',timestamp '2006-01-01 09:47:33','1',timestamp '2006-01-01 09:47:33',2,792),(132,'1',timestamp '1995-04-28 11:06:52','1',timestamp '1995-04-28 11:06:52',3,228),(133,'1',timestamp '2011-05-02 09:02:05','1',timestamp '2011-05-02 09:02:05',2,122),(134,'1',timestamp '2009-02-15 09:48:19','1',timestamp '2009-02-15 09:48:19',3,701),(135,'1',timestamp '2019-02-28 10:32:21','1',timestamp '2019-02-28 10:32:21',4,700),(136,'1',timestamp '2011-07-11 10:09:24','1',timestamp '2011-07-11 10:09:24',2,635),(137,'1',timestamp '2000-03-15 09:55:24','1',timestamp '2000-03-15 09:55:24',3,846),(138,'1',timestamp '1993-04-21 10:09:51','1',timestamp '1993-04-21 10:09:51',1,132),(139,'1',timestamp '2017-03-25 10:31:14','1',timestamp '2017-03-25 10:31:14',2,814),(140,'1',timestamp '2006-08-23 11:01:07','1',timestamp '2006-08-23 11:01:07',3,597),(141,'1',timestamp '2020-03-15 09:44:18','1',timestamp '2020-03-15 09:44:18',3,366),(142,'1',timestamp '2003-05-25 11:05:00','1',timestamp '2003-05-25 11:05:00',3,414),(143,'1',timestamp '2019-10-12 10:27:59','1',timestamp '2019-10-12 10:27:59',3,217),(144,'1',timestamp '1995-01-03 09:23:46','1',timestamp '1995-01-03 09:23:46',2,973),(145,'1',timestamp '2010-08-17 08:57:35','1',timestamp '2010-08-17 08:57:35',2,631),(146,'1',timestamp '1997-12-08 10:03:19','1',timestamp '1997-12-08 10:03:19',2,980),(147,'1',timestamp '1994-11-06 09:55:01','1',timestamp '1994-11-06 09:55:01',2,740),(148,'1',timestamp '2015-07-25 09:48:28','1',timestamp '2015-07-25 09:48:28',2,231),(149,'1',timestamp '2010-10-22 10:27:36','1',timestamp '2010-10-22 10:27:36',3,372),(150,'1',timestamp '1999-08-08 08:48:32','1',timestamp '1999-08-08 08:48:32',3,254),(151,'1',timestamp '2011-02-24 10:40:57','1',timestamp '2011-02-24 10:40:57',3,440),(152,'1',timestamp '2000-12-12 08:48:54','1',timestamp '2000-12-12 08:48:54',3,530),(153,'1',timestamp '2001-11-16 10:31:23','1',timestamp '2001-11-16 10:31:23',2,208),(154,'1',timestamp '2001-03-19 09:36:46','1',timestamp '2001-03-19 09:36:46',3,183),(155,'1',timestamp '1998-09-12 10:21:19','1',timestamp '1998-09-12 10:21:19',4,958),(156,'1',timestamp '2004-07-02 11:00:10','1',timestamp '2004-07-02 11:00:10',2,333),(157,'1',timestamp '2007-04-01 09:46:34','1',timestamp '2007-04-01 09:46:34',3,892),(158,'1',timestamp '2003-11-08 10:18:23','1',timestamp '2003-11-08 10:18:23',3,544),(159,'1',timestamp '2007-09-26 09:28:46','1',timestamp '2007-09-26 09:28:46',3,285),(160,'1',timestamp '2004-12-16 09:39:35','1',timestamp '2004-12-16 09:39:35',4,24),(161,'1',timestamp '2000-01-14 09:18:34','1',timestamp '2000-01-14 09:18:34',3,215),(162,'1',timestamp '2009-01-20 10:33:43','1',timestamp '2009-01-20 10:33:43',3,515),(163,'1',timestamp '1993-12-21 08:46:19','1',timestamp '1993-12-21 08:46:19',4,414),(164,'1',timestamp '2014-04-27 08:33:12','1',timestamp '2014-04-27 08:33:12',2,56),(165,'1',timestamp '2014-06-15 10:02:22','1',timestamp '2014-06-15 10:02:22',2,36),(166,'1',timestamp '2006-03-22 08:32:45','1',timestamp '2006-03-22 08:32:45',3,17),(167,'1',timestamp '2019-12-20 08:53:41','1',timestamp '2019-12-20 08:53:41',4,393),(168,'1',timestamp '2009-10-18 11:10:59','1',timestamp '2009-10-18 11:10:59',1,116),(169,'1',timestamp '2009-05-19 11:09:06','1',timestamp '2009-05-19 11:09:06',3,972),(170,'1',timestamp '1996-04-15 08:48:23','1',timestamp '1996-04-15 08:48:23',2,319),(171,'1',timestamp '2010-03-21 08:36:29','1',timestamp '2010-03-21 08:36:29',2,266),(172,'1',timestamp '2004-09-13 09:27:34','1',timestamp '2004-09-13 09:27:34',2,806),(173,'1',timestamp '2018-01-17 09:00:34','1',timestamp '2018-01-17 09:00:34',2,230),(174,'1',timestamp '2010-07-20 09:27:07','1',timestamp '2010-07-20 09:27:07',2,431),(175,'1',timestamp '2004-07-02 11:01:50','1',timestamp '2004-07-02 11:01:50',3,414),(176,'1',timestamp '1998-02-24 09:18:26','1',timestamp '1998-02-24 09:18:26',1,350),(177,'1',timestamp '1995-02-17 09:01:36','1',timestamp '1995-02-17 09:01:36',3,72),(178,'1',timestamp '2001-07-05 08:53:20','1',timestamp '2001-07-05 08:53:20',3,743),(179,'1',timestamp '2019-09-18 08:50:16','1',timestamp '2019-09-18 08:50:16',3,787),(180,'1',timestamp '2008-11-29 08:28:25','1',timestamp '2008-11-29 08:28:25',2,810),(181,'1',timestamp '2004-09-24 10:14:05','1',timestamp '2004-09-24 10:14:05',4,439),(182,'1',timestamp '2002-09-01 08:30:59','1',timestamp '2002-09-01 08:30:59',3,452),(183,'1',timestamp '1999-04-05 10:54:00','1',timestamp '1999-04-05 10:54:00',2,533),(184,'1',timestamp '2015-07-08 08:28:49','1',timestamp '2015-07-08 08:28:49',4,334),(185,'1',timestamp '1996-04-01 11:08:36','1',timestamp '1996-04-01 11:08:36',2,217),(186,'1',timestamp '1996-01-13 09:58:50','1',timestamp '1996-01-13 09:58:50',4,244),(187,'1',timestamp '2000-08-24 08:58:05','1',timestamp '2000-08-24 08:58:05',2,520),(188,'1',timestamp '2007-11-10 09:20:09','1',timestamp '2007-11-10 09:20:09',3,916),(189,'1',timestamp '2003-03-31 10:31:03','1',timestamp '2003-03-31 10:31:03',3,632),(190,'1',timestamp '1993-11-17 11:09:49','1',timestamp '1993-11-17 11:09:49',3,762),(191,'1',timestamp '2005-03-22 10:48:05','1',timestamp '2005-03-22 10:48:05',4,251),(192,'1',timestamp '1999-10-20 10:37:02','1',timestamp '1999-10-20 10:37:02',2,176),(193,'1',timestamp '2012-05-19 10:00:22','1',timestamp '2012-05-19 10:00:22',3,316),(194,'1',timestamp '2019-10-19 10:37:15','1',timestamp '2019-10-19 10:37:15',4,329),(195,'1',timestamp '1993-06-14 10:33:53','1',timestamp '1993-06-14 10:33:53',3,677),(196,'1',timestamp '2016-05-26 09:11:53','1',timestamp '2016-05-26 09:11:53',3,659),(197,'1',timestamp '2008-12-01 08:54:22','1',timestamp '2008-12-01 08:54:22',4,493),(198,'1',timestamp '2002-11-17 10:45:10','1',timestamp '2002-11-17 10:45:10',4,445),(199,'1',timestamp '1998-04-14 08:59:57','1',timestamp '1998-04-14 08:59:57',1,407),(200,'1',timestamp '2014-10-03 08:54:04','1',timestamp '2014-10-03 08:54:04',1,164);

INSERT INTO cart (id,created_by,created_date,last_modified_by,last_modified_date,is_committed,stripe_client_secret,stripe_payment_intent_id) VALUES
(1,'1',null,'1',null,false,null,null),
(2,'1',null,'1',null,false,null,null),
(3,'1',null,'1',null,false,null,null),
(4,'1',null,'1',null,false,null,null),
(5,'1',null,'1',null,false,null,null),
(6,'1',null,'1',null,false,null,null),
(7,'1',null,'1',null,false,null,null),
(8,'1',null,'1',null,false,null,null),
(9,'1',null,'1',null,false,null,null),
(10,'1',null,'1',null,false,null,null),
(11,'1',null,'1',null,false,null,null),
(12,'1',null,'1',null,false,null,null),
(13,'1',null,'1',null,false,null,null),
(14,'1',null,'1',null,false,null,null),
(15,'1',null,'1',null,false,null,null),
(16,'1',null,'1',null,false,null,null),
(17,'1',null,'1',null,false,null,null),
(18,'1',null,'1',null,false,null,null),
(19,'1',null,'1',null,false,null,null),
(20,'1',null,'1',null,false,null,null),
(21,'1',null,'1',null,false,null,null),
(22,'1',null,'1',null,false,null,null),
(23,'1',null,'1',null,false,null,null),
(24,'1',null,'1',null,false,null,null),
(25,'1',null,'1',null,false,null,null),
(26,'1',null,'1',null,false,null,null),
(27,'1',null,'1',null,false,null,null),
(28,'1',null,'1',null,false,null,null),
(29,'1',null,'1',null,false,null,null),
(30,'1',null,'1',null,false,null,null),
(31,'1',null,'1',null,false,null,null),
(32,'1',null,'1',null,false,null,null),
(33,'1',null,'1',null,false,null,null),
(34,'1',null,'1',null,false,null,null),
(35,'1',null,'1',null,false,null,null),
(36,'1',null,'1',null,false,null,null),
(37,'1',null,'1',null,false,null,null),
(38,'1',null,'1',null,false,null,null),
(39,'1',null,'1',null,false,null,null),
(40,'1',null,'1',null,false,null,null),
(41,'1',null,'1',null,false,null,null),
(42,'1',null,'1',null,false,null,null),
(43,'1',null,'1',null,false,null,null),
(44,'1',null,'1',null,false,null,null),
(45,'1',null,'1',null,false,null,null),
(46,'1',null,'1',null,false,null,null),
(47,'1',null,'1',null,false,null,null),
(48,'1',null,'1',null,false,null,null),
(49,'1',null,'1',null,false,null,null),
(50,'1',null,'1',null,false,null,null),
(51,'1',null,'1',null,false,null,null),
(52,'1',null,'1',null,false,null,null),
(53,'1',null,'1',null,false,null,null),
(54,'1',null,'1',null,false,null,null),
(55,'1',null,'1',null,false,null,null),
(56,'1',null,'1',null,false,null,null),
(57,'1',null,'1',null,false,null,null),
(58,'1',null,'1',null,false,null,null),
(59,'1',null,'1',null,false,null,null),
(60,'1',null,'1',null,false,null,null),
(61,'1',null,'1',null,false,null,null),
(62,'1',null,'1',null,false,null,null),
(63,'1',null,'1',null,false,null,null),
(64,'1',null,'1',null,false,null,null);

INSERT INTO cart_items (cart_id,items_id) VALUES (63,1),(49,2),(49,3),(53,4),(27,5),(30,6),(58,7),(37,8),(18,9),(35,10),(24,11),(52,12),(52,13),(26,14),(43,15),(37,16),(24,17),(42,18),(50,19),(26,20),(41,21),(22,22),(56,23),(39,24),(11,25),(31,26),(53,27),(31,28),(23,29),(59,30),(39,31),(46,32),(16,33),(28,34),(36,35),(22,36),(44,37),(2,38),(54,39),(51,40),(23,41),(64,42),(30,43),(43,44),(61,45),(18,46),(34,47),(47,48),(20,49),(45,50),(16,51),(39,52),(44,53),(21,54),(44,55),(15,56),(63,57),(58,58),(6,59),(4,60),(5,61),(58,62),(37,63),(34,64),(42,65),(26,66),(50,67),(26,68),(38,69),(24,70),(12,71),(43,72),(8,73),(4,74),(25,75),(26,76),(58,77),(39,78),(56,79),(39,80),(7,81),(63,82),(38,83),(48,84),(50,85),(38,86),(10,87),(19,88),(56,89),(5,90),(50,91),(43,92),(37,93),(37,94),(9,95),(5,96),(18,97),(24,98),(2,99),(43,100),(64,101),(56,102),(6,103),(26,104),(25,105),(42,106),(17,107),(61,108),(44,109),(64,110),(44,111),(4,112),(24,113),(17,114),(13,115),(35,116),(49,117),(6,118),(44,119),(13,120),(64,121),(7,122),(49,123),(54,124),(57,125),(17,126),(24,127),(13,128),(63,129),(10,130),(51,131),(11,132),(15,133),(26,134),(4,135),(44,136),(15,137),(4,138),(60,139),(45,140),(64,141),(13,142),(30,143),(42,144),(29,145),(61,146),(11,147),(49,148),(19,149),(28,150),(39,151),(22,152),(9,153),(49,154),(16,155),(20,156),(39,157),(22,158),(29,159),(9,160),(13,161),(14,162),(10,163),(59,164),(32,165),(62,166),(50,167),(5,168),(20,169),(43,170),(17,171),(23,172),(45,173),(11,174),(5,175),(22,176),(44,177),(42,178),(35,179),(28,180),(59,181),(27,182),(35,183),(61,184),(33,185),(3,186),(44,187),(33,188),(45,189),(2,190),(56,191),(41,192),(35,193),(45,194),(15,195),(55,196),(55,197),(61,198),(23,199),(22,200);

INSERT INTO profile (id,created_by,created_date,last_modified_by,last_modified_date,birth_date,first_name,gender,last_name,phone) VALUES
(1,'1',null,'1',null,null,'firstmarket','UNDEFINED','admin','123456789'),
(2,'1',null,'1',null,date '2013-09-02','Peter','MALE','Parker','123456789'),
(3,'1',null,'1',null,date '2012-12-24','Marco','MALE','Polo','123456789'),
(4,'1',null,'1',null,date '1987-10-04','Misrraim','MALE','Suárez Pérez','123456789'),
(5,'1',null,'1',null,date '1998-11-30','Lucinda','FEMALE','Lages','123456789'),
(6,'1',null,'1',null,date '2000-12-31','Luis','MALE','Vizcaíno Dávila','123456789'),
(7,'1',null,'1',null,date '1900-12-31','Marta','FEMALE','Piñero','123456789'),
(8,'1',null,'1',null,date '1949-11-23','Tomas','MALE','Pérez','123456789'),
(9,'1',null,'1',null,date '1954-10-19','Carlos','MALE','Gómez','123456789'),
(10,'1',null,'1',null,date '1997-04-14','Jabel','MALE','Suárez','123456789'),
(11,'1',null,'1',null,date '1994-09-30','Irene','FEMALE','Hernández','123456789'),
(12,'1',null,'1',null,date '1993-08-31','Felix','MALE','El Gato','123456789'),
(13,'1',null,'1',null,date '1990-12-29','Alicia','FEMALE','Escudero','123456789'),
(14,'1',null,'1',null,date '1996-05-20','Debora','FEMALE','Hombres','123456789'),
(15,'1',null,'1',null,date '1998-09-14','Jon','MALE','McBill','123456789'),
(16,'1',null,'1',null,date '1988-06-17','Karl','MALE','Gauss','123456789'),
(17,'1',null,'1',null,date '2001-01-01','Gupta','MALE','Arjani','123456789'),
(18,'1',null,'1',null,date '2002-02-02','Amesh','FEMALE','Sinhtra','123456789'),
(19,'1',null,'1',null,date '2003-03-03','Giancarlo','MALE','Ponzo','123456789'),
(20,'1',null,'1',null,date '2004-04-04','Mauricio','MALE','Lemos','123456789'),
(21,'1',null,'1',null,date '2005-05-05','Tobbias','MALE','Hunter','123456789'),
(22,'1',null,'1',null,date '2006-06-06','Fátima','FEMALE','Pérez','123456789'),
(23,'1',null,'1',null,date '2007-07-07','César','MALE','Suárez','123456789'),
(24,'1',null,'1',null,date '2008-08-08','Francisco','MALE','Marhuenda','123456789'),
(25,'1',null,'1',null,date '2009-09-09','Arima','FEMALE','Vega','123456789'),
(26,'1',null,'1',null,date '2000-01-12','Rosa','FEMALE','Pérez','123456789'),
(27,'1',null,'1',null,date '2001-12-26','Sebastián','MALE','Pérez','123456789'),
(28,'1',null,'1',null,date '2003-10-22','Gabriel','MALE','Suárez','123456789'),
(29,'1',null,'1',null,date '2004-07-21','Josefa','FEMALE','Polo','123456789'),
(30,'1',null,'1',null,date '1997-04-20','María','FEMALE','Hernández','123456789'),
(31,'1',null,'1',null,date '1987-11-11','Gazmira','FEMALE','Suárez','123456789'),
(32,'1',null,'1',null,date '1935-03-15','Enzo','MALE','Benítez','123456789'),
(33,'1',null,'1',null,date '1936-03-24','Fabricio','MALE','Benítez','123456789'),
(34,'1',null,'1',null,date '1992-02-28','Manuel','MALE','Suárez','123456789'),
(35,'1',null,'1',null,date '1957-02-28','Aarón','MALE','Suárez','123456789'),
(36,'1',null,'1',null,null,'Jacob','MALE','Travieso','123456789'),
(37,'1',null,'1',null,date '1969-03-29','Moises','MALE','Suárez','123456789'),
(38,'1',null,'1',null,null,'Ramses','MALE','Segundo','123456789'),
(39,'1',null,'1',null,date '1963-03-24','Aníbal','MALE','Lekter','123456789'),
(40,'1',null,'1',null,null,'Jonathan','MALE','Abrante Tejera','123456789'),
(41,'1',null,'1',null,date '1991-07-31','Magdalena','FEMALE','Gutiérrez','123456789'),
(42,'1',null,'1',null,null,'Samantha','FEMALE','Polo','123456789'),
(43,'1',null,'1',null,date '2002-01-24','Ágata','FEMALE','Dos Reis','123456789'),
(44,'1',null,'1',null,null,'Arminda','FEMALE','Rainha','123456789'),
(45,'1',null,'1',null,date '2010-12-19','Doramas','MALE','Rey','123456789'),
(46,'1',null,'1',null,null,'Francisco','MALE','Vega','123456789'),
(47,'1',null,'1',null,date '1997-08-10','José','MALE','Pérez','123456789'),
(48,'1',null,'1',null,null,'Jesús','MALE','De Nazaret','123456789'),
(49,'1',null,'1',null,date '2000-05-13','Antonio','MALE','Morales','123456789'),
(50,'1',null,'1',null,null,'Antonio','MALE','Piñero','123456789'),
(51,'1',null,'1',null,date '1958-12-22','Óscar','MALE','Rojo','123456789'),
(52,'1',null,'1',null,null,'Jon','MALE','Smith','123456789'),
(53,'1',null,'1',null,date '1985-10-12','Barry','MALE','Lambert','123456789'),
(54,'1',null,'1',null,null,'Claude','MALE','Demond','123456789'),
(55,'1',null,'1',null,date '1999-12-22','Mariana','FEMALE','Cándida','123456789'),
(56,'1',null,'1',null,null,'Arley','MALE','Mauricio','123456789'),
(57,'1',null,'1',null,date '1939-01-02','Pamela','FEMALE','Anderson','123456789'),
(58,'1',null,'1',null,null,'Fernando','MALE','Leite','123456789'),
(59,'1',null,'1',null,date '1968-11-22','Cristina','FEMALE','Pedroche','123456789'),
(60,'1',null,'1',null,null,'Emmanuel','MALE','Solana','123456789'),
(61,'1',null,'1',null,null,'Ainara','FEMALE','Samperio','123456789'),
(62,'1',null,'1',null,date '1958-12-25','Iker','MALE','Casillas','123456789'),
(63,'1',null,'1',null,null,'Diamantino','MALE','Peixoto','123456789'),
(64,'1',null,'1',null,null,'Duarte','MALE','Fernandes','123456789');


INSERT INTO usuario (id,created_by,created_date,last_modified_by,last_modified_date,email,completed,suspended,account_locked,account_expired,credentials_expired,password,cart_id,profile_id) VALUES
(1,'1',timestamp '2019-06-23 23:56:17','1',null,'admin@fm.com',true,false,false,false,false,'$2a$10$b6cNYRchyum58sJw3BrS2OYRm9GiqRYDwlHTLKFY3fdD/kRS2GL0G',1,1),
(2,'1',timestamp '2019-06-23 22:56:17','1',null,'peter2@fm.com',true,false,false,false,false,'$2a$10$b6cNYRchyum58sJw3BrS2OYRm9GiqRYDwlHTLKFY3fdD/kRS2GL0G',2,2),
(3,'1',timestamp '2019-06-23 21:16:17','1',null,'marco3@fm.com',true,false,false,false,false,'$2a$10$b6cNYRchyum58sJw3BrS2OYRm9GiqRYDwlHTLKFY3fdD/kRS2GL0G',3,3),
(4,'1',timestamp '2019-06-23 21:26:17','1',null,'misrraimsp@gmail.com',true,false,false,false,false,'$2a$10$b6cNYRchyum58sJw3BrS2OYRm9GiqRYDwlHTLKFY3fdD/kRS2GL0G',4,4),
(5,'1',timestamp '2019-06-23 21:36:17','1',null,'pentagono5@fm.com',true,false,false,false,false,'$2a$10$b6cNYRchyum58sJw3BrS2OYRm9GiqRYDwlHTLKFY3fdD/kRS2GL0G',5,5),
(6,'1',timestamp '2019-06-23 21:46:17','1',null,'xavi6@fm.com',true,false,false,false,false,'$2a$10$b6cNYRchyum58sJw3BrS2OYRm9GiqRYDwlHTLKFY3fdD/kRS2GL0G',6,6),
(7,'1',timestamp '2019-06-23 21:56:57','1',null,'magic7@fm.com',true,false,false,false,false,'$2a$10$b6cNYRchyum58sJw3BrS2OYRm9GiqRYDwlHTLKFY3fdD/kRS2GL0G',7,7),
(8,'1',timestamp '2019-06-23 21:56:47','1',null,'oito8@fm.com',true,false,false,false,false,'$2a$10$b6cNYRchyum58sJw3BrS2OYRm9GiqRYDwlHTLKFY3fdD/kRS2GL0G',8,8),
(9,'1',timestamp '2019-06-23 21:56:37','1',null,'nou9@fm.com',true,false,false,false,false,'$2a$10$b6cNYRchyum58sJw3BrS2OYRm9GiqRYDwlHTLKFY3fdD/kRS2GL0G',9,9),
(10,'1',timestamp '2019-06-23 21:56:36','1',null,'tenten10@fm.com',true,false,false,false,false,'$2a$10$b6cNYRchyum58sJw3BrS2OYRm9GiqRYDwlHTLKFY3fdD/kRS2GL0G',10,10),
(11,'1',timestamp '2019-06-23 21:56:35','1',null,'eleven11@fm.com',true,false,false,false,false,'$2a$10$b6cNYRchyum58sJw3BrS2OYRm9GiqRYDwlHTLKFY3fdD/kRS2GL0G',11,11),
(12,'1',timestamp '2019-06-23 21:56:34','1',null,'twelve12@fm.com',true,false,false,false,false,'$2a$10$b6cNYRchyum58sJw3BrS2OYRm9GiqRYDwlHTLKFY3fdD/kRS2GL0G',12,12),
(13,'1',timestamp '2019-06-23 21:56:33','1',null,'crystal13@fm.com',true,false,false,false,false,'$2a$10$b6cNYRchyum58sJw3BrS2OYRm9GiqRYDwlHTLKFY3fdD/kRS2GL0G',13,13),
(14,'1',timestamp '2019-06-23 21:56:32','1',null,'tambaro14@fm.com',true,false,false,false,false,'$2a$10$b6cNYRchyum58sJw3BrS2OYRm9GiqRYDwlHTLKFY3fdD/kRS2GL0G',14,14),
(15,'1',timestamp '2019-06-23 21:56:31','1',null,'megamail15@fm.com',true,false,false,false,false,'$2a$10$b6cNYRchyum58sJw3BrS2OYRm9GiqRYDwlHTLKFY3fdD/kRS2GL0G',15,15),
(16,'1',timestamp '2019-06-23 21:56:30','1',null,'pitoniso16@fm.com',true,false,false,false,false,'$2a$10$b6cNYRchyum58sJw3BrS2OYRm9GiqRYDwlHTLKFY3fdD/kRS2GL0G',16,16),
(17,'1',timestamp '2019-06-23 21:56:29','1',null,'pythonis17@fm.com',true,false,false,false,false,'$2a$10$b6cNYRchyum58sJw3BrS2OYRm9GiqRYDwlHTLKFY3fdD/kRS2GL0G',17,17),
(18,'1',timestamp '2019-06-23 21:56:28','1',null,'javais4u18@fm.com',true,false,false,false,false,'$2a$10$b6cNYRchyum58sJw3BrS2OYRm9GiqRYDwlHTLKFY3fdD/kRS2GL0G',18,18),
(19,'1',timestamp '2019-06-23 21:56:27','1',null,'someaddress19@fm.com',true,false,false,false,false,'$2a$10$b6cNYRchyum58sJw3BrS2OYRm9GiqRYDwlHTLKFY3fdD/kRS2GL0G',19,19),
(20,'1',timestamp '2019-06-23 21:56:26','1',null,'el20@fm.com',true,false,false,false,false,'$2a$10$b6cNYRchyum58sJw3BrS2OYRm9GiqRYDwlHTLKFY3fdD/kRS2GL0G',20,20),
(21,'1',timestamp '2019-06-23 21:56:25','1',null,'hlopus21@fm.com',true,false,false,false,false,'$2a$10$b6cNYRchyum58sJw3BrS2OYRm9GiqRYDwlHTLKFY3fdD/kRS2GL0G',21,21),
(22,'1',timestamp '2019-06-23 21:56:24','1',null,'harrison22@fm.com',true,false,false,false,false,'$2a$10$b6cNYRchyum58sJw3BrS2OYRm9GiqRYDwlHTLKFY3fdD/kRS2GL0G',22,22),
(23,'1',timestamp '2019-06-23 21:56:23','1',null,'lucia23@fm.com',true,false,false,false,false,'$2a$10$b6cNYRchyum58sJw3BrS2OYRm9GiqRYDwlHTLKFY3fdD/kRS2GL0G',23,23),
(24,'1',timestamp '2019-06-23 21:56:22','1',null,'mis24@fm.com',true,false,false,false,false,'$2a$10$b6cNYRchyum58sJw3BrS2OYRm9GiqRYDwlHTLKFY3fdD/kRS2GL0G',24,24),
(25,'1',timestamp '2019-06-23 21:56:21','1',null,'mailrandom25@fm.com',true,false,false,false,false,'$2a$10$b6cNYRchyum58sJw3BrS2OYRm9GiqRYDwlHTLKFY3fdD/kRS2GL0G',25,25),
(26,'1',timestamp '2019-06-23 21:56:20','1',null,'randommail26@fm.com',true,false,false,false,false,'$2a$10$b6cNYRchyum58sJw3BrS2OYRm9GiqRYDwlHTLKFY3fdD/kRS2GL0G',26,26),
(27,'1',timestamp '2019-06-23 21:56:19','1',null,'java4u27@fm.com',true,false,false,false,false,'$2a$10$b6cNYRchyum58sJw3BrS2OYRm9GiqRYDwlHTLKFY3fdD/kRS2GL0G',27,27),
(28,'1',timestamp '2019-06-23 21:56:18','1',null,'problemon28@fm.com',true,false,false,false,false,'$2a$10$b6cNYRchyum58sJw3BrS2OYRm9GiqRYDwlHTLKFY3fdD/kRS2GL0G',28,28),
(29,'1',timestamp '2019-10-23 21:56:17','1',null,'namibia29@fm.com',true,false,false,false,false,'$2a$10$b6cNYRchyum58sJw3BrS2OYRm9GiqRYDwlHTLKFY3fdD/kRS2GL0G',29,29),
(30,'1',timestamp '2019-09-23 21:56:17','1',null,'konakri30@fm.com',true,false,false,false,false,'$2a$10$b6cNYRchyum58sJw3BrS2OYRm9GiqRYDwlHTLKFY3fdD/kRS2GL0G',30,30),
(31,'1',timestamp '2019-08-23 21:56:17','1',null,'cayuko31@fm.com',true,false,false,false,false,'$2a$10$b6cNYRchyum58sJw3BrS2OYRm9GiqRYDwlHTLKFY3fdD/kRS2GL0G',31,31),
(32,'1',timestamp '2019-07-23 21:56:17','1',null,'patera32@fm.com',true,false,false,false,false,'$2a$10$b6cNYRchyum58sJw3BrS2OYRm9GiqRYDwlHTLKFY3fdD/kRS2GL0G',32,32),
(33,'1',timestamp '2010-06-23 21:56:17','1',null,'charco33@fm.com',true,false,false,false,false,'$2a$10$b6cNYRchyum58sJw3BrS2OYRm9GiqRYDwlHTLKFY3fdD/kRS2GL0G',33,33),
(34,'1',timestamp '2011-06-23 21:56:17','1',null,'laspalmas34@fm.com',true,false,false,false,false,'$2a$10$b6cNYRchyum58sJw3BrS2OYRm9GiqRYDwlHTLKFY3fdD/kRS2GL0G',34,34),
(35,'1',timestamp '2012-06-23 21:56:17','1',null,'noteimporta35@fm.com',true,false,false,false,false,'$2a$10$b6cNYRchyum58sJw3BrS2OYRm9GiqRYDwlHTLKFY3fdD/kRS2GL0G',35,35),
(36,'1',timestamp '2013-06-23 21:56:17','1',null,'somemail36@fm.com',true,false,false,false,false,'$2a$10$b6cNYRchyum58sJw3BrS2OYRm9GiqRYDwlHTLKFY3fdD/kRS2GL0G',36,36),
(37,'1',timestamp '2014-06-23 21:56:17','1',null,'abascal37@fm.com',true,false,false,false,false,'$2a$10$b6cNYRchyum58sJw3BrS2OYRm9GiqRYDwlHTLKFY3fdD/kRS2GL0G',37,37),
(38,'1',timestamp '2015-06-23 21:56:17','1',null,'echenike38@fm.com',true,false,false,false,false,'$2a$10$b6cNYRchyum58sJw3BrS2OYRm9GiqRYDwlHTLKFY3fdD/kRS2GL0G',38,38),
(39,'1',timestamp '2016-06-23 21:56:17','1',null,'errejon39@fm.com',true,false,false,false,false,'$2a$10$b6cNYRchyum58sJw3BrS2OYRm9GiqRYDwlHTLKFY3fdD/kRS2GL0G',39,39),
(40,'1',timestamp '2017-06-23 21:56:17','1',null,'rufian40@fm.com',true,false,false,false,false,'$2a$10$b6cNYRchyum58sJw3BrS2OYRm9GiqRYDwlHTLKFY3fdD/kRS2GL0G',40,40),
(41,'1',timestamp '2018-06-23 21:56:17','1',null,'superlopez41@fm.com',true,false,false,false,false,'$2a$10$b6cNYRchyum58sJw3BrS2OYRm9GiqRYDwlHTLKFY3fdD/kRS2GL0G',41,41),
(42,'1',timestamp '2019-01-23 21:56:17','1',null,'wesley42@fm.com',true,false,false,false,false,'$2a$10$b6cNYRchyum58sJw3BrS2OYRm9GiqRYDwlHTLKFY3fdD/kRS2GL0G',42,42),
(43,'1',timestamp '2019-02-23 21:56:17','1',null,'pp43@fm.com',true,false,false,false,false,'$2a$10$b6cNYRchyum58sJw3BrS2OYRm9GiqRYDwlHTLKFY3fdD/kRS2GL0G',43,43),
(44,'1',timestamp '2019-03-23 21:56:17','1',null,'lapatri44@fm.com',true,false,false,false,false,'$2a$10$b6cNYRchyum58sJw3BrS2OYRm9GiqRYDwlHTLKFY3fdD/kRS2GL0G',44,44),
(45,'1',timestamp '2019-04-23 21:56:17','1',null,'casavigo45@fm.com',true,false,false,false,false,'$2a$10$b6cNYRchyum58sJw3BrS2OYRm9GiqRYDwlHTLKFY3fdD/kRS2GL0G',45,45),
(46,'1',timestamp '2019-05-23 21:56:17','1',null,'akiahora46@fm.com',true,false,false,false,false,'$2a$10$b6cNYRchyum58sJw3BrS2OYRm9GiqRYDwlHTLKFY3fdD/kRS2GL0G',46,46),
(47,'1',timestamp '2019-06-20 21:56:17','1',null,'xmas4u47@fm.com',true,false,false,false,false,'$2a$10$b6cNYRchyum58sJw3BrS2OYRm9GiqRYDwlHTLKFY3fdD/kRS2GL0G',47,47),
(48,'1',timestamp '2019-06-21 21:56:17','1',null,'luciernaga48@fm.com',true,false,false,false,false,'$2a$10$b6cNYRchyum58sJw3BrS2OYRm9GiqRYDwlHTLKFY3fdD/kRS2GL0G',48,48),
(49,'1',timestamp '2019-06-22 21:56:17','1',null,'luciernaga49@fm.com',true,false,false,false,false,'$2a$10$b6cNYRchyum58sJw3BrS2OYRm9GiqRYDwlHTLKFY3fdD/kRS2GL0G',49,49),
(50,'1',timestamp '2019-06-23 20:56:17','1',null,'heroku50@fm.com',true,false,false,false,false,'$2a$10$b6cNYRchyum58sJw3BrS2OYRm9GiqRYDwlHTLKFY3fdD/kRS2GL0G',50,50),
(51,'1',timestamp '2019-06-23 21:50:17','1',null,'paan51@fm.com',true,false,false,false,false,'$2a$10$b6cNYRchyum58sJw3BrS2OYRm9GiqRYDwlHTLKFY3fdD/kRS2GL0G',51,51),
(52,'1',timestamp '2019-06-23 21:51:17','1',null,'panpan52@fm.com',true,false,false,false,false,'$2a$10$b6cNYRchyum58sJw3BrS2OYRm9GiqRYDwlHTLKFY3fdD/kRS2GL0G',52,52),
(53,'1',timestamp '2019-06-23 21:52:17','1',null,'enero53@fm.com',true,false,false,false,false,'$2a$10$b6cNYRchyum58sJw3BrS2OYRm9GiqRYDwlHTLKFY3fdD/kRS2GL0G',53,53),
(54,'1',timestamp '2019-06-23 21:53:17','1',null,'cristina54@fm.com',true,false,false,false,false,'$2a$10$b6cNYRchyum58sJw3BrS2OYRm9GiqRYDwlHTLKFY3fdD/kRS2GL0G',54,54),
(55,'1',timestamp '2019-06-23 21:54:17','1',null,'muffin55@fm.com',true,false,false,false,false,'$2a$10$b6cNYRchyum58sJw3BrS2OYRm9GiqRYDwlHTLKFY3fdD/kRS2GL0G',55,55),
(56,'1',timestamp '2019-06-23 21:55:17','1',null,'horsewithnoname56@fm.com',true,false,false,false,false,'$2a$10$b6cNYRchyum58sJw3BrS2OYRm9GiqRYDwlHTLKFY3fdD/kRS2GL0G',56,56),
(57,'1',timestamp '2019-06-23 21:56:10','1',null,'lover57@fm.com',true,false,false,false,false,'$2a$10$b6cNYRchyum58sJw3BrS2OYRm9GiqRYDwlHTLKFY3fdD/kRS2GL0G',57,57),
(58,'1',timestamp '2019-06-23 21:56:11','1',null,'killer58@fm.com',true,false,false,false,false,'$2a$10$b6cNYRchyum58sJw3BrS2OYRm9GiqRYDwlHTLKFY3fdD/kRS2GL0G',58,58),
(59,'1',timestamp '2019-06-23 21:56:12','1',null,'rajoy59@fm.com',true,false,false,false,false,'$2a$10$b6cNYRchyum58sJw3BrS2OYRm9GiqRYDwlHTLKFY3fdD/kRS2GL0G',59,59),
(60,'1',timestamp '2019-06-23 21:56:13','1',null,'goku60@fm.com',true,false,false,false,false,'$2a$10$b6cNYRchyum58sJw3BrS2OYRm9GiqRYDwlHTLKFY3fdD/kRS2GL0G',60,60),
(61,'1',timestamp '2019-06-23 21:56:14','1',null,'doraemon61@fm.com',true,false,false,false,false,'$2a$10$b6cNYRchyum58sJw3BrS2OYRm9GiqRYDwlHTLKFY3fdD/kRS2GL0G',61,61),
(62,'1',timestamp '2019-06-23 21:56:15','1',null,'pikachu62@fm.com',true,false,false,false,false,'$2a$10$b6cNYRchyum58sJw3BrS2OYRm9GiqRYDwlHTLKFY3fdD/kRS2GL0G',62,62),
(63,'1',timestamp '2019-06-23 21:56:16','1',null,'lucas63@fm.com',true,false,false,false,false,'$2a$10$b6cNYRchyum58sJw3BrS2OYRm9GiqRYDwlHTLKFY3fdD/kRS2GL0G',63,63),
(64,'1',timestamp '2019-06-23 21:56:17','1',null,'paco64@fm.com',true,false,false,false,false,'$2a$10$b6cNYRchyum58sJw3BrS2OYRm9GiqRYDwlHTLKFY3fdD/kRS2GL0G',64,64);

INSERT INTO role (id,created_by,created_date,last_modified_by,last_modified_date,name) VALUES
(1,'1',null,'1',null,'ROLE_ADMIN'),
(2,'1',null,'1',null,'ROLE_USER');

INSERT INTO usuarios_roles (user_id,role_id) VALUES
(1,1),
(2,2),
(3,2),
(4,2),
(5,2),
(6,2),
(7,2),
(8,2),
(9,2),
(10,2),
(11,2),
(12,2),
(13,2),
(14,2),
(15,2),
(16,2),
(17,2),
(18,2),
(19,2),
(20,2),
(21,2),
(22,2),
(23,2),
(24,2),
(25,2),
(26,2),
(27,2),
(28,2),
(29,2),
(30,2),
(31,2),
(32,2),
(33,2),
(34,2),
(35,2),
(36,2),
(37,2),
(38,2),
(39,2),
(40,2),
(41,2),
(42,2),
(43,2),
(44,2),
(45,2),
(46,2),
(47,2),
(48,2),
(49,2),
(50,2),
(51,2),
(52,2),
(53,2),
(54,2),
(55,2),
(56,2),
(57,2),
(58,2),
(59,2),
(60,2),
(61,2),
(62,2),
(63,2),
(64,2);